Price,Close,High,Low,Open,Volume
Ticker,AAPL,AAPL,AAPL,AAPL,AAPL
Date,,,,,
2018-01-02,40.26707458496094,40.276426884472016,39.56580192963127,39.77618586634448,102223600
2018-01-03,40.26005172729492,40.80237081919405,40.19693977278134,40.33017968805515,118071600
2018-01-04,40.44706344604492,40.54991732565844,40.22499451516484,40.33252097704683,89738400
2018-01-05,40.90756607055664,40.994055211711675,40.451739619141776,40.54290490942475,94640000
2018-01-08,40.755638122558594,41.050171408244445,40.65745679380547,40.755638122558594,82271200
2018-01-09,40.75096130371094,40.921603346574265,40.53590474782042,40.80238825912582,86336000
2018-01-10,40.74160385131836,40.74394370972359,40.44005816620148,40.47746023211193,95839600
2018-01-11,40.97303009033203,41.02212075365002,40.788363163647276,40.8117367825329,74670800
2018-01-12,41.396121978759766,41.45923751339591,41.05951054984298,41.18340176092249,101672400
2018-01-16,41.18574905395508,41.933772604993706,41.17406046145214,41.58547252280897,118263600
2018-01-17,41.8659782409668,41.901040446396664,40.92393560860837,41.176390621417674,137547200
2018-01-18,41.90337371826172,42.09973275509077,41.667279896046836,41.92908718934309,124773600
2018-01-19,41.71638107299805,41.97818843235449,41.4709348901725,41.75144328474837,129700400
2018-01-22,41.37508773803711,41.5574183478053,41.28158614164321,41.44521571876117,108434400
2018-01-23,41.38443374633789,41.945453988337626,41.333010368506855,41.44521299016399,130756400
2018-01-24,40.72523880004883,41.44521244943131,40.486805111138345,41.43352385908979,204420400
2018-01-25,39.998252868652344,40.89588096747637,39.86267306723772,40.79302707903376,166116000
2018-01-26,40.09176254272461,40.206305044653156,39.75281475426623,40.206305044653156,156572000
2018-01-29,39.26192092895508,39.7761868421077,39.05387684544463,39.7761868421077,202561600
2018-01-30,39.030494689941406,39.12399627428952,38.499864103281,38.6938832793173,184192800
2018-01-31,39.13801956176758,39.37411693794769,38.92062678192371,39.00711592226718,129915600
2018-02-01,39.21984100341797,39.41619648711814,38.98140730643512,39.07724875688061,188923200
2018-02-02,37.518096923828125,38.990770600564964,37.42459530527834,38.803763796607285,346375200
2018-02-05,36.580726623535156,38.30819507475602,36.46618412011472,37.19083407744985,290954000
2018-02-06,38.1094970703125,38.270790367350905,35.99866645876102,36.19268567354218,272975200
2018-02-07,37.29367446899414,38.19597867026354,37.183811712279685,38.12351440723926,206434400
2018-02-08,36.267478942871094,37.63496190465887,36.2394291809823,37.46899249081761,217562000
2018-02-09,36.71107482910156,37.05844541044756,35.262911289863425,36.865984638320164,282690400
2018-02-12,38.18977355957031,38.466730422889015,36.969275246625436,37.20164009234235,243278000
2018-02-13,38.57234191894531,38.66857413140311,37.94096978650724,38.01138368785197,130196800
2018-02-14,39.283504486083984,39.32340485070856,38.229656385108385,38.2672073520852,162579600
2018-02-15,40.60260009765625,40.62606901581881,39.666103234935505,39.85152308844231,204588800
2018-02-16,40.471153259277344,41.032115117639805,40.31624696133215,40.454725377080166,160704400
2018-02-20,40.33502197265625,40.900671851907454,40.234094542494496,40.38196338095014,135722000
2018-02-21,40.151939392089844,40.867803773727466,40.13785374935215,40.56502871075081,149886400
2018-02-22,40.48758316040039,40.827912853294784,40.302163340873086,40.32328643776861,123967600
2018-02-23,41.191707611083984,41.22691276622604,40.73167328929835,40.76218681135434,135249600
2018-02-26,42.006168365478516,42.104746415864476,41.358368213770554,41.39122756389921,152648800
2018-02-27,41.870025634765625,42.360569950834076,41.81604319718002,42.03667174392078,155712400
2018-02-28,41.806663513183594,42.393440189851454,41.79023562856521,42.074233534488116,151128400
2018-03-01,41.07435607910156,42.19627249006448,40.52513412020834,41.90523004911441,195208000
2018-03-02,41.35835266113281,41.37947575368643,40.47583859285667,40.557988727986356,153816000
2018-03-05,41.50153350830078,41.71746684872899,40.961698366530335,41.12364926720145,113605600
2018-03-06,41.4663200378418,41.837163204570295,41.339577893430516,41.75736246248173,95154000
2018-03-07,41.08141326904297,41.27387776087188,40.90303442749993,41.060290165715706,126814000
2018-03-08,41.52970504760742,41.571951247634466,41.090797256346484,41.18702590576379,95096400
2018-03-09,42.243221282958984,42.24791649869535,41.63532156620826,41.76910835419292,128740800
2018-03-12,42.651615142822266,42.80887083210406,42.29720338770059,42.31597708610445,128828400
2018-03-13,42.24086380004883,43.06939186938944,42.06952607769264,42.855804379874634,126774000
2018-03-14,41.88175582885742,42.3699542575725,41.73388701966704,42.32301285856895,117473600
2018-03-15,41.9310417175293,42.30423424408691,41.79491273914619,41.8958365647404,90975200
2018-03-16,41.78318405151367,42.04136357525891,41.68929765809745,41.931049301369676,157618800
2018-03-19,41.144775390625,41.65409704324905,40.75985008912387,41.618891880252036,133787200
2018-03-20,41.13069534301758,41.49684338174766,41.060281432169425,41.13069534301758,78597600
2018-03-21,40.198890686035156,41.09548343216158,40.196541287634304,41.08374718435731,148219600
2018-03-22,39.630882263183594,40.529820619288714,39.57220461907548,39.90079799352127,165963200
2018-03-23,38.71318054199219,39.88203873797201,38.71318054199219,39.52293168028302,164115200
2018-03-26,40.55094528198242,40.62840019813181,39.06522697707837,39.44780634373773,150164800
2018-03-27,39.511173248291016,41.109551525655114,39.17788469603966,40.76452672958811,163690400
2018-03-28,39.07461929321289,39.905496814461294,38.77184419806612,39.2553474561917,166674000
2018-03-29,39.3797492980957,40.31155078767656,39.17320279721128,39.38679033049858,153594000
2018-04-02,39.12156677246094,39.65201509761951,38.60285827668735,39.11217992291302,150347200
2018-04-03,39.52293014526367,39.60742613093235,38.69909697104452,39.34689714023731,121112000
2018-04-04,40.278690338134766,40.372573155198666,38.673270529102645,38.69908884100521,138422000
2018-04-05,40.55801010131836,40.89364468676322,40.38901810903528,40.50637346026514,107732800
2018-04-06,39.520572662353516,40.482883990273784,39.47832289128992,40.128472267405044,140021200
2018-04-09,39.91254425048828,40.62606300601005,39.8656028397066,39.872643872253846,116070800
2018-04-10,40.66361618041992,40.839649150897934,40.25991361494503,40.60493852359392,113634400
2018-04-11,40.4734992980957,40.82087000785947,40.29981215251393,40.42420849279554,89726400
2018-04-12,40.872493743896484,41.07434495378245,40.614310714484674,40.70115605059519,91557200
2018-04-13,41.010990142822266,41.27151910294791,40.80444720984534,41.02272639139374,100497200
2018-04-16,41.266822814941406,41.353664598056646,41.0344580124711,41.08139942006313,86313600
2018-04-17,41.83482360839844,41.999120331657075,41.40530272955087,41.42408000955185,106421600
2018-04-18,41.74093246459961,41.970951432420364,41.515612292995044,41.73389143307444,83018000
2018-04-19,40.55801010131836,41.16590996115275,40.52515074623005,40.783330370095065,139235200
2018-04-20,38.8962287902832,40.18713668776535,38.82816073192376,40.041617307187586,261964400
2018-04-23,38.783573150634766,39.17788516145341,38.51365386526357,39.15676207117359,146062000
2018-04-24,38.243743896484375,39.039412648935595,37.84004139740122,38.88450280085499,134768000
2018-04-25,38.41038513183594,38.82582386282192,38.11934630361461,38.16863352002018,113528400
2018-04-26,38.54417037963867,38.898582053680634,38.34466496108976,38.52069788990382,111852000
2018-04-27,38.09823226928711,38.56999935976334,37.70157072022894,38.49254441988215,142623200
2018-04-30,38.78828430175781,39.25770564498742,37.98557423460327,38.05364233495592,169709600
2018-05-01,39.6895637512207,39.71303266229741,38.790621726653995,39.05819166644517,214277600
2018-05-02,41.44285583496094,41.719812647104675,40.792706415671205,41.12834088273352,266157600
2018-05-03,41.51795959472656,41.66113320985868,40.94291931740563,41.28090316830111,136272800
2018-05-04,43.1468505859375,43.245428609444815,41.81838771321594,41.8371649912268,224805200
2018-05-07,43.45902633666992,44.048148799513136,43.362794107261145,43.46371797122614,169805600
2018-05-08,43.667903900146484,43.70780426877287,43.109291576578705,43.419111259653036,113611200
2018-05-09,43.97539520263672,43.98478205445895,43.47311446722562,43.785280115978445,92844800
2018-05-10,44.60440444946289,44.68185938348441,44.043446213428126,44.0645728909975,111957200
2018-05-11,44.43475341796875,44.78110870210072,44.16615172774492,44.646809654593504,104848800
2018-05-14,44.331092834472656,44.656243653269094,44.26276586287573,44.53372248173257,83115200
2018-05-15,43.92818832397461,44.076627354090526,43.612464172969005,44.008296792998124,94780800
2018-05-16,44.338165283203125,44.40414099361598,43.82452472981287,43.84101955621875,76732400
2018-05-17,44.05777359008789,44.510155226195536,43.9093345737116,44.295744112587485,69176000
2018-05-18,43.897560119628906,44.25098366663279,43.85515101968935,44.10490308433846,73190800
2018-05-21,44.20857238769531,44.594981969565396,44.0389288058782,44.29574904119214,73603200
2018-05-22,44.09782409667969,44.503083285569076,44.00828900290828,44.38527546543168,60962800
2018-05-23,44.38056945800781,44.41355550927262,43.767967254278695,43.90698323730388,80233600
2018-05-24,44.331092834472656,44.49366824387088,43.874001393175,44.47717701426208,92936000
2018-05-25,44.43240737915039,44.6845142986647,44.21328291731223,44.34994044932966,69844000
2018-05-29,44.272186279296875,44.472461051919346,44.02950240859062,44.20150444915725,90056400
2018-05-30,44.177947998046875,44.295755859375,44.00830439011752,44.229783744648095,74762000
2018-05-31,44.02950668334961,44.34994419353032,43.85750822129398,44.11197362013253,109931200
2018-06-01,44.82353973388672,44.8282494601414,44.236855246199156,44.29340431815331,93770000
2018-06-04,45.19815444946289,45.57278250226014,45.0850599344167,45.15338689688778,105064800
2018-06-05,45.546875,45.6953140564857,45.323040781395484,45.49032952721355,86264000
2018-06-06,45.70472717285156,45.72829017819991,45.219359462438206,45.62226384455202,83734400
2018-06-07,45.58220672607422,45.75656001185925,45.318314744675604,45.742423647629074,85388800
2018-06-08,45.16752243041992,45.238207849226285,44.71278592096952,45.04264641511956,106627200
2018-06-11,45.05678939819336,45.23114631083224,44.81646397224416,45.08506572699524,73234000
2018-06-12,45.3041877746582,45.38194138925669,45.03794087574918,45.09448993960545,67644400
2018-06-13,44.93191146850586,45.44555554341027,44.870652683238966,45.33717074386563,86553600
2018-06-14,44.955482482910156,45.13690760360574,44.81882492662614,45.132194282296425,86440400
2018-06-15,44.49365997314453,44.80467436726028,44.35700246014303,44.774043181267466,246876800
2018-06-18,44.4701042175293,44.5831987359482,44.107254061254174,44.26747459129005,73939600
2018-06-19,43.75148391723633,43.90227783524535,43.22370340659945,43.62189455131984,134314000
2018-06-20,43.942325592041016,44.10725585377342,43.76090050653034,43.90698467710195,82514800
2018-06-21,43.69728469848633,44.37821385591246,43.57476354074038,44.119035175144084,102847600
2018-06-22,43.57005310058594,43.859859393539764,43.51821736100589,43.85279121043432,108801600
2018-06-25,42.92209243774414,43.57003532290753,42.58280540627974,43.2118986124497,126652400
2018-06-26,43.4546012878418,43.94939568980616,43.00928776415795,43.115317704014764,98276800
2018-06-27,43.390995025634766,44.12611497523184,43.36036382933128,43.643101994929324,101141200
2018-06-28,43.70669174194336,43.87398039195793,43.30614595984597,43.37683135555929,69460800
2018-06-29,43.61480712890625,44.10488804506475,43.096453489095396,43.892831832045076,90950800
2018-07-02,44.102535247802734,44.130811570292906,43.216621705982554,43.310870122267346,70925200
2018-07-03,43.334434509277344,44.283965391794474,43.244899402321124,44.24626602094871,55819200
2018-07-05,43.68315124511719,43.92112541341989,43.419262800087296,43.65016518948845,66416800
2018-07-06,44.28866958618164,44.3970507610187,43.63601329433382,43.68784901976342,69940800
2018-07-09,44.903629302978516,44.927188709958024,44.60204157004962,44.64916397921801,79026400
2018-07-10,44.84944534301758,45.06856619589097,44.80938751433222,44.934267130145,63756400
2018-07-11,44.267486572265625,44.715155042108755,44.20386931553267,44.41356718122711,75326000
2018-07-12,45.0096549987793,45.09919009160523,44.6043958141694,44.65623154209923,72164400
2018-07-13,45.08034896850586,45.20051167231687,44.97903235551187,45.02144504787517,50055600
2018-07-16,44.981380462646484,45.39134935496412,44.86592751050151,45.12510613972118,60172400
2018-07-17,45.10860824584961,45.207566371568724,44.57847311829147,44.70806242406969,62138000
2018-07-18,44.861228942871094,45.191093088092565,44.750489273536566,45.186379767318016,65573600
2018-07-19,45.209930419921875,45.36779246822645,44.69393159004951,44.69393159004951,81147200
2018-07-20,45.106266021728516,45.33952324227363,44.80703310367688,45.18637448948724,82704800
2018-07-23,45.14631271362305,45.22877962532212,44.66329993483419,44.92718829993629,63957600
2018-07-24,45.47381591796875,45.62932309432081,45.249981791818506,45.34422660434203,74791600
2018-07-25,45.90264892578125,45.90971710862951,45.33952399399678,45.487963024230176,66839600
2018-07-26,45.7589225769043,46.17125001494184,45.617551731493165,45.85316741037176,76304000
2018-07-27,44.997886657714844,45.98983036478812,44.79054728056739,45.942707942491445,96096000
2018-07-30,44.74576950073242,45.285327763928684,44.547853215165986,45.214642349023656,84118000
2018-07-31,44.83530044555664,45.271190836033,44.61146629715371,44.83765890299014,157492000
2018-08-01,47.476558685302734,47.53781746675014,46.48932842822588,46.918150683987434,271742800
2018-08-02,48.86434555053711,49.097606414885774,47.205612411911986,47.259803022542634,249616000
2018-08-03,49.005714416503906,49.18242620477099,48.414316664168645,48.779521745629395,133789600
2018-08-06,49.260162353515625,49.302571441958804,48.788931085253175,49.00805189929477,101701600
2018-08-07,48.79836654663086,49.36148791169574,48.715899615615555,49.31907881246056,102349600
2018-08-08,48.83135986328125,48.963304096363274,48.18812992940101,48.548621707361086,90102000
2018-08-09,49.21540832519531,49.427461016071646,48.81957208162651,49.368557091360415,93970400
2018-08-10,49.06880187988281,49.44001750555235,48.8654616408131,49.02860717781089,98444800
2018-08-13,49.385643005371094,49.87744283435731,49.10900627803238,49.48967807024764,103563600
2018-08-14,49.59370803833008,49.78522547543453,49.241408169898676,49.69065012134938,82992000
2018-08-15,49.70957565307617,49.82779667275431,49.257970492029095,49.46840376274341,115230400
2018-08-16,50.43782043457031,50.55367473143679,50.000401193766706,50.066604679924524,114001600
2018-08-17,51.4450569152832,51.53253931119231,50.39998358384993,50.46618706310315,141708000
2018-08-20,50.94379806518555,51.82335904051192,50.86104191692848,51.56800483956419,121150800
2018-08-21,50.844486236572266,51.35283870270329,50.60568111471057,51.26062646675485,104639200
2018-08-22,50.84685134887695,51.15658978265497,50.560754949723034,50.62223217694636,76072400
2018-08-23,50.950904846191406,51.319753911772416,50.74047154042686,50.75229075810795,75532800
2018-08-24,51.10930633544922,51.28427111585805,50.861041500529375,51.21334139829706,73905600
2018-08-27,51.530174255371094,51.71932859234506,51.14950246004533,51.34338303977495,82100400
2018-08-28,51.946311950683594,52.14492238496493,51.761887460591076,51.7831663768743,91107200
2018-08-29,52.72184753417969,52.84243528922243,51.87775128797741,52.05271609675412,109019200
2018-08-30,53.2065544128418,53.970261226879096,52.58471066461939,52.78568785096469,195175200
2018-08-31,53.821292877197266,54.11447864417697,53.43589126797498,53.556475387508385,173360400
2018-09-04,53.993896484375,54.18777705269031,53.584852825321335,54.005719306205876,109560400
2018-09-05,53.64159393310547,54.30363223674393,53.22309420206611,54.14285341285009,133332000
2018-09-06,52.75020980834961,53.75508827339755,52.32461350158914,53.49027078929188,137160000
2018-09-07,52.32461166381836,53.28692866048203,52.18511175944655,52.454655476291386,150479200
2018-09-10,51.62239074707031,52.45466773356044,51.18260841073498,52.2418677340193,158066000
2018-09-11,52.92753601074219,53.03393417484051,51.20387204264051,51.54671217487649,142996000
2018-09-12,52.27024459838867,53.19946010310294,51.97941828552849,53.18527415765987,197114800
2018-09-13,53.532833099365234,53.991531148163254,52.62489670197329,52.84951587627025,166825600
2018-09-14,52.92517852783203,53.63450455616086,52.613076951433094,53.37678363174455,127997200
2018-09-17,51.515987396240234,52.71474653653947,51.37175762273958,52.525592202926,148780400
2018-09-18,51.601104736328125,52.454660523096074,51.3362872360447,51.49470294727404,126286800
2018-09-19,51.63184356689453,51.927396096554034,50.90596843011665,51.66258218448119,108495200
2018-09-20,52.02433395385742,52.55632846390417,51.81626383542605,52.07398836223533,106435200
2018-09-21,51.4639778137207,52.33881268301883,51.37649180131732,52.20167586016159,384986800
2018-09-24,52.20403289794922,52.31516093786843,51.2204368199305,51.26536138174706,110773600
2018-09-25,52.53505325317383,52.68401288099076,51.94631132173357,51.95813414435409,98217600
2018-09-26,52.11654281616211,52.90389507297976,51.960490237444716,52.25367960280906,95938800
2018-09-27,53.18763732910156,53.53993727515141,52.85425317959996,52.92046027142845,120724800
2018-09-28,53.374420166015625,53.398062202116094,52.96773962377275,53.14979737223942,91717600
2018-10-01,53.733795166015625,54.244510633511325,53.51863573783042,53.89694068545045,94403200
2018-10-02,54.211429595947266,54.38166815008611,53.584859645171754,53.731452552639425,99152800
2018-10-03,54.871097564697266,55.20211492695663,54.3296433555075,54.39348370673561,114619200
2018-10-04,53.90640640258789,54.93729354305155,53.608487209375504,54.56607791589586,128168000
2018-10-05,53.031578063964844,54.00572162104816,52.15438020692258,53.89932343564714,134322000
2018-10-08,52.90861892700195,53.15215385960508,52.064519389631826,52.53977004297461,118655600
2018-10-09,53.64159393310547,53.736172895235825,52.549233077184034,52.87788730397269,107564000
2018-10-10,51.15659713745117,53.5186542874467,51.0833006862872,53.308221027600226,167962400
2018-10-11,50.704994201660156,51.89902721215979,50.20137511528744,50.72154687603227,212497600
2018-10-12,52.51613998413086,52.69820135934952,51.27008946263702,52.116552371945346,161351600
2018-10-15,51.39303207397461,52.449928078120834,51.37175316034392,52.29151237472821,123164000
2018-10-16,52.52558898925781,52.72420301170054,51.251166750358514,51.76424545871344,116736000
2018-10-17,52.29861068725586,52.64145089276612,51.86119150958556,52.561061472294256,91541600
2018-10-18,51.076210021972656,51.95577469132143,50.36215405754023,51.5112625057011,130325200
2018-10-19,51.854103088378906,52.31516434368788,51.40959089976347,51.558550539101454,132314800
2018-10-22,52.170928955078125,52.81168840057024,51.766615131446095,51.967588678689886,115168400
2018-10-23,52.662723541259766,52.785674386526175,50.76409464590403,51.0312752497084,155071200
2018-10-24,50.85631561279297,53.017395633132395,50.72627177410019,52.63199757568536,163702000
2018-10-25,51.9699592590332,52.34353810184047,51.24881034120332,51.475796278943854,119423200
2018-10-26,51.14240646362305,52.06216571984942,50.28412082995475,51.04782749681985,189033600
2018-10-29,50.18246078491211,51.94395329351893,48.72834004766354,51.82573227135982,183742000
2018-10-30,50.433067321777344,50.87757572269664,49.48020657712165,49.924714978040946,146640000
2018-10-31,51.7476921081543,52.123633992083754,51.218060771877376,51.27953799594369,153435600
2018-11-01,52.542152404785156,52.57525414732443,51.26300005412576,51.79263154257351,233292800
2018-11-02,49.05698013305664,50.51582669093119,48.57227336106089,49.546416754757914,365314800
2018-11-05,47.664344787597656,48.32638314907276,46.85571353178706,48.30510423366641,264654800
2018-11-06,48.179786682128906,48.40440585745062,47.68798689600997,47.74236754506671,127531600
2018-11-07,49.64100646972656,49.66701523890736,48.26491564822979,48.69996814378195,133697600
2018-11-08,49.46780014038086,49.85454290419516,49.0549542402841,49.82132566766374,101450400
2018-11-09,48.51397705078125,48.879366587122874,47.98724409420614,48.7702258096886,137463200
2018-11-12,46.07013702392578,47.41781558554865,45.9799743974334,47.21613716957594,204542000
2018-11-13,45.60984802246094,46.784319299258804,45.42477999680349,45.467489952175,187531600
2018-11-14,44.32147216796875,46.14368081930121,44.11504743544878,46.00606553775681,243204000
2018-11-15,45.415283203125,45.5481521610165,44.345206577891304,44.69873575688715,185915200
2018-11-16,45.91828155517578,46.259946609491415,44.95260676177665,45.19936284522291,147713200
2018-11-19,44.09844207763672,45.24681341876194,43.892020958745455,45.080727252963975,167701200
2018-11-20,41.991512298583984,43.056842423109295,41.642729521839435,42.32131328103685,271300800
2018-11-21,41.94405746459961,42.77212054847709,41.889487071573676,42.643994348703465,124496800
2018-11-23,40.878726959228516,41.901350698379524,40.83364927354388,41.507486637209176,94496000
2018-11-26,41.43157196044922,41.5098705230007,40.39708745646012,41.34141294148129,179994000
2018-11-27,41.341407775878906,41.46715900960743,40.54419042635813,40.693666190363125,165549600
2018-11-28,42.93109893798828,43.01414023001662,41.50512170583987,41.932203103325314,184250000
2018-11-29,42.601287841796875,43.37240554234032,42.16234247178632,43.33918830928703,167080000
2018-11-30,42.37113571166992,42.78635290696132,42.003371186044795,42.776860200784085,158126000
2018-12-03,43.85169982910156,43.88017071781132,42.995165596472155,43.76628354256427,163210000
2018-12-04,41.92271041870117,43.2751317110597,41.82305870457027,42.93346662237809,165377200
2018-12-06,41.45528793334961,41.46952337319293,40.435039173164846,40.75297606435523,172393600
2018-12-07,39.97712326049805,41.400725443078066,39.93204194545113,41.16345841264806,169126400
2018-12-10,40.24048614501953,40.356744662283546,38.7528209859677,39.14905645625793,248104000
2018-12-11,40.010345458984375,40.760106616561835,39.62359899291814,40.72926436066037,189126800
2018-12-12,40.12184524536133,40.79093620431171,40.10286345370511,40.43028940365676,142510800
2018-12-13,40.560791015625,40.9451659993989,40.22861867943218,40.45165022819319,127594400
2018-12-14,39.26294708251953,40.1171098380698,39.21549440063509,40.09812804123451,162814800
2018-12-17,38.89755630493164,39.943904744588174,38.61046161430654,39.25582820608512,177151600
2018-12-18,39.402931213378906,39.74933899527448,39.00432078305257,39.23921640915953,135366000
2018-12-19,38.17388153076172,39.73035222871584,37.746800273297104,39.38631585646059,196189200
2018-12-20,37.21058654785156,38.4633561025011,36.84756830306149,38.05762791222595,259092000
2018-12-21,35.76325225830078,37.52614787017046,35.50226074249866,37.217700060216195,382978400
2018-12-24,34.837913513183594,35.957814025738095,34.78096813070543,35.15110406579586,148676800
2018-12-26,37.29125213623047,37.30548757627083,34.81181283127579,35.186695107435334,234330000
2018-12-27,37.04923629760742,37.196344282393845,35.60665629115876,36.97568411541755,212468400
2018-12-28,37.0682258605957,37.611569368803295,36.66961900113825,37.369555992471305,169165600
2018-12-31,37.42649459838867,37.81086594612177,37.12753588756801,37.61393391895783,140014000
2019-01-02,37.469200134277344,37.68986030291286,36.593684420142715,36.750281492025124,148158800
2019-01-03,33.737003326416016,34.57455574581666,33.6919220064379,34.16170976436273,365248800
2019-01-04,35.17721176147461,35.24602123385648,34.11900273892931,34.29220667285654,234428400
2019-01-07,35.098915100097656,35.312457630309815,34.617263248981814,35.281611753406175,219111200
2019-01-08,35.768001556396484,36.021878993464554,35.238897140785376,35.48565323681881,164101200
2019-01-09,36.37538528442383,36.66485117156262,35.502244892035264,35.89610516664243,180396400
2019-01-10,36.491661071777344,36.531996022628334,35.79409559379819,36.18321328363876,143122800
2019-01-11,36.13339614868164,36.46794354601697,35.94832814598715,36.273386454644076,108092800
2019-01-14,35.590057373046875,35.891387539186205,35.404989364339656,35.791735812990616,129756800
2019-01-15,36.318458557128906,36.3943821085161,35.601911260051914,35.65411028555859,114843600
2019-01-16,36.76214599609375,36.98517753374155,36.30184748144305,36.320829274052095,122278800
2019-01-17,36.98043441772461,37.40751573779752,36.363538775351834,36.58657033252364,119284800
2019-01-18,37.20821762084961,37.459720094996186,37.008910562862575,37.36955746448795,135004000
2019-01-22,36.37303161621094,37.186855683764556,36.21168817452131,37.11093212681015,121576000
2019-01-23,36.5201416015625,36.80960767396495,35.9934084941028,36.57471200591153,92522400
2019-01-24,36.23066329956055,36.6529981897714,36.002889050218684,36.565210574963224,101766000
2019-01-25,37.431251525878906,37.51904280334224,36.615055849143104,36.8902828978478,134142000
2019-01-28,37.084842681884766,37.09196040414421,36.45845778019692,36.963834162658024,104768400
2019-01-29,36.700462341308594,37.519036488429236,36.565222017267494,37.07297331497307,166348800
2019-01-30,39.2083625793457,39.42190138123713,38.01728150422006,38.73382869033698,244439200
2019-01-31,39.490718841552734,40.09812176355808,39.044655736776996,39.41242029951825,162958400
2019-02-01,39.50969314575195,40.0933678096817,39.369702895096495,39.6140911820077,130672400
2019-02-04,40.63197326660156,40.72925360434192,39.69002299817537,39.72086886633868,125982000
2019-02-05,41.32716751098633,41.54070999970741,40.89297205344229,41.01397692943241,144406400
2019-02-06,41.341407775878906,41.65697335385666,41.011606755653766,41.43868450470518,112958400
2019-02-07,40.55842208862305,41.27022309791329,40.41606043860214,40.904829885716296,126966800
2019-02-08,40.6060791015625,40.665650250891964,40.131891443963546,40.26771540968325,95280000
2019-02-11,40.37255859375,40.79670853270349,40.32966911040256,40.75858212354943,83973600
2019-02-12,40.720458984375,40.74667043828146,40.436899701914584,40.5322157324539,89134000
2019-02-13,40.55126953125,41.099324812062115,40.48931684716783,40.83959548318567,89960800
2019-02-14,40.699005126953125,40.808613992609324,40.3606414751641,40.43927581927432,87342800
2019-02-15,40.608455657958984,40.91345961424227,40.44880543364929,40.80623228578758,98507200
2019-02-19,40.729984283447266,40.85151175450796,40.38685751910222,40.43928042114127,75891200
2019-02-20,40.99210739135742,41.299496621052455,40.74429295914237,40.79194916119121,104457600
2019-02-21,40.760948181152344,41.073100311196576,40.57985326034545,40.93728002957469,68998800
2019-02-22,41.21609115600586,41.223239403756004,40.83721948150898,40.884875678488214,75652800
2019-02-25,41.51633071899414,41.907117372895385,41.44961131242088,41.49965268531831,87493600
2019-02-26,41.5401611328125,41.7712975211783,41.26375008174526,41.39242582162674,68280800
2019-02-27,41.6688232421875,41.69980140101289,41.158894387635335,41.273273603636405,111341600
2019-02-28,41.25897979736328,41.678363048433425,41.2041753537565,41.53777599764727,112861600
2019-03-01,41.692657470703125,41.735546954193026,41.19702505785762,41.52824051212283,103544800
2019-03-04,41.90234375,42.35508298576963,41.45436758783305,41.86421734557429,109744800
2019-03-05,41.82609176635742,41.93808580910875,41.590188724744905,41.923789316150554,78949600
2019-03-06,41.58542251586914,41.81655883042522,41.44721703446925,41.621163745570044,83241600
2019-03-07,41.104095458984375,41.566368186765395,40.989719863594985,41.43054421304361,99185600
2019-03-08,41.2017936706543,41.23992008169563,40.3892422605175,40.584637390153304,95997600
2019-03-11,42.629119873046875,42.68154278377652,41.78321232504616,41.8165720286073,128044000
2019-03-12,43.108070373535156,43.527449985065225,42.74111003200352,42.89123050226052,129870400
2019-03-13,43.29869842529297,43.67757008556457,43.110451545781046,43.42737051589921,124130000
2019-03-14,43.7800178527832,43.86818560569597,43.50122537515146,43.820525788582664,94318000
2019-03-15,44.34951400756836,44.637839878585694,43.78239931845591,44.046895282934095,156171600
2019-03-18,44.80226516723633,44.89042929325558,44.270887966592596,44.273273139252964,104879200
2019-03-19,44.447227478027344,45.03340921139079,44.30187372223758,44.88090720826174,126585600
2019-03-20,44.835636138916016,45.15255512807773,44.01831798035479,44.37574491965877,124140800
2019-03-21,46.48694610595703,46.782420346635014,45.228803590706896,45.27884496121636,204136800
2019-03-22,45.52427673339844,47.106486442351226,45.45993886884796,46.54651613890854,169630800
2019-03-25,44.97382736206055,45.745866978541436,44.46389856952138,45.63387294895227,175381200
2019-03-26,44.509178161621094,45.96033411700319,43.98257123970182,45.66962661852125,199202000
2019-03-27,44.90950393676758,45.21688950575341,44.451997889288634,44.97622334144566,119393600
2019-03-28,44.96906280517578,45.16922096451442,44.68550359481245,45.0238672363422,83121600
2019-03-29,45.262149810791016,45.29312796597149,44.926167720696284,45.23355682812209,94256000
2019-04-01,45.569541931152344,45.67438408651486,44.88804792365926,45.66485430363971,111448000
2019-04-02,46.231971740722656,46.336817529759834,45.524266300655576,45.53379608332538,91062800
2019-04-03,46.54890060424805,46.822926454826096,46.02467154689668,46.0485014625707,93087200
2019-04-04,46.62990951538086,46.79194128270273,46.02228311605566,46.41545121424215,76457200
2019-04-05,46.94206619262695,46.96589610699699,46.687099925418465,46.81100893546065,74106400
2019-04-08,47.68075942993164,47.711733961677744,46.78480682813005,46.80387003624659,103526800
2019-04-09,47.53778076171875,48.336035677504945,47.47344289751336,47.73317589155191,143072800
2019-04-10,47.804656982421875,47.833253607870596,47.22324195607037,47.342384260292086,86781200
2019-04-11,47.40672302246094,47.89520720622881,47.285199178784595,47.85946596865772,83603200
2019-04-12,47.38766098022461,47.690283464181285,46.753826657487316,47.4662953407457,111042800
2019-04-15,47.47343063354492,47.62116952932975,47.18272318704627,47.318547127954844,70146400
2019-04-16,47.47819519042969,47.983357258066256,47.313778274018354,47.52823654426802,102785600
2019-04-17,48.40274429321289,48.46231543377523,47.32569705378426,47.54729995142792,115627200
2019-04-18,48.57670593261719,48.64580687709247,48.25740539371004,48.40037399343183,96783200
2019-04-22,48.73634719848633,48.83404475360525,48.214503361460345,48.33126412020742,77758000
2019-04-23,49.43928909301758,49.50362695477499,48.58622976622122,48.712520316675125,93292000
2019-04-24,49.363037109375,49.6775708811361,49.33682565873371,49.4106933007407,70162400
2019-04-25,48.91506576538086,49.506010596011244,48.87693935413123,49.28440764800036,74172800
2019-04-26,48.68154525756836,48.848343752952516,48.162082930875414,48.82451383821142,74596400
2019-04-29,48.755409240722656,49.079476422813116,48.576695801391914,48.705367877898986,88818800
2019-04-30,47.816558837890625,48.467074622632694,47.44483553232372,48.38605875058526,186139600
2019-05-01,50.16366195678711,51.30504329397284,49.856272866650684,50.01115999790759,259309200
2019-05-02,49.837223052978516,50.671219159962654,49.59417537681596,50.00164001010491,127985200
2019-05-03,50.456764221191406,50.4782089626399,50.0945706099009,50.25183931905875,83569600
2019-05-06,49.67757034301758,49.763352940920356,48.490914101974354,48.679157328406795,129772400
2019-05-07,48.33840560913086,49.42498261248666,47.85468824698724,49.05802599276639,155054800
2019-05-08,48.34794998168945,48.92936506074803,48.07392411151205,48.109665351644786,105358000
2019-05-09,47.82848358154297,48.05723475366527,46.86104872008744,47.75223076687932,139634400
2019-05-10,47.16590118408203,47.565372181315134,46.11102196215222,47.2233110420529,164834800
2019-05-13,44.42463684082031,45.32403587911326,43.73812763352999,44.90065057528068,229722400
2019-05-14,45.127899169921875,45.37666791392155,44.350491826259756,44.5896940858481,146118800
2019-05-15,45.66849136352539,45.867029661329525,44.49640184388846,44.556202404072714,106178800
2019-05-16,45.467559814453125,46.039252991844464,45.17094773855048,45.4268958737944,132125600
2019-05-17,45.2092170715332,45.663699804341405,44.67340281448622,44.7140667516376,131516400
2019-05-20,43.79553985595703,44.09693703228056,43.12338210548431,43.89839872325471,154449200
2019-05-21,44.63513946533203,44.970021141517655,44.18065301915265,44.30503920599439,113459200
2019-05-22,43.72138595581055,44.422250430132046,43.666370461560184,44.17108734343066,118994400
2019-05-23,42.97507095336914,43.185566421251686,42.53254539430105,43.00855911757338,146118800
2019-05-24,42.81001281738281,43.568283261133196,42.72629059759477,43.10423046560386,94858800
2019-05-28,42.63301467895508,43.197532117519515,42.55647185928589,42.79806481034798,111792800
2019-05-29,42.42969512939453,42.900923841188686,42.099594865311815,42.200059369611644,113924800
2019-05-30,42.64975357055664,42.87220986761559,42.25985281126963,42.56603133944261,84873600
2019-05-31,41.87713623046875,42.575606305283934,41.8579996140433,42.15460804379681,108174400
2019-06-03,41.4537467956543,42.558859919788816,40.72896433762629,42.00391264942133,161584400
2019-06-04,42.97028350830078,43.01573251076257,41.74556939956014,41.96563498785348,123872000
2019-06-05,43.66397476196289,44.25002316291043,43.32909308993842,44.08018796856743,119093600
2019-06-06,44.30503463745117,44.36483519131341,43.570682084053516,43.79314204238784,90105200
2019-06-07,45.48430633544922,45.90769533953983,44.43660296337536,44.61361029225214,122737600
2019-06-10,46.06557846069336,46.73295125851848,45.83594265126369,45.88139167135458,104883600
2019-06-11,46.598995208740234,46.88364650364516,46.30956249622843,46.61095605263165,107731600
2019-06-12,46.45068359375,46.87646328917654,46.259321071663166,46.393273742142995,73012800
2019-06-13,46.44110870361328,47.072602406865755,46.30955040496847,46.57267065219424,86698400
2019-06-14,46.10384750366211,46.30716724615414,45.52019337239175,45.819196214236236,75046000
2019-06-17,46.37892150878906,46.63486965392285,45.967493369838486,46.142109980575825,58676400
2019-06-18,47.46968078613281,47.90981200382238,46.69466791366559,46.89559690653218,106204000
2019-06-19,47.33094787597656,47.811746732774715,47.19699520042928,47.76390336299069,84496800
2019-06-20,47.71127700805664,47.986358104546575,47.36921593118183,47.92894825704651,86056000
2019-06-21,47.54862594604492,48.04377638657859,47.397927351110866,47.55341101332739,191202400
2019-06-24,47.50078582763672,47.87872584119384,47.40271202381546,47.491215693151446,72881600
2019-06-25,46.780784606933594,47.663437821269206,46.713804620677834,47.46489952077428,84281200
2019-06-26,47.792606353759766,48.07725759186515,47.20656161939147,47.30702611814578,104270000
2019-06-27,47.77825164794922,48.21599213856582,47.737587709468265,47.90980994600214,83598800
2019-06-28,47.342899322509766,47.72083923918838,47.1347945750101,47.52469168182497,124442400
2019-07-01,48.21120834350586,48.91446345681218,47.99592415477376,48.59871477331292,109012000
2019-07-02,48.49346160888672,48.589144680081205,48.16575575864351,48.17771659878482,67740800
2019-07-03,48.89532470703125,48.90250048134883,48.48389661312159,48.625025041282115,45448000
2019-07-05,48.852264404296875,49.05558773477184,48.53412503952128,48.64176894973504,69062000
2019-07-08,47.845237731933594,48.175334373362844,47.460121941985406,48.034205913986874,101354400
2019-07-09,48.13705825805664,48.20164023244244,47.555794939029724,47.64908366307894,82312000
2019-07-10,48.613059997558594,48.73266109242535,48.21359277869593,48.28296345768267,71588400
2019-07-11,48.2590446472168,48.89053831965134,48.24947816503057,48.6321995013914,80767200
2019-07-12,48.629825592041016,48.79726646266074,48.36670161682628,48.4265021884717,70380800
2019-07-15,49.08669662475586,49.244567339973045,48.797260288640274,48.81878761572397,67789600
2019-07-16,48.91685104370117,49.30196674070282,48.6776488381085,48.93837836621987,67467200
2019-07-17,48.641780853271484,49.05799044819137,48.62264423454898,48.8092217046724,56430000
2019-07-18,49.194332122802734,49.246956906066245,48.725494140074105,48.797255539973115,74162400
2019-07-19,48.4599723815918,49.395253851076205,48.404956898073856,49.225418684647934,83717200
2019-07-22,49.567501068115234,49.56989177714596,48.703980616154055,48.71354710221442,89111600
2019-07-23,49.95499038696289,49.97173629421098,49.5842262186613,49.86409602597792,73420800
2019-07-24,49.91433334350586,50.029149402153855,49.555529966536255,49.67513109219279,59966400
2019-07-25,49.51963806152344,50.050667211733845,49.45026738292767,49.96694498582467,55638400
2019-07-26,49.691871643066406,50.1678817358878,49.54834884778114,49.62967672847252,70475600
2019-07-29,50.15591812133789,50.385553851109734,49.859309714055385,49.864094780283324,86693600
2019-07-30,49.94064712524414,50.27074740921103,49.58901951404553,49.9358620581026,135742800
2019-07-31,50.95964050292969,52.95219547888276,50.54343096661381,51.76814519291497,277125600
2019-08-01,49.8569221496582,52.15326516054023,49.45267342174729,51.16535872118057,216071600
2019-08-02,48.80204772949219,49.37852242130375,48.230354455085056,49.163241840121984,163448400
2019-08-05,46.24736404418945,47.517527460024354,46.06557164067767,47.3596567424727,209572000
2019-08-06,47.12284469604492,47.37879286336873,46.41480440834536,46.95779455449021,143299200
2019-08-07,47.610809326171875,47.735195505332065,46.36217706782614,46.742507730135785,133457600
2019-08-08,48.66090774536133,48.68482942826137,47.6945323451434,47.88828556685008,108038000
2019-08-09,48.25991439819336,48.68490825834056,47.8517227401758,48.33434822690377,98478800
2019-08-12,48.1374626159668,48.514438725738295,47.818114477569125,47.93096696496544,89927600
2019-08-13,50.1760139465332,50.937165649678846,48.13746950693572,48.267131545137225,188874000
2019-08-14,48.68252944946289,49.568540066095935,48.644110791052725,48.7809758877121,146189600
2019-08-15,48.440006256103516,49.256382389403456,47.942974606430376,48.852997569788144,108909600
2019-08-16,49.58293533325195,49.74140951677776,48.944239015747925,49.04988847143179,110481600
2019-08-19,50.50737380981445,51.078835764252794,50.43053649544689,50.57220117203168,97654400
2019-08-20,50.50975799560547,51.227691316707656,50.50015516617898,50.634616760971866,107537200
2019-08-21,51.05721664428711,51.29972750063154,50.807502749106995,51.14125698244228,86141600
2019-08-22,51.013999938964844,51.489418835377954,50.6034083940143,51.18927999555581,89014800
2019-08-23,48.656105041503906,50.91555099493653,48.262323049739784,50.28645752648354,187272000
2019-08-26,49.58053207397461,49.748609076351144,49.23717136701609,49.42926093993379,104174400
2019-08-27,49.02106857299805,50.07515584403641,48.86979745227065,49.90947864777375,103493200
2019-08-28,49.35003662109375,49.395658318642454,48.81939311460726,49.00667948910894,63755200
2019-08-29,50.18560791015625,50.26004541127674,49.621349155907794,50.06315259687426,83962000
2019-08-30,50.12078094482422,50.5313687808023,49.751007883111264,50.46173818969739,84573600
2019-09-03,49.390846252441406,49.69818812822895,49.03548289552534,49.56612630727239,80092000
2019-09-04,50.22882080078125,50.29845137888057,49.779814402084654,50.036731267544226,76752400
2019-09-05,51.210880279541016,51.376557476754485,50.785882729793876,50.90353845367969,95654800
2019-09-06,51.206077575683594,51.484607253260535,51.025994300943886,51.39576734347277,77449200
2019-09-09,51.42458724975586,51.96964040269282,50.680245133535024,51.585461226459756,109237600
2019-09-10,52.03206253051758,52.05127185370454,50.83391076513622,51.35014804449725,127111600
2019-09-11,53.686431884765625,53.71524770381324,52.27938090410862,52.36102145030546,177158400
2019-09-12,53.56637954711914,54.365949877044244,53.51115502500784,53.976971102844466,128906800
2019-09-13,52.524288177490234,53.01411307002046,52.108897118568684,52.824426967075894,159053200
2019-09-16,52.80043029785156,52.855658489704425,52.23857119387094,52.279389641889566,84632400
2019-09-17,52.99250411987305,53.021319935148554,52.61312824901063,52.8148243007248,73274800
2019-09-18,53.489540100097656,53.50874942392138,52.68996985697935,53.07894858894895,101360000
2019-09-19,53.05494689941406,53.72725500568296,52.913278574917605,53.3070606073627,88242400
2019-09-20,52.27938461303711,53.439121573319625,52.21695705097918,53.155792256513266,221652400
2019-09-23,52.51709747314453,52.78602071935204,52.26017685029636,52.57232199753262,76662000
2019-09-24,52.26737976074219,53.42231716904428,52.1497276727192,53.07175336927151,124763200
2019-09-25,53.07175827026367,53.184610784898084,52.13772620032262,52.47628374422586,87613600
2019-09-26,52.79801940917969,53.05013674812319,52.543502278670516,52.824431771617654,75334000
2019-09-27,52.54110336303711,53.054940879557066,52.17133028274097,52.95409101125522,101408000
2019-09-30,53.77766799926758,53.924135874983264,53.01411301418795,53.04052537419581,103909600
2019-10-01,53.92654037475586,54.798144667313224,53.832897210879736,54.04179631783716,139223200
2019-10-02,52.57471466064453,53.68402648733403,52.32739692001443,53.5591677213098,138449200
2019-10-03,53.02131652832031,53.054931924145485,51.65508425549117,52.447447680485034,114426000
2019-10-04,54.507606506347656,54.622862444828854,53.75846122523863,54.17865555013315,138478800
2019-10-07,54.51961898803711,55.20873658677315,54.22668318942507,54.3299328547412,122306000
2019-10-08,53.880916595458984,54.75972389234403,53.86411072762326,54.22187750074084,111820000
2019-10-09,54.512420654296875,54.69490376434556,54.17866638461821,54.512420654296875,74770400
2019-10-10,55.24715042114258,55.331190753868945,54.577242206069194,54.72850967565127,113013600
2019-10-11,56.71662902832031,57.05998604876927,55.78019379619807,55.933864711609424,166795600
2019-10-14,56.63499450683594,57.17764784685901,56.34686196781524,56.40208648570823,96427600
2019-10-15,56.5029182434082,57.062373609307365,56.39726882474478,56.75983508988259,87360000
2019-10-16,56.27482604980469,56.48372515630135,55.99389655879597,56.034714997954104,73903200
2019-10-17,56.49333953857422,56.70223502398383,56.070745319870674,56.44771784318485,67585200
2019-10-18,56.76465606689453,57.04558556492881,56.255618132854494,56.327652182971896,97433600
2019-10-21,57.749107360839844,57.864363302867055,56.983156188347394,57.03117766562347,87247200
2019-10-22,57.617061614990234,58.154908138327166,57.535421055865456,57.90519420446426,82293600
2019-10-23,58.39020538330078,58.40461512439032,57.91958976088768,58.130888664552984,75828800
2019-10-24,58.48625564575195,58.77919144814045,58.06125802035155,58.7095571851868,69275200
2019-10-25,59.20658874511719,59.242603940499954,58.31817850890162,58.38540931615225,73477200
2019-10-28,59.799659729003906,59.84768120784419,59.24020052419486,59.408277532037836,96572800
2019-10-29,58.41661834716797,59.9677374114046,58.24374175415912,59.780451077157984,142839600
2019-10-30,58.4094123840332,58.89924097507983,57.917187665272955,58.76957895706002,124522000
2019-10-31,59.73002624511719,59.82847265948915,56.96874904224295,59.365060070154456,139162000
2019-11-01,61.42521667480469,61.45162537567779,59.826076043549875,59.91731576023175,151125200
2019-11-04,61.82859802246094,61.912638359081036,61.31956374708165,61.78777591806556,103272000
2019-11-05,61.7397575378418,61.99427467320338,61.545268167001495,61.72054454973453,79897600
2019-11-06,61.76615524291992,61.826182996756565,61.317148816638884,61.65330277260276,75864400
2019-11-07,62.47903823852539,62.70060689193552,62.16113826391426,62.31286358586997,94940400
2019-11-08,62.6500129699707,62.7222595989475,61.85767397402951,62.300803780835025,69986400
2019-11-11,63.14613342285156,63.211155396483534,62.202069046791834,62.20688303941407,81821200
2019-11-12,63.088340759277344,63.288235410018565,62.83788080237024,62.989598769693245,87388800
2019-11-13,63.692832946777344,63.767490271321854,62.87400569881237,62.88845502939462,102734400
2019-11-14,63.25210189819336,63.791563071866,63.12205059753754,63.51942181384487,89182800
2019-11-15,64.00350952148438,64.00832351523762,63.34122157477898,63.502574886013555,100206400
2019-11-18,64.32620239257812,64.40567368628587,63.635016010866224,64.01311651070851,86703200
2019-11-19,64.13114929199219,64.5429699152776,63.9144019823477,64.51888524762629,76167200
2019-11-20,63.38457107543945,64.08057169419445,62.71264777563229,63.950527713283876,106234400
2019-11-21,63.100372314453125,63.5820361437923,62.90047770949757,63.50496816719241,121395200
2019-11-22,63.04499053955078,63.38215381547278,62.81860790794425,63.2400638402488,65325200
2019-11-25,64.150390625,64.16725062153702,63.2231863603436,63.26894500831201,84020400
2019-11-26,63.649471282958984,64.34065772923968,63.21838008089831,64.2876744119495,105207600
2019-11-27,64.50440216064453,64.53812214763184,63.89509787093036,63.96011982491394,65235600
2019-11-29,64.36234283447266,64.54296680875088,64.0372182108502,64.20580352668654,46617600
2019-12-02,63.61817169189453,64.6031735303105,63.44718305749584,64.36715556270056,94487200
2019-12-03,62.483856201171875,62.50311952452636,61.72282631052434,62.20930423351439,114430400
2019-12-04,63.03535461425781,63.41346255389857,62.7800733256157,62.87400131746364,67181600
2019-12-05,63.96016311645508,64.03482780252034,63.27379775546852,63.52907910262776,74424400
2019-12-06,65.19561767578125,65.26546100190234,64.37437981221761,64.41773515061479,106075600
2019-12-09,64.28286743164062,65.21728922547906,63.79879285948436,65.02462660501106,128042400
2019-12-10,64.65855407714844,65.04147593348435,64.02756829699055,64.68745273051618,90420400
2019-12-11,65.21006774902344,65.28954641231785,64.66338184077233,64.73803916107421,78756800
2019-12-12,65.376220703125,65.64113724354316,64.3791805323222,64.48996114027678,137310400
2019-12-13,66.26490783691406,66.30103115854632,65.2485967405498,65.37623737672222,133587600
2019-12-16,67.39920043945312,67.62317965371567,66.70561086015303,66.7104248514686,128186000
2019-12-17,67.53169250488281,67.85922045100963,67.14394921761478,67.32939453528536,114158400
2019-12-18,67.37032318115234,67.89052104298418,67.22100855730946,67.38477250929151,116028400
2019-12-19,67.43775177001953,67.71711767990757,67.18006720064264,67.31252181714845,98369200
2019-12-20,67.298095703125,68.07116437712546,67.08616236392761,67.97001905135092,275978000
2019-12-23,68.39627075195312,68.45647873677,67.52204963647512,67.5605836287108,98572000
2019-12-24,68.46128845214844,68.61061041883474,68.13617123413715,68.56244109414793,48478800
2019-12-26,69.819580078125,69.83644007577118,68.56484788189442,68.59374653522693,93121200
2019-12-27,69.7930908203125,70.79736320865955,69.38849493923185,70.11099073385043,146266000
2019-12-30,70.20732879638672,70.48910541724575,68.69009042144484,69.7112155576161,144114400
2019-12-31,70.7203140258789,70.7275386917613,69.72567670828415,69.82441870841632,100805600
2020-01-02,72.3338851928711,72.39409318664748,71.09119131937346,71.34406195339083,135480400
2020-01-03,71.63064575195312,72.38926493117573,71.40667380039741,71.56321309934685,146322800
2020-01-06,72.20140075683594,72.23993474282962,70.50353879987532,70.7540060340311,118387200
2020-01-07,71.86185455322266,72.46633779595872,71.6426965801033,72.21105649751387,108872000
2020-01-08,73.01782989501953,73.31886979288494,71.56561372170107,71.56561372170107,132079200
2020-01-09,74.56879425048828,74.76145686133366,73.74274246581768,73.99320238999518,170108400
2020-01-10,74.73736572265625,75.30091887725054,74.23643856809193,74.80239504412852,140644800
2020-01-13,76.33406829833984,76.36056362612658,74.93483570619189,75.0528483215238,121532000
2020-01-14,75.30332946777344,76.48100118582082,75.18051017572739,76.27147857331117,161954400
2020-01-15,74.9806137084961,75.98247543934815,74.54952248725758,75.10344034713454,121923600
2020-01-16,75.91985321044922,76.03064118697364,75.16123412136378,75.52248200660513,108829200
2020-01-17,76.76036071777344,76.7627640392473,75.86205500785368,76.16790890123319,137816400
2020-01-21,76.24017333984375,76.8302072165908,76.10289736234121,76.38948797518701,110843200
2020-01-22,76.5123062133789,77.06380603496487,76.4183782339569,76.72423213565071,101832400
2020-01-23,76.88079833984375,76.96026966222608,76.01861570517516,76.56530902285643,104472000
2020-01-24,76.65921783447266,77.86819158420508,76.46895853504518,77.1264324079885,146537600
2020-01-27,74.40503692626953,75.08417746726008,73.42484908589569,74.67235687385795,161940000
2020-01-28,76.50990295410156,76.68089158109271,75.18532722614749,75.28406920782065,162234000
2020-01-29,78.1114273071289,78.95674973344263,77.39856685210137,78.13792264122904,216229200
2020-01-30,77.99822998046875,78.05121329496869,76.76517176985938,77.19626294921763,126743200
2020-01-31,74.53990936279297,77.71166246110458,74.24609404973549,77.29020649112265,199588400
2020-02-03,74.3351821899414,75.49839714349714,72.78422401879573,73.2851511845041,173788400
2020-02-04,76.78926849365234,76.97952779146334,75.53212542449515,75.93672133535755,136616400
2020-02-05,77.41541290283203,78.21256585966833,76.8133331862121,77.91392932249283,118826800
2020-02-06,78.32096099853516,78.32337167005116,77.12884718583062,77.6851684350144,105425600
2020-02-07,77.25634002685547,78.06986841374218,76.76629135471327,77.82122317353306,117684000
2020-02-10,77.623291015625,77.623291015625,75.7644885208781,75.8441484328751,109348800
2020-02-11,77.15497589111328,78.19059906005786,76.9377141953968,78.11818095050265,94323200
2020-02-12,78.98724365234375,78.99206907115294,77.60399867366895,77.60399867366895,113730400
2020-02-13,78.42475891113281,78.7506551305069,78.05782821966719,78.26060628866534,94747600
2020-02-14,78.4440689086914,78.69271421468866,77.93712009409066,78.3933688702963,80113600
2020-02-18,77.00772094726562,77.18877358272158,75.94795598487916,76.12900862033511,152531200
2020-02-19,78.12301635742188,78.35235267875386,77.24913667748609,77.24913667748609,93984000
2020-02-20,77.321533203125,78.3716398349872,76.81700080414447,77.88400744802773,100566000
2020-02-21,75.57136535644531,77.35775721221363,74.95578935685651,76.91598466630131,129554000
2020-02-24,71.98170471191406,73.43012593023869,69.82114748147725,71.75961758398634,222195200
2020-02-25,69.54354095458984,73.03182567603444,69.07280838793456,72.65041125636773,230673600
2020-02-26,70.64673614501953,71.90927916190874,69.16210602316792,69.16934783382864,198054800
2020-02-27,66.02867889404297,69.04139705399142,65.8934935311334,67.85852144500781,320605600
2020-02-28,65.99005126953125,67.20914325476264,61.88860853206062,62.10346116385855,426510000
2020-03-02,72.1337661743164,72.76865844299596,67.04256816593558,68.14336733709636,341397200
2020-03-03,69.84288024902344,73.3866827671886,68.99313499680584,73.30702283331924,319475600
2020-03-04,73.08247375488281,73.24180090646557,70.76259027435336,71.561635057031,219178400
2020-03-05,70.71192169189453,72.31242082695749,70.34740002247567,71.33956494467967,187572800
2020-03-06,69.77287292480469,70.20498737405435,67.889928042293,68.07580613740882,226176800
2020-03-09,64.25438690185547,67.13191312620091,63.48913439783881,63.67018706247143,286744800
2020-03-10,68.88207244873047,69.14761776690831,65.02685833500999,66.9025682079639,285290000
2020-03-11,66.48978424072266,67.88751298901103,65.62797171834961,66.96294054735044,255598800
2020-03-12,59.923583984375,65.1789387030404,59.868062216126,61.7848064103127,418474000
2020-03-13,67.10294342041016,67.5736832780311,61.06302571813862,63.94538830639056,370732000
2020-03-16,58.4703483581543,62.542820889319664,57.93684495675963,58.40758108532822,322423600
2020-03-17,61.041290283203125,62.1879532458274,57.55059398806874,59.74978006097213,324056000
2020-03-18,59.546993255615234,60.350867249400196,57.241589389983226,57.88131079294163,300233600
2020-03-19,59.09074020385742,61.036451553451855,58.56689512385312,59.72080339842934,271857200
2020-03-20,55.33934020996094,60.79264444451166,55.03999854094989,59.67011594836406,401693200
2020-03-23,54.16371154785156,55.160709355187784,51.324807219579434,55.05932030955582,336752800
2020-03-24,59.59769821166992,59.79323446043245,56.56084169108887,57.05813231967632,287531200
2020-03-25,59.26939392089844,62.34245973328567,58.97488132854125,60.53193331315153,303602000
2020-03-26,62.388328552246094,62.44626304168301,59.47217348326275,59.510798931904375,252087200
2020-03-27,59.80531311035156,61.76792134587147,59.638744081772344,61.0147434951052,204216800
2020-03-30,61.51202392578125,61.683422027854625,60.206030134757754,60.529513617295876,167976400
2020-03-31,61.386497497558594,63.366005560924876,60.833685075362965,61.70273919270683,197002000
2020-04-01,58.15652084350586,60.04188167908633,57.726822887688364,59.50596558883749,176218400
2020-04-02,59.12697219848633,59.18008127638258,57.188501905851105,58.018930741836876,165934000
2020-04-03,58.2772216796875,59.31284110700112,57.68819653151743,58.61277240805976,129880000
2020-04-06,63.36117935180664,63.51567376682207,60.201208300554335,60.568138982385115,201820400
2020-04-07,62.6273193359375,65.5893455207901,62.52351758063344,65.3720764386448,202887200
2020-04-08,64.2302474975586,64.54406918127975,63.061855141740836,63.426369510698045,168895200
2020-04-09,64.69371795654297,65.19584133375365,63.899505790640596,64.86511973614601,161834800
2020-04-13,65.9635009765625,66.07213548949194,64.17228391165321,64.77096719479518,131022800
2020-04-14,69.29486083984375,69.58454794114515,67.12222968123038,67.59296937908287,194994800
2020-04-15,68.66239166259766,69.1210568119712,67.74506136385055,68.17234288135833,131154400
2020-04-16,69.20796966552734,69.57249130619873,68.16027936470277,69.37453866907585,157125200
2020-04-17,68.26890563964844,69.27073604048029,66.83496828577375,68.72516178272222,215250000
2020-04-20,66.85187530517578,67.99854202997274,66.83256626499734,67.09811161151838,130015200
2020-04-21,64.78546142578125,66.92912586019385,64.07573448825138,66.69496415132106,180991600
2020-04-22,66.6515121459961,67.0860355273564,65.71003990834832,66.05041238241853,116862400
2020-04-23,66.39320373535156,68.01543553598502,66.35457829164004,66.59598178954948,124814400
2020-04-24,68.30995178222656,68.31960998543786,66.86877252729914,66.91705617630512,126161200
2020-04-27,68.35824584960938,68.68896753125865,67.58092613126625,68.02751680090847,117087600
2020-04-28,67.25018310546875,69.00035846269303,67.15845596472252,68.81930583953189,112004800
2020-04-29,69.45903015136719,69.92735352024151,68.53204161617626,68.73481966758834,137280800
2020-04-30,70.92431640625,71.10054354146301,69.60867228844485,69.9973282286354,183064000
2020-05-01,69.78251647949219,72.17965163700352,69.00519685948858,69.1017567929507,240616800
2020-05-04,70.76986694335938,70.89781053260225,69.11866751411011,69.80666911806027,133568000
2020-05-05,71.83201599121094,72.66244451792257,71.08366376030753,71.2285073158129,147751200
2020-05-06,72.5731430053711,73.20320267035598,72.14827044329485,72.5321011645588,142333600
2020-05-07,73.32389831542969,73.66911092684012,72.89661676334377,73.19837114485792,115215200
2020-05-08,75.06912231445312,75.12237513838589,73.65551062741005,73.98228898395239,133838400
2020-05-11,76.2503662109375,76.74415709638575,74.36957888241814,74.57775171164975,145946400
2020-05-12,75.37896728515625,77.38319884408511,75.25793879153254,76.93296900656856,162301200
2020-05-13,74.46882629394531,76.4779036027934,73.39409274246334,75.55808267285332,200622400
2020-05-14,74.92631530761719,74.98682954910396,72.98743664654351,73.70876906438306,158929200
2020-05-15,74.48333740234375,74.52932881095421,72.66791038979864,72.70180190645536,166348400
2020-05-18,76.23828125,76.61105115017922,75.11514045510178,75.80500447840275,135178400
2020-05-19,75.79771423339844,77.09997437404789,75.76624564907384,76.25519801175672,101729600
2020-05-20,77.2718734741211,77.3420646988432,76.61589356065315,76.65462357446266,111504800
2020-05-21,76.69576263427734,77.67367499164858,76.45854411277335,77.1338852173559,102688800
2020-05-22,77.1895523071289,77.27185079219365,76.33266854723075,76.43432834001963,81803200
2020-05-26,76.66670989990234,78.48455279572174,76.61103413521022,78.30543299444078,125522000
2020-05-27,77.0007553100586,77.14599099987917,75.78563172544763,76.52391007078806,112945200
2020-05-28,77.03462982177734,78.29090607267398,76.4004417495467,76.67638285095582,133560800
2020-05-29,76.95960998535156,77.736610955793,76.60378586836536,77.2767040924692,153532400
2020-06-01,77.90603637695312,78.02706486056282,76.78288850329889,76.91360133395523,80791200
2020-06-02,78.26669311523438,78.2909002875674,77.19922108217762,77.63976650286615,87642800
2020-06-03,78.69756317138672,78.95898884323296,78.01496072344597,78.58621903033732,104491200
2020-06-04,78.01982116699219,78.81860638544032,77.64705128445249,78.52088097581583,87560400
2020-06-05,80.24189758300781,80.3024118345787,78.24008880036028,78.26913445919533,137250400
2020-06-08,80.71632385253906,80.75021537775042,79.23009773769596,79.93932296340279,95654400
2020-06-09,83.26518249511719,83.6573136410901,80.36534445233356,80.39681304328083,147712400
2020-06-10,85.40739440917969,85.8745626649843,83.77350959383725,84.2116321903992,166651600
2020-06-11,81.30692291259766,84.9765069301838,81.20526313670851,84.55290729433239,201662400
2020-06-12,82.00889587402344,84.18740853476542,80.90027823694467,83.44187634114364,200146000
2020-06-15,83.0230941772461,83.67422783242152,80.50328094936093,80.66546232343777,138808800
2020-06-16,85.2234115600586,85.49452156139306,83.44187587324252,85.07333742619001,165428800
2020-06-17,85.10479736328125,86.02703369979835,84.9837688951085,85.96651946571197,114406400
2020-06-18,85.13872528076172,85.55506368475906,84.5311597469356,85.06126525513555,96820400
2020-06-19,84.65217590332031,86.3078449275457,83.54597361995395,85.84309961565448,264476000
2020-06-22,86.86699676513672,87.0098095125726,84.99831637895207,85.04430780115948,135445200
2020-06-23,88.72115325927734,90.13718820813904,87.68998805980996,88.10874933547481,212155600
2020-06-24,87.1550521850586,89.26821268122214,86.78228229668392,88.3508144843821,192623200
2020-06-25,88.31208038330078,88.3508103921037,86.55232854521968,87.30996818337783,137522400
2020-06-26,85.5986099243164,88.42825657527817,85.45095132716905,88.20798383985682,205256800
2020-06-29,87.57135009765625,87.66575583992166,85.02975249931492,85.50660491562621,130646000
2020-06-30,88.3023681640625,88.58800096545747,87.1404978146636,87.15985911945725,140223200
2020-07-01,88.13534545898438,88.92203048346985,88.08693850505696,88.37982532273861,110737200
2020-07-02,88.13534545898438,89.67483137890527,88.02158579310888,89.04064340262327,114041600
2020-07-06,90.49301147460938,90.96017971455592,89.52962194946613,89.56109054157537,118655600
2020-07-07,90.21221160888672,91.64760765010688,90.10086747244101,90.87060685450933,112424400
2020-07-08,92.31327056884766,92.34473915860562,91.10056271828748,91.18770707353977,117092000
2020-07-09,92.71024322509766,93.2572869587544,91.66455533300416,93.20403412942578,125642800
2020-07-10,92.87240600585938,92.93050469526396,91.69601281004776,92.30599364635842,90257200
2020-07-13,92.44397735595703,96.77921853086478,92.23096604261153,94.17468319640058,191649200
2020-07-14,93.97378540039062,94.16500509879575,90.89482027358295,91.82673375082925,170989200
2020-07-15,94.62008666992188,96.09421302015997,93.42432441242931,95.84489458759741,153198000
2020-07-16,93.45576477050781,94.31022548870118,92.8578838224014,93.49449476804814,110577600
2020-07-17,93.26697540283203,94.06092201052024,92.79496133182224,93.90600938284572,92186800
2020-07-20,95.23248291015625,95.37045717183655,93.01040144233045,93.35412562962276,90318000
2020-07-21,93.91812133789062,96.09663446170768,93.66880290920021,96.02159737840238,103433200
2020-07-22,94.18195343017578,94.86213298167614,93.53324246932021,93.62037944003524,89001600
2020-07-23,89.8951187133789,93.99314144318696,89.08664931990235,93.91568143989768,197004400
2020-07-24,89.67242431640625,90.01614846898383,86.31267234298356,88.09663844239333,185438800
2020-07-27,91.79769897460938,91.88968182119616,90.50996128337569,90.73264959796012,121214000
2020-07-28,90.28966522216797,91.54594138277622,90.28481935549645,91.36923715007886,103625600
2020-07-29,92.02039337158203,92.20435906214746,90.73507124553788,90.77137831946693,90329200
2020-07-30,93.13385772705078,93.2379404686909,90.78832470426487,91.19497870904048,158130000
2020-07-31,102.8839111328125,103.03398529349649,97.6215868383854,99.61614157613516,374336800
2020-08-03,105.47632598876953,108.09053834247213,104.4645296144692,104.7622549635953,308151200
2020-08-04,106.18070983886719,107.26996618839969,104.94379489849536,105.6651273181697,173071600
2020-08-05,106.56558990478516,106.88510690463526,105.43760344433963,105.90235611566642,121776800
2020-08-06,110.28358459472656,110.77738293578851,106.30901285016994,106.8972095786005,202428800
2020-08-07,107.77619171142578,110.26174899503663,106.98081367668276,109.80586023116359,198045600
2020-08-10,109.34272003173828,110.35876815700075,106.69711566216836,109.21904600684799,212403600
2020-08-11,106.09086608886719,109.10505737675727,105.83139636601508,108.60794885006547,187902400
2020-08-12,109.61670684814453,109.8737492325435,106.9856522603481,107.1796439994117,165598000
2020-08-13,111.55667114257812,112.55817011651827,110.50667052619417,110.99408465160128,210082000
2020-08-14,111.45724487304688,111.54696624880587,109.65066604650143,111.3820725095563,165565200
2020-08-17,111.16625213623047,112.60181637912858,110.54062239475888,112.57756555807367,119561600
2020-08-18,112.09257507324219,112.51693852673742,110.58426581680665,110.91890789561272,105633600
2020-08-19,112.23324584960938,113.64455957563473,112.13867724751783,112.49999013808184,145538000
2020-08-20,114.72361755371094,114.83758973633215,112.25745666606086,112.27443297843882,126907200
2020-08-21,120.63563537597656,121.11819493819868,115.66936721789659,115.68148892938783,338054800
2020-08-24,122.07845306396484,124.91805616382935,120.21610549023623,124.83317459173283,345937600
2020-08-25,121.07696533203125,121.42130925505194,119.35768781992573,120.95329871627834,211495600
2020-08-26,122.72348022460938,123.17936898693925,121.32671591454528,122.39126546065715,163022400
2020-08-27,121.25640106201172,123.65708422717836,120.11425182681509,123.32486945527224,155552400
2020-08-28,121.05998992919922,122.64589153107447,120.83689273182479,122.22880256231407,187630000
2020-08-31,125.16539764404297,127.06655257654671,122.21668415759454,123.74924435405829,225702700
2020-09-01,130.1510772705078,130.75247109042868,126.61067882372832,128.77371625173845,151948100
2020-09-02,127.45450592041016,133.83693302305636,123.18662864355862,133.45864396806553,200119000
2020-09-03,117.25039672851562,124.97138507910603,116.88180945410002,123.09934328509381,257599600
2020-09-04,117.32803344726562,119.98575966617278,107.56039728695785,116.46475733163177,332607200
2020-09-08,109.43241882324219,115.41715402612338,109.29662311428591,110.52848630276392,231366600
2020-09-09,113.79728698730469,115.56263840332464,111.79914401101568,113.73909094731499,176940500
2020-09-10,110.08230590820312,116.88182317054356,109.12203408038299,116.74602745349068,182274400
2020-09-11,108.63705444335938,111.77007275174712,106.6971070425851,111.12988655734183,180860300
2020-09-14,111.89616394042969,112.44904864015743,109.41303369608222,111.27538137934282,140150100
2020-09-15,112.07077026367188,115.26198485471991,110.19872059172918,114.77699796976391,184642000
2020-09-16,108.76313781738281,112.51693833812011,108.67584374495958,111.7700619173575,154679000
2020-09-17,107.02688598632812,108.83103751673956,105.44583164529507,106.42550707639862,178011000
2020-09-18,103.63200378417969,107.55069907168165,102.90452338823951,107.08511576245537,287104900
2020-09-21,106.77470397949219,106.88140167582651,100.0042844680874,101.40104892896447,195713800
2020-09-22,108.45272064208984,109.47119564550763,105.88229711973844,109.29660014207343,183055400
2020-09-23,103.903564453125,108.74373016788621,103.56406780634413,108.26844522282775,150718700
2020-09-24,104.97053527832031,106.93958033536623,101.84721936701546,102.01211308896369,167743300
2020-09-25,108.90864562988281,109.06384497371614,104.4370662899755,105.17424837255975,149981400
2020-09-28,111.50818634033203,111.85737749779037,109.39364317586228,111.55668799010066,137672400
2020-09-29,110.66429138183594,111.84766043177646,110.15990833447874,111.11048577797068,99382200
2020-09-30,112.33263397216797,113.73910005377913,110.20839693905525,110.37329066576835,142675200
2020-10-01,113.2832260131836,114.18530182393523,112.35205217632898,114.10770215411938,116120400
2020-10-02,109.62643432617188,111.90587864952262,108.85045973551675,109.5003403977725,144712000
2020-10-05,113.00192260742188,113.14742012517607,110.1405034929378,110.4896945754234,106243800
2020-10-06,109.76222229003906,112.63334341918222,108.87954271233731,112.22594886007512,161498200
2020-10-07,111.62458038330078,112.08046922763401,110.70310088509402,111.17839334850785,96849000
2020-10-08,111.51786041259766,112.90492288741173,111.14926572678705,112.75942537460811,83477200
2020-10-09,113.45782470703125,113.48692273393875,111.46937566481606,111.81856678833006,100506900
2020-10-12,120.66472625732422,121.42130453731181,115.6984583933761,116.45503667336371,240226800
2020-10-13,117.46379089355469,121.62497815056649,116.0573322604358,121.5085786649449,262330500
2020-10-14,117.5511245727539,119.33587277286527,116.02826603667377,117.36682718675729,150712000
2020-10-15,117.08551025390625,117.56079523723751,114.60238025084043,115.15526489684527,112559200
2020-10-16,115.44625854492188,117.90029805270329,115.24256497002679,117.63840102761567,115393800
2020-10-19,112.49755096435547,116.80422908289772,112.1871596819352,116.35804207693808,120639300
2020-10-20,113.98161315917969,115.4074757022461,112.15805784138063,112.71094256212962,124423700
2020-10-21,113.3608169555664,115.14556482205545,112.95342242055368,113.16681779596242,89946000
2020-10-22,112.27445220947266,114.49569279996962,111.14927920105526,113.92340448698165,101988000
2020-10-23,111.58576202392578,113.05042420827988,110.84858002778377,112.89522488264528,82572600
2020-10-26,111.59548950195312,113.05045021305911,109.49064071564872,110.58671585421544,111850700
2020-10-27,113.09893035888672,113.75851276167866,111.10078693291935,112.02225897491293,92276800
2020-10-28,107.8610610961914,111.96405267029793,107.76406521649079,111.59546536731106,143937800
2020-10-29,111.85733795166016,113.41899579809663,108.8310181237197,108.99591923444608,146129200
2020-10-30,105.59132385253906,108.62733847489969,104.48555457025763,107.72526275511105,190272600
2020-11-02,105.50404357910156,107.35669702970988,104.09758457442842,105.83383850866505,122866900
2020-11-03,107.1238784790039,108.14234624016166,105.46522463913784,106.36730031348367,107624400
2020-11-04,111.49845886230469,112.11924135480659,108.97652906147681,110.71278263905,138235500
2020-11-05,115.45597076416016,116.0282591074031,113.3608313760952,114.40839736997158,126387100
2020-11-06,115.32478332519531,115.8203179514325,112.837361996159,114.96527127109147,114457900
2020-11-09,113.02196502685547,118.53120106910235,112.75962363044832,117.08344929046696,154515300
2020-11-10,112.68191528320312,114.25597883957684,110.8940807658282,112.27382528066764,138023400
2020-11-11,116.10208892822266,116.23811890460102,113.13857025646223,113.86730544980823,112295000
2020-11-12,115.83003997802734,117.1126137436234,115.20818648034917,116.22841881317535,103162300
2020-11-13,115.8786392211914,116.27701069114,114.52805029862242,116.0535360017511,81581900
2020-11-16,116.88912963867188,117.55956098518271,114.80008723878368,115.5482521194945,91183000
2020-11-17,116.00494384765625,117.24865091924097,115.5871353083196,116.16041093814378,74271000
2020-11-18,114.6834945678711,116.42274359265693,114.65434634387621,115.24705160870013,76322100
2020-11-19,115.2762222290039,115.68431227037438,113.49810608907285,114.25598971249795,74113000
2020-11-20,114.0130844116211,115.40254027143864,113.96450649711626,115.27622879802983,73604300
2020-11-23,110.62201690673828,114.2851304944073,110.5248536828197,113.85760341347095,127959300
2020-11-24,111.90460968017578,112.56533009298217,109.39775804807978,110.68033950800988,113874200
2020-11-25,112.74020385742188,113.43979090606146,111.90458681744444,112.27381743371453,76499200
2020-11-27,113.28433227539062,114.158816151439,112.92482759135008,113.26490259506915,46691300
2020-11-30,115.67459106445312,117.54015173092947,113.49809620715159,113.65356330256418,169410200
2020-12-01,119.24053955078125,119.9692749139944,116.60737666127397,117.57902381222483,127728200
2020-12-02,119.59032440185547,119.87210294466338,117.4624149241799,118.56037345602128,89004200
2020-12-03,119.45427703857422,120.27045690895935,118.74497151143471,120.01782662918774,78967600
2020-12-04,118.78385925292969,119.3765645833526,118.07455360054387,119.12393425897255,78260400
2020-12-07,120.24134063720703,121.03809104227989,118.78386984160453,118.84216630124308,86712000
2020-12-08,120.85346984863281,121.43646406909802,119.60004413555974,120.84375871454999,82225500
2020-12-09,118.32718658447266,122.37895334699282,117.56930300737729,120.99921619827668,115089200
2020-12-10,119.74578094482422,120.35792333365181,116.7433951040976,117.08347009062476,81312200
2020-12-11,118.93932342529297,119.27939842297663,117.13205925122674,118.95875310526962,86939800
2020-12-14,118.32718658447266,119.85267228564851,118.09399334838469,119.12393693642923,79184500
2020-12-15,124.25422668457031,124.27366377761385,120.61055011219938,120.81459511068267,157243700
2020-12-16,124.18620300292969,124.73032296084445,122.97164423038534,123.79755012617825,98208600
2020-12-17,125.05098724365234,125.90604149372504,124.40969655609783,125.24531371153455,94359800
2020-12-18,123.0688247680664,125.43964605507787,122.5441344465272,125.30361605465058,192541500
2020-12-21,124.59429931640625,124.67203286094654,119.94982751976666,121.47531311924551,121251600
2020-12-22,128.14077758789062,130.59904266881472,125.97399466980123,127.87842881518668,168904800
2020-12-23,127.24689483642578,128.67520225485305,127.07199067068275,128.41286824547294,88223700
2020-12-24,128.22830200195312,129.67606189128196,127.38297355158525,127.59673715473882,54930100
2020-12-28,132.81443786621094,133.44600251933943,129.72459253226933,130.19099379190865,124486200
2020-12-29,131.04603576660156,134.85489050709643,130.53106400488656,134.13588116304936,121047300
2020-12-30,129.92864990234375,132.13429294527648,129.61771571736733,131.7359140805847,96452100
2020-12-31,128.9278106689453,130.919689487732,127.9853121277558,130.27839906928602,99116600
2021-01-04,125.74085235595703,129.82176713240116,123.16598610776015,129.7343224533574,143301900
2021-01-05,127.29549407958984,128.00480720900393,124.7886425294723,125.23560676408721,97664900
2021-01-06,123.01053619384766,127.33437075749549,122.79677262000745,124.09878374563415,155088000
2021-01-07,127.2080078125,127.89788362114454,124.23477073043473,124.72059417067166,109578200
2021-01-08,128.30601501464844,128.8695721666665,126.53761000388556,128.67523086681507,105158200
2021-01-11,125.32303619384766,126.47929859092635,124.85664974689551,125.527088604103,100384500
2021-01-12,125.14813995361328,126.0129052139805,123.26314235039197,124.85664288048969,91951100
2021-01-13,127.17888641357422,127.72300640920702,124.84693933910279,125.10927337732423,88636800
2021-01-14,125.25503540039062,127.28577434890036,125.1092794348303,127.09144788764522,90221800
2021-01-15,123.53521728515625,126.52789226757409,123.39918727805356,125.12871800814145,111598500
2021-01-19,124.20565032958984,125.0607045202907,123.34088500532488,124.15706500945309,90757300
2021-01-20,128.2865753173828,128.7335395413519,124.90524730001776,125.01212908230433,104319500
2021-01-21,132.98931884765625,135.70993338633443,129.80231790485385,130.00637029637122,120150900
2021-01-22,135.126953125,135.88483658611096,131.19177987621222,132.41604973812463,114459400
2021-01-25,138.86778259277344,140.97625472972098,132.66867020571667,139.01353853335786,157611700
2021-01-26,139.10101318359375,140.20869037046396,137.3617564370404,139.52854031294,98390600
2021-01-27,138.0321807861328,140.20867556656404,136.4289690465183,139.36333253146313,140843800
2021-01-28,133.20310974121094,137.9641898687069,132.82416793009364,135.56422012291074,142621100
2021-01-29,128.2185516357422,132.86302336292994,126.51816929301403,131.9788209864335,177523800
2021-02-01,130.33676147460938,131.54160940158948,127.21776727973175,129.95781964029345,106239800
2021-02-02,131.16265869140625,132.44522526454477,130.79342801715512,131.88166811874655,83305400
2021-02-03,130.14242553710938,131.92054165395052,129.82178018887643,131.91081569341782,89880900
2021-02-04,133.49456787109375,133.50427900274144,130.77395356806818,132.43547630144383,84183100
2021-02-05,133.08102416992188,133.7232731231055,132.20524094162676,133.65516390896917,75693800
2021-02-08,133.22698974609375,133.27564766652046,131.29051736028654,132.37065786118401,71297200
2021-02-09,132.3511962890625,134.17090160726997,132.19551172596402,132.94478730279516,76774200
2021-02-10,131.7478790283203,133.3048434386966,130.78450562896475,132.80855342312873,73046600
2021-02-11,131.494873046875,132.72097244544923,130.17145780866096,132.24414858851415,64280000
2021-02-12,131.72840881347656,131.88410821935858,130.0936095966532,130.73585850968206,60145100
2021-02-16,129.6071014404297,132.35123381512605,129.21785280153554,131.84523285703966,80576300
2021-02-17,127.32022857666016,128.66310951547376,125.98708812762831,127.71920260171457,97918500
2021-02-18,126.22065734863281,126.50284947960014,123.98252704202405,125.72436743621753,96856700
2021-02-19,126.37635803222656,127.1937724488316,125.33514985915805,126.73641474669597,87668800
2021-02-22,122.61048126220703,126.23041094448011,122.22124015432108,124.56640502266376,103916400
2021-02-23,122.4742431640625,123.30137584564321,115.20519230196524,120.43073670834654,158273000
2021-02-24,121.97795867919922,122.18230857916163,118.94189453786483,121.57899194807914,111039900
2021-02-25,117.73527526855469,123.05812931277038,117.29738357910315,121.32601384902621,148199500
2021-02-26,117.99799346923828,121.49141551253575,117.93960247752109,119.29220956982277,164560400
2021-03-01,124.3523178100586,124.4885510714253,119.48682297794498,120.42099709481208,116307900
2021-03-02,121.75416564941406,125.25732102772348,121.64712415132996,124.95566267357219,102260900
2021-03-03,118.77648162841797,122.32829506323422,118.5623986243893,121.4525043304613,112966300
2021-03-04,116.89839172363281,120.27504677444026,115.4290174341431,118.47481493176636,178155000
2021-03-05,118.1536865234375,118.65970219404976,114.40725661331615,117.72552798386944,153766600
2021-03-08,113.22978973388672,117.74496808125187,113.08382341259126,117.67685145453473,154376600
2021-03-09,117.83255767822266,118.77646492277744,115.5944343694315,115.82797605727136,129525800
2021-03-10,116.7524185180664,118.88350022910564,116.23666982400522,118.4164168777091,111943300
2021-03-11,118.67913818359375,119.89551178020834,117.99797193915168,119.24353731422019,103026500
2021-03-12,117.7741928100586,117.91042610160652,115.95450209117227,117.16114299809291,88105100
2021-03-15,120.65454864501953,120.6642817142442,117.18058534747087,118.14395874848536,92403800
2021-03-16,122.19203186035156,123.7976465733389,121.36489925795071,122.31853204805573,115227900
2021-03-17,121.40381622314453,122.47422348758266,119.0489113323945,120.71291692133306,111932600
2021-03-18,117.28763580322266,119.86634995731801,117.08328587882134,119.57441725151209,121229700
2021-03-19,116.76211547851562,118.16338003678085,116.4604572455046,116.67454015570114,185549500
2021-03-22,120.07067108154297,120.53776181396455,117.02487423771213,117.09299086284075,111912300
2021-03-23,119.2435531616211,120.89781850320577,118.85431207414345,120.01230226774646,95467100
2021-03-24,116.85945892333984,119.59387224546333,116.84000020937296,119.51602254128295,88530500
2021-03-25,117.34600830078125,118.38723138862223,115.79878440882977,116.32425877519718,98844700
2021-03-26,117.94931030273438,118.21205114883705,115.72091305317379,117.11244470074551,94071200
2021-03-29,118.12451171875,119.2825021466437,117.48227010500301,118.37751959042377,80819200
2021-03-30,116.67456817626953,117.16111766205535,115.66254435493632,116.87891806940085,85671900
2021-03-31,118.86405944824219,120.19720049628938,117.8909603245139,118.37750988637804,118323800
2021-04-01,119.69119262695312,120.83944989383653,119.19490999339443,120.33344161440051,75089100
2021-04-05,122.51318359375,122.76619144970482,119.75931123714496,120.53779352124103,88651200
2021-04-06,122.81481170654297,123.71006091586875,122.26987869637169,123.09701127942607,80171300
2021-04-07,124.45935821533203,124.4788169278638,121.77360301243874,122.44504366920103,83466700
2021-04-08,126.85321044921875,126.88240223692625,125.06271151102148,125.48113703370569,88844600
2021-04-09,129.42218017578125,129.46109760648577,125.9871415439433,126.30826602843275,106686700
2021-04-12,127.70948791503906,129.27617752860823,127.11589707143067,128.9550531527241,91420000
2021-04-13,130.81365966796875,131.0374830743866,128.38091275888675,128.8772026312571,91266500
2021-04-14,128.478271484375,131.36837696548068,128.1182295730411,131.3099933958929,87222800
2021-04-15,130.8817901611328,131.3683395669363,130.04492458921848,130.22009009642866,89347100
2021-04-16,130.5509796142578,131.04725481288563,129.69464764958488,130.68721289515452,84922400
2021-04-19,131.21266174316406,131.82571884662076,129.75301328602865,129.91843832937323,94264200
2021-04-20,129.5292205810547,131.88411859918818,128.2641887932471,131.38784340823202,94812300
2021-04-21,129.9087371826172,130.15201197134868,127.76792201144299,128.79940473993418,68847100
2021-04-22,128.3907012939453,130.54124205126504,127.87495994409139,129.46110142550572,84566500
2021-04-23,130.70668029785156,131.48514771146148,128.60478264515086,128.60478264515086,78657500
2021-04-26,131.0959014892578,131.426751593288,129.9671030596472,131.20294297565732,66905100
2021-04-27,130.77479553222656,131.76736083305914,130.5023289552631,131.3781122600293,66015800
2021-04-28,129.986572265625,131.3878372667235,129.50002274292763,130.69693041123548,107760100
2021-04-29,129.88922119140625,133.38265710155315,128.88693063436986,132.79879189335512,151101000
2021-04-30,127.92356872558594,129.96706719986483,127.54406080548353,128.23495260572474,109839500
2021-05-03,128.9745635986328,130.4634190600625,128.2836714700979,128.48801399046965,75135100
2021-05-04,124.41071319580078,127.95280060042849,123.29164779323206,127.66086791309522,137564700
2021-05-05,124.65398406982422,126.9407577416854,124.5274764521898,125.72438402846821,84000900
2021-05-06,126.2498779296875,126.2596035749363,123.71008135413715,124.44963872166365,78128300
2021-05-07,126.92244720458984,127.94592476658238,126.21086763240989,127.54628780481441,78973300
2021-05-10,123.64728546142578,126.26936319427197,123.60829449035425,126.14265555263232,88071200
2021-05-11,122.73101806640625,123.08192191649415,119.67029018955704,120.38186236478138,126142800
2021-05-12,119.6702880859375,121.4930768252382,119.16342036759427,120.28438654552215,112172300
2021-05-13,121.81473541259766,122.96494285084451,121.12266251691543,121.43458279999426,105861300
2021-05-14,124.23213958740234,124.66103284772763,122.67253787272075,123.06244016058305,81918000
2021-05-17,123.0819091796875,123.72524895126948,122.00968366381709,123.61802565600583,74244600
2021-05-18,121.6977767944336,123.78374532662899,121.62954445690447,123.36460169987382,63342900
2021-05-19,121.54183197021484,121.76602077062454,119.75803398561095,120.0504625668393,92612000
2021-05-20,124.09565734863281,124.49530918227134,121.94145662294912,122.06817912472063,76857100
2021-05-21,122.26313018798828,124.76824225453443,122.04868358173061,124.59278661639331,79295400
2021-05-24,123.89097595214844,124.70977148763245,122.76026751533502,122.82849985689472,63092900
2021-05-25,123.69600677490234,125.08016000374234,123.13064893754277,124.59277665961783,72009500
2021-05-26,123.64728546142578,124.17365241574042,123.228141818366,123.75450877268065,56575900
2021-05-27,122.11691284179688,124.41732784538095,121.92196544288971,123.24762857840483,94625600
2021-05-28,121.46383666992188,122.62379382802953,121.4053539348129,122.39959761550023,71311100
2021-06-01,121.14216613769531,122.18515038351808,120.8107540580726,121.9219706400981,67637100
2021-06-02,121.90248107910156,122.07793673418138,120.91798692698966,121.14217571934485,59278900
2021-06-03,120.42085266113281,121.6977752920281,120.02120080570538,121.53206925104124,76229200
2021-06-04,122.71151733398438,122.97470451422886,120.72302254551224,120.93746915555829,75169300
2021-06-07,122.72127532958984,123.13066937489863,121.67829101219802,122.9844550910691,71057600
2021-06-08,123.54006958007812,125.21665168991701,123.02345219665295,123.40360489150423,74403800
2021-06-09,123.92021179199219,124.52456067367201,123.32561251203367,123.99819373222839,56877900
2021-06-10,122.92596435546875,124.95345011953233,122.76025831506651,123.81298472926724,71186400
2021-06-11,124.13465881347656,124.22239035571975,122.91621888119515,123.33536251537065,53522400
2021-06-14,127.18560791015625,127.24409063710856,123.86170821216966,124.592772046137,96906500
2021-06-15,126.36683654785156,127.30260492232891,126.12314857125716,126.65926509447159,62746300
2021-06-16,126.86394500732422,127.58526671760069,125.21662690472674,127.07839160028391,91815000
2021-06-17,128.4625701904297,129.20339129093645,126.37660133235921,126.52282306860805,96721700
2021-06-18,127.16613006591797,128.1896075868194,126.95168347380675,127.40981802299594,108953300
2021-06-21,128.9596710205078,129.066894317528,125.94769141357571,127.01016734634604,79663300
2021-06-22,130.5972442626953,130.6947253937975,128.29682937988724,128.79396232556323,74783600
2021-06-23,130.3243408203125,130.92869718078555,129.86620618552573,130.3925806003398,60214200
2021-06-24,130.04165649414062,131.240597184488,129.5737648661965,131.05539194095186,68711000
2021-06-25,129.74923706054688,130.50954241745376,129.4568084909208,130.09040620403312,70783700
2021-06-28,131.37704467773438,131.83517920756188,129.9831567614525,130.04163948891443,62111300
2021-06-29,132.88792419433594,133.0438880631515,130.9579196567259,131.3965550234282,64556100
2021-06-30,133.5020294189453,133.9406648079474,132.43953852296474,132.73196707347742,63261400
2021-07-01,133.8041534423828,133.86263615737064,132.3322690387213,133.15107166913734,52485800
2021-07-02,136.42628479003906,136.46526832234767,134.27207651002422,134.41828334809892,78852600
2021-07-06,138.43426513671875,139.53572463895688,136.53350195950557,136.53350195950557,108181800
2021-07-07,140.919921875,141.23183482081484,139.05814174627804,139.9159135024217,104911600
2021-07-08,139.62350463867188,140.42279367497855,137.11838445022283,138.00541248474633,105575500
2021-07-09,141.4462432861328,141.97260274724476,139.04834716131978,139.1458282969305,99890800
2021-07-12,140.85165405273438,142.62570970674338,140.364278087154,142.51848639937432,76299700
2021-07-13,141.96286010742188,143.7369156295679,140.00361422588887,140.39350901995923,100827100
2021-07-14,145.38426208496094,145.79367103404422,143.95137538377713,144.36078433286042,127050800
2021-07-15,144.73117065429688,146.21279783696795,143.3762659892824,145.47199168239987,106820300
2021-07-16,142.69395446777344,145.9788641734468,142.196836268165,144.71169838540143,93251400
2021-07-19,138.8533935546875,140.43250161447835,138.09308832622733,140.1205738932986,121434600
2021-07-20,142.45997619628906,143.3860023478585,139.35053030452949,139.83790622702588,96350000
2021-07-21,141.7289276123047,142.4405072449087,140.97837931958148,141.85565012536404,74993500
2021-07-22,143.0935821533203,144.4582288663732,142.12857241610413,142.25529492286392,77338200
2021-07-23,144.80914306640625,144.9651069434816,143.2105505102186,143.82464898024415,71447400
2021-07-26,145.22830200195312,146.04709009069717,143.97086362595675,144.52647939059113,72434100
2021-07-27,143.06431579589844,145.44271240050767,141.8751174935938,145.35497344078965,104818600
2021-07-28,141.3195343017578,143.25929604709813,138.94113715127986,141.15382825419624,118931200
2021-07-29,141.96286010742188,142.8498878684949,140.92962551695572,141.03684881635502,56699500
2021-07-30,142.17730712890625,142.63544169374407,140.47149137109437,140.73467853831747,70440600
2021-08-02,141.84593200683594,143.23982039265098,141.58274477107045,142.6647202141764,62880000
2021-08-03,143.6394500732422,144.30227426975748,141.51448305654833,142.12858155366985,64786600
2021-08-04,143.23983764648438,144.05862595245128,142.58675543528182,143.55176550030342,56368300
2021-08-05,143.3470458984375,144.10735137016883,142.47951709743447,143.26906394319104,46397700
2021-08-06,142.66366577148438,143.61059289976055,142.16580285802874,142.86867690985883,54126800
2021-08-09,142.6148681640625,143.21035833317768,142.05843483321482,142.72225212556916,48908700
2021-08-10,142.13653564453125,144.196344465899,141.84366893661831,142.9565505100319,69023100
2021-08-11,142.39036560058594,143.22990900393347,142.06821366601775,142.57584837162412,48493500
2021-08-12,145.3482666015625,145.50446416374155,142.37081574173467,142.71249604702388,72282600
2021-08-13,145.55323791503906,145.88514647193662,144.74298004086066,145.4263255685366,59375000
2021-08-16,147.5252227783203,147.59356480078714,142.9858407795006,145.00659283395282,103296000
2021-08-17,146.6173553466797,148.07190241442922,145.54351565601462,146.65639729187643,92229700
2021-08-18,142.87844848632812,147.13473517673972,142.67343732669485,146.2366215497856,86326000
2021-08-19,143.2103271484375,144.4794059910355,141.06266328178802,141.58005455752308,86960300
2021-08-20,144.66493225097656,144.96755574158394,143.288469055807,143.9327728785443,60549600
2021-08-23,146.1487274169922,146.61730507779947,144.3720141553827,144.78202147056598,60131800
2021-08-24,146.0609130859375,147.2714219782902,145.602092007955,145.89495874434272,48606400
2021-08-25,144.8308563232422,146.74423897086186,144.28417982272728,146.24636116832204,58991300
2021-08-26,144.0303497314453,145.57276688380205,144.00106455542348,144.82109417148567,48597200
2021-08-27,145.0651397705078,145.21156564308194,143.33723999505236,143.97177197062845,55802400
2021-08-30,149.47763061523438,149.83883931473636,145.07491826892314,145.45564049048158,90956700
2021-08-31,148.21832275390625,149.16524992421503,147.6911597437249,149.0285807911714,86453100
2021-09-01,148.88214111328125,151.29338682527435,148.71618680019012,149.19453621732464,80313700
2021-09-02,149.99501037597656,151.03956466217258,148.77474502994417,150.20977826854366,71115500
2021-09-03,150.62957763671875,150.95172951907767,149.44835406806936,150.10241459437898,57808700
2021-09-07,152.9626922607422,153.5191254698615,150.71740121777114,151.2836060822293,82278300
2021-09-08,151.42030334472656,153.3043860941943,150.31717858511598,153.24581573453693,74420200
2021-09-09,150.405029296875,152.39649574316758,150.2878736971047,151.7912489116524,57305700
2021-09-10,145.4263458251953,151.78148246152148,145.16276433644302,151.3129047338198,140893200
2021-09-13,145.9925537109375,147.81806596111582,145.21158088499752,147.04686479158386,102404300
2021-09-14,144.5965576171875,147.4763957492906,143.4153491043727,146.7735217186003,109296300
2021-09-15,145.4849395751953,145.88519025288556,142.88821089491876,145.0261185341006,83281300
2021-09-16,145.25064086914062,145.42636685232276,143.71799510025087,144.90897545621797,68034100
2021-09-17,142.58558654785156,145.27994241453277,142.29271983680104,145.27994241453277,129868800
2021-09-20,139.539794921875,141.3945924183066,137.90952209387459,140.37933813407227,123478900
2021-09-21,140.0181121826172,141.1602935933769,139.38358019514303,140.50621829477157,75834000
2021-09-22,142.3805694580078,142.94675948187773,140.28170408222925,141.01386330488788,76404300
2021-09-23,143.3372802734375,143.58133339351843,142.17558503852095,143.16155428115266,64838200
2021-09-24,143.4251251220703,143.96204492535793,142.09747565204063,142.19510285111807,53477900
2021-09-27,141.9119415283203,142.4879179610191,140.39882476121804,142.00956869204927,74150700
2021-09-28,138.5343017578125,141.30674132874793,138.31953384357482,139.8424227657557,108972300
2021-09-29,139.4324188232422,141.013878143942,138.65144592439347,139.08098176355122,74602000
2021-09-30,138.134033203125,140.94552924628812,137.91926531672686,140.24265523549735,89056700
2021-10-01,139.2566680908203,139.5202495626883,135.80088336468526,138.52450892126643,94639600
2021-10-04,135.83018493652344,138.82716398233575,134.98088496397907,138.38785651091933,98322000
2021-10-05,137.7532958984375,138.8564203851178,136.04492465061978,136.17183699568994,80861100
2021-10-06,138.62216186523438,138.76858776803195,135.07850605934124,136.15234566592073,83221100
2021-10-07,139.8814697265625,140.78935501402486,139.32503639848235,139.6569450430087,61732700
2021-10-08,139.500732421875,140.7502829805711,139.16882381318146,140.60385709315267,58773200
2021-10-11,139.41285705566406,141.36528138783962,138.43664488957629,138.8857090401355,64452200
2021-10-12,138.143798828125,139.84241361250955,137.68497785008697,139.82288519545196,73035900
2021-10-13,137.5580596923828,138.03639411972742,135.88873033671427,137.8802114942071,78762700
2021-10-14,140.3402862548828,140.45744186952987,138.1438084019397,138.72954178771872,69907100
2021-10-15,141.3945770263672,141.453147377337,140.09621296187518,140.35003767716657,67940300
2021-10-18,143.06387329101562,143.34696822024532,139.7545151672495,140.0376100964792,85589200
2021-10-19,145.2213592529297,145.62160993395176,143.06393807186709,143.51298745891924,76378900
2021-10-20,145.70945739746094,146.18780683574556,144.59657585778285,145.16278083703227,58418800
2021-10-21,145.92420959472656,146.0804071368253,144.35250720492448,145.27014914498275,61421000
2021-10-22,145.1530303955078,146.60757740087539,145.1042167942401,146.12924283758312,58883400
2021-10-25,145.1042022705078,145.8168331110648,144.10846150842693,145.14324421012236,50720600
2021-10-26,145.7680206298828,147.25185252804923,145.4653823192533,145.77777738990952,60893400
2021-10-27,145.3092498779297,146.1683068273683,144.95781274994326,145.80711293598463,56094900
2021-10-28,148.9407501220703,149.5264686918417,146.1585385042387,146.25616571377768,100077900
2021-10-29,146.2366180419922,146.373287179863,142.92725865743117,143.7179883048137,124953200
2021-11-01,145.41661071777344,146.13899838558393,144.2842007193759,145.44589589912687,74588300
2021-11-02,146.45140075683594,147.96453308347574,145.113979527006,145.12375118515345,69122000
2021-11-03,147.88641357421875,148.35499132920407,146.25614074482093,146.81257403590004,54511500
2021-11-04,147.36900329589844,148.80402155525002,147.05660823548425,147.97425010568048,60394600
2021-11-05,147.89695739746094,148.7963818494452,146.70423879606528,148.49331669815876,65463900
2021-11-08,147.07569885253906,148.18043333239365,146.8019617116547,148.02400784687248,55020900
2021-11-09,147.4374542236328,148.0435844748696,146.70422637098488,146.8410949734435,56787900
2021-11-10,144.612060546875,146.7726448402154,144.54363371528353,146.66510417552323,65187100
2021-11-11,144.56321716308594,146.0883289050465,144.37746369649008,145.62885311604722,41000000
2021-11-12,146.63575744628906,147.0365772200293,144.18187938974896,145.11063141972008,63804000
2021-11-15,146.64556884765625,148.483531417499,146.08830852560698,147.00728981052836,59222800
2021-11-16,147.62318420410156,148.1022316953491,146.00030323462437,146.58689139053743,59256200
2021-11-17,150.05752563476562,151.53375230300938,147.61343285568483,147.6232038564801,88807000
2021-11-18,154.33958435058594,155.12169711619316,149.62738067059388,150.27262482103686,137827700
2021-11-19,156.95962524414062,157.41911583313842,153.02952027938457,154.12446895909494,117305600
2021-11-22,157.41912841796875,161.99446283900974,157.39957149925132,158.0643575600625,117467900
2021-11-23,157.8003692626953,158.18164704165864,155.50291667307366,157.51684621926728,96041900
2021-11-24,158.31854248046875,158.5140669022848,156.0699743356913,157.1551520319611,69463600
2021-11-26,153.30328369140625,156.8618824271744,152.8633499442556,156.00157185337474,76959800
2021-11-29,156.65652465820312,157.58527662553794,155.23893937813287,155.80597050665025,88748200
2021-11-30,161.60340881347656,161.8184901598309,156.34371666317804,156.41215841772612,174048100
2021-12-01,161.0852508544922,166.49158221025922,160.85061260681175,163.73463874085127,152052500
2021-12-02,160.0978240966797,160.52798674829987,154.27111613625055,155.19009727061072,136739200
2021-12-03,158.22080993652344,161.27104831929452,156.1482237273482,160.35206691181173,118023100
2021-12-06,161.62295532226562,164.12570364495514,160.60620449270007,160.61597549233863,107497000
2021-12-07,167.3519287109375,167.74299254141582,164.57544264356054,165.2988995417756,120405400
2021-12-08,171.1647186279297,172.02504411674911,166.882663021836,168.28069194116756,116998900
2021-12-09,170.6563262939453,172.79735388590385,170.03063915946248,170.9985052389604,108923700
2021-12-10,175.43699645996094,175.61297891700764,170.78344865474102,171.29182418696914,115402700
2021-12-13,171.80995178222656,178.05705234389498,171.60464142456377,177.06962931153166,153237000
2021-12-14,170.4314727783203,173.76521877848376,168.35888695654498,171.33089709564845,139380400
2021-12-15,175.2903289794922,175.48585340924998,168.4566405154073,171.19402728468987,131063300
2021-12-16,168.40777587890625,177.08919884301145,166.9315491019716,175.27079308478832,150185800
2021-12-17,167.31283569335938,169.59073223954843,165.8952646870351,166.12988807604526,195432700
2021-12-20,165.95387268066406,166.76531314131543,163.7150906232475,164.51674516713837,107499100
2021-12-21,169.12142944335938,169.3267248588515,165.33796412188073,167.72340078083394,91185900
2021-12-22,171.71218872070312,171.92727008747283,168.30022969109157,169.1703261593658,92135300
2021-12-23,172.3378448486328,172.89510508509778,171.35043687369296,171.91746810959268,68356600
2021-12-27,176.29730224609375,176.3852860059842,173.1102106304085,173.12975263201184,74919600
2021-12-28,175.280517578125,177.27490525734726,174.5375188860444,176.13107184612667,79144300
2021-12-29,175.36854553222656,176.59059189162147,174.15627017338588,175.31966069433915,62348900
2021-12-30,174.21490478515625,176.53191454419968,174.10736412193012,175.4565079119385,59773000
2021-12-31,173.59902954101562,175.2218958133562,173.29594950484335,174.1073900997929,64062300
2022-01-03,177.93971252441406,178.79026689432098,173.73588518068755,173.85319685203027,104487900
2022-01-04,175.68136596679688,178.84891521802436,175.11433471652768,178.54585013474667,99310400
2022-01-05,171.00827026367188,176.14086475419518,170.73453308424857,175.59339039534856,94537600
2022-01-06,168.1536102294922,171.37981619996555,167.80166021603034,168.83795333412328,96904000
2022-01-07,168.3197784423828,170.24572473108867,167.2052727402814,169.02367835082143,86709100
2022-01-10,168.33932495117188,168.64239004792708,164.40921985835627,165.2988731483881,106765600
2022-01-11,171.1647186279297,171.26247339503044,166.99998962694013,168.46644539148625,76138300
2022-01-12,171.60467529296875,173.2177708823876,170.910561158879,172.1814777238459,74805200
2022-01-13,168.33932495117188,172.6702498945838,167.94826118313497,171.8490383580425,84505800
2022-01-14,169.1996612548828,169.89377524696252,167.26392904254132,167.50833831927105,80440800
2022-01-18,166.00277709960938,168.6814931182034,165.6214992398613,167.67452813175186,90956700
2022-01-19,162.51258850097656,167.2541337478389,162.22908034487583,166.1982840356235,94815000
2022-01-20,160.83106994628906,165.8854518373375,160.50844792121475,163.24583471657064,91420500
2022-01-21,158.7780303955078,162.61036568511253,158.67048972769118,160.74307541554964,122848900
2022-01-24,158.00570678710938,158.67050778679211,151.24045969712583,156.44149634340394,162294600
2022-01-25,156.2068328857422,159.1201868610098,153.50856023591945,155.424720331175,115798400
2022-01-26,156.118896484375,160.71378862428045,154.2907195812304,159.84369205931444,108275300
2022-01-27,155.6593475341797,160.1760252131081,154.7403664665498,158.81711052646853,121954600
2022-01-28,166.5209503173828,166.54050723879885,159.15934320684596,162.00427111169125,179935700
2022-01-31,170.87142944335938,171.08651082179728,165.71927719769477,166.3547503312831,115541600
2022-02-01,170.7052001953125,170.93005253238587,168.4566320719076,170.1186120178827,86213900
2022-02-02,171.90768432617188,171.94679815950911,169.45382085751916,170.8420635898593,84914300
2022-02-03,169.033447265625,172.29876649074853,168.27089152715305,170.57811566132818,89418100
2022-02-04,168.7495574951172,170.42345318106436,167.07566180917001,168.05454433189513,82465400
2022-02-07,168.03500366210938,170.2766384169295,167.33999039041194,169.20965988540354,77251200
2022-02-08,171.1380615234375,171.64708470161528,167.8098514342005,168.10351922686326,74829200
2022-02-09,172.5574188232422,172.9196005956565,171.20655609241282,172.33228001362485,71285000
2022-02-10,168.4853057861328,171.77435265074166,167.92735034711362,170.46265325992954,90865900
2022-02-11,165.07879638671875,169.42503845048873,164.49146072642745,168.69087634340775,98670700
2022-02-14,165.31373596191406,165.99895095084156,163.04272064253541,163.83561333947773,86185500
2022-02-15,169.14112854003906,169.29775335068365,166.65477315145358,167.35956986279012,62527400
2022-02-16,168.90618896484375,169.67949961629867,166.4589825612284,168.22097415914394,61177400
2022-02-17,165.31373596191406,168.27974972128825,164.9123904196256,167.41832805716996,69589300
2022-02-18,163.7670440673828,166.93861378532614,162.68048390268257,166.23383213199764,82772700
2022-02-22,160.85003662109375,163.16998418925112,158.72584769849567,161.49608794845346,91162800
2022-02-23,156.6897735595703,162.64136771002168,156.3765239008277,162.04424861753867,90009200
2022-02-24,159.3033905029297,159.411068207212,148.79018396900835,149.35793777917277,141147500
2022-02-25,161.36880493164062,161.6330924831591,157.47284137265066,160.38012393186045,91974200
2022-02-28,161.6331024169922,161.9267702066246,158.99990563300975,159.6166064975814,95056600
2022-03-01,159.75364685058594,163.0818568508139,158.5496253630897,161.22197083806662,83474400
2022-03-02,163.04269409179688,163.82580321014547,159.50892707803538,160.91852050375005,79724800
2022-03-03,162.71966552734375,165.34307890598984,162.0540324670775,164.91236813214016,76678400
2022-03-04,159.72427368164062,162.05401907314567,158.67687705595137,161.01640589639365,83737200
2022-03-07,155.9359893798828,161.53519862355543,155.6814703637219,159.91025004561254,96418800
2022-03-08,154.11529541015625,159.44041971330986,152.50992837199067,155.4661583222758,131148300
2022-03-09,159.5089111328125,159.959203685233,156.04367342146804,158.06995256595388,91454900
2022-03-10,155.17250061035156,157.00300660733848,152.6861300144377,156.81701649151432,105342000
2022-03-11,151.46249389648438,155.91641251914996,151.23735509056115,155.57379764949783,96970100
2022-03-14,147.4392852783203,150.86537421208124,146.9302771053436,148.2517595892854,108732100
2022-03-15,151.81491088867188,152.28478532825997,147.20438184151632,147.713390079557,92964300
2022-03-16,156.2198944091797,156.6212399212536,151.19823606106897,153.73353879751855,102300200
2022-03-17,157.22813415527344,157.60011436017203,154.30128444798586,155.26058530967927,75615400
2022-03-18,160.51715087890625,161.00659213717293,156.38626546421042,157.12042735161046,123511700
2022-03-21,161.88758850097656,162.83710569668534,159.56762687828217,160.0570681157996,95811400
2022-03-22,165.25497436523438,165.84229498697943,161.42753966012307,162.01486028186812,81532000
2022-03-23,166.6156005859375,168.9942779440516,164.1096487837443,164.44248019289995,98062700
2022-03-24,170.39407348632812,170.46258749011093,166.61558667077662,167.44762778277175,90131400
2022-03-25,171.0303497314453,171.5785215356228,169.10195003253148,170.2080920251791,80546200
2022-03-28,171.89181518554688,172.01905978493204,168.3678313455488,168.53423961902578,90371900
2022-03-29,175.1808319091797,175.22976408859992,172.61614940998814,172.95876428530602,100589400
2022-03-30,174.01597595214844,175.81711647524634,172.96856432856262,174.77950323773482,92633200
2022-03-31,170.92269897460938,174.27047582290578,170.7171270473916,174.08448573079536,103049300
2022-04-01,170.62904357910156,171.18701389593227,168.30909632537671,170.35495761395958,78751300
2022-04-04,174.6718292236328,174.72077634534207,170.75629847192283,170.88355800105404,76468400
2022-04-05,171.36317443847656,174.53475923368862,170.7366902126206,173.75165021722813,73401800
2022-04-06,168.20140075683594,169.963392443072,166.5373033062765,168.72020734548278,89058800
2022-04-07,168.50482177734375,169.69905954306716,166.26318757309542,167.54552117320154,77594700
2022-04-08,166.49813842773438,168.1524524173325,165.62693350816983,168.1524524173325,76575500
2022-04-11,162.24978637695312,165.46052001953282,162.0050657338506,165.1472853633742,72246700
2022-04-12,164.11947631835938,166.28279871101802,163.12101178667447,164.47187468621496,79265200
2022-04-13,166.80160522460938,167.42808955183875,163.24827119923606,163.85517369033073,70618900
2022-04-14,161.7994842529297,167.653212444084,161.55476362429968,167.0169298477089,75329400
2022-04-18,161.58416748046875,163.08185675186522,160.11584349387897,160.45844346214486,69023900
2022-04-19,163.86495971679688,164.27610359926777,160.44866861751814,161.53522902332887,67723800
2022-04-20,163.69851684570312,165.31368193809578,162.59238977382873,165.19620588083708,67929800
2022-04-21,162.9056396484375,167.90773030576432,162.40641490220864,165.34306268686478,87227800
2022-04-22,158.3734130859375,164.32502122927878,158.08954369720692,162.94480808191494,84882400
2022-04-25,159.4403839111328,159.72425325965065,155.11372512050855,157.71754117840766,96046400
2022-04-26,153.48883056640625,158.9118348666905,153.4105181477024,158.82373899686115,95623200
2022-04-27,153.263671875,156.41566043489684,152.09879906936447,152.61760570667977,88063200
2022-04-28,160.18435668945312,161.04577820352466,155.57381282317428,155.88706244158715,130216800
2022-04-29,154.32081604003906,162.69026417943107,153.92926902509257,158.4223359956449,131747600
2022-05-02,154.6243133544922,154.88860092145774,150.0333512355366,153.4007100151784,123055300
2022-05-03,156.1121826171875,157.31621889046943,153.01892515604405,154.8102670522691,88966500
2022-05-04,162.51409912109375,162.964376768375,155.8968429541357,156.29818841895514,108256500
2022-05-05,153.4594268798828,160.61505617925764,151.6778534074066,160.38991736716943,130525300
2022-05-06,154.1848907470703,156.302387766656,151.14588956385867,152.93987884779835,116124600
2022-05-09,149.0675506591797,152.76336357443273,148.5087756857944,151.88106604384285,131577900
2022-05-10,151.4693603515625,153.65548649022554,149.92045170349726,152.4594939260044,115366700
2022-05-11,143.61700439453125,152.39087300235883,142.9405806152843,150.47925033829725,142689800
2022-05-12,139.75454711914062,143.32291464808353,136.06854586723028,139.9604210928437,182602000
2022-05-13,144.2150115966797,145.18553469561974,140.2937279042498,141.74459868206603,113990900
2022-05-16,142.67591857910156,144.61696502202452,141.3426813570236,142.68573136301794,86643800
2022-05-17,146.30308532714844,146.82265416778552,143.79345144967377,145.93055862687706,78336300
2022-05-18,138.0487823486328,144.46007380411618,137.14687404841018,143.96011558077154,109742900
2022-05-19,134.6470947265625,138.87227582415818,133.91185397987616,137.1273056487035,136095600
2022-05-20,134.88232421875,137.9311222550243,130.00033122355916,136.3528052981394,137426100
2022-05-23,140.2937469482422,140.4407891232643,134.9411873997547,135.0784317492794,117726300
2022-05-24,137.59786987304688,139.176187438702,134.6274981436638,138.03901137531423,104132700
2022-05-25,137.7547149658203,138.99971190055481,135.61760734755066,135.70583264997845,92482700
2022-05-26,140.95053100585938,141.49950829001511,134.44120114221013,134.68628135538745,90601500
2022-05-27,146.69520568847656,146.73441193920726,142.4013957458045,142.5288422380691,90978500
2022-05-31,145.91098022460938,147.69517170019813,143.95033814163904,146.1364648342796,103718400
2022-06-01,145.7835235595703,148.75389460714223,144.7737792988703,146.95009283292427,74286600
2022-06-02,148.23428344726562,148.29310028948402,143.9698828843713,144.92079505624883,72348100
2022-06-03,142.51907348632812,145.05810131692076,141.61717995046743,144.0091506541789,88570300
2022-06-06,143.26409912109375,145.64628674294468,142.04849579123675,144.13658414441952,71598400
2022-06-07,145.7835235595703,146.06781003090646,141.26424373812605,141.50932395629872,67808200
2022-06-08,145.04827880859375,146.9206802540853,144.55811838609154,145.6560729457736,53950200
2022-06-09,139.83297729492188,145.0384790561678,139.72514139394366,144.18560463111925,69473000
2022-06-10,134.431396484375,137.98995082700978,134.36276684809005,137.51940103001422,91437900
2022-06-13,129.2847137451172,132.53937106937602,128.85337019356888,130.25522177759234,122207100
2022-06-14,130.14739990234375,131.25516732822615,128.89259032192393,130.5101288143863,84784300
2022-06-15,132.7648162841797,134.63723228518424,129.55917858108418,131.6472513597461,91533000
2022-06-16,127.50054168701172,129.784691319241,126.50061011925011,129.48079421494845,108123900
2022-06-17,128.97097778320312,130.46106930716064,127.25541670605972,127.51030963953596,134520300
2022-06-21,133.19619750976562,134.36278178825876,130.69639115129178,130.79441426737327,81000500
2022-06-22,132.68643188476562,135.04899374439105,131.27476747959807,132.13743964836019,73409200
2022-06-23,135.54898071289062,135.86267563561398,132.96093402675356,134.1275183400123,72433800
2022-06-24,138.8722686767578,139.1173489130396,137.01946268880786,137.14689423988725,89116800
2022-06-27,138.8722686767578,140.6662578013618,138.19584483125837,139.89179587794544,70207900
2022-06-28,134.7352752685547,140.59758868635495,134.6176415748851,139.3329816038879,67083400
2022-06-29,136.4901123046875,137.90177718278738,133.98049250296057,134.75495460399418,66242400
2022-06-30,134.0294952392578,135.6470189893978,131.13755113159218,134.54906419941244,98964500
2022-07-01,136.19595336914062,136.3037892489926,132.99031531614665,133.36282702594735,71051600
2022-07-05,138.77423095703125,138.82324999611623,134.23534018265374,135.05882114715405,73353800
2022-07-06,140.10743713378906,141.28381901974345,138.30365057809186,138.56834136394644,74064300
2022-07-07,143.469970703125,143.66603189279604,140.4603783389641,140.47017616296918,66253700
2022-07-08,144.14637756347656,144.64635079248632,142.1465295229667,142.40140757015126,64547800
2022-07-11,142.01910400390625,143.75427642973983,140.95055766241197,142.80336382609462,63141600
2022-07-12,142.98959350585938,145.5286208059207,142.19553604555907,142.89155544175705,77588800
2022-07-13,142.62689208984375,143.56799177024092,139.3232005090592,140.17608985764943,71185600
2022-07-14,145.54823303222656,146.0187828364424,140.43095716603992,141.24462523992875,78140700
2022-07-15,147.2147674560547,147.89119117713278,145.28353435270415,146.83244295612025,76259900
2022-07-18,144.17581176757812,148.58725611818477,143.8130828380742,147.77358792071823,81420900
2022-07-19,148.02842712402344,148.25389669881054,144.01891901249385,145.0090375439563,82982400
2022-07-20,150.0283203125,150.69494637561027,147.41086501912858,148.14610577429508,64823400
2022-07-21,152.29286193847656,152.50853373902038,148.94996398855773,151.45958316742,65086600
2022-07-22,151.05764770507812,153.20455292364784,150.3910366563313,152.33206789895848,66675400
2022-07-25,149.94009399414062,151.98896129458768,149.28328071900498,150.97923186102722,53623900
2022-07-26,148.61663818359375,150.0773065915356,147.83237855759032,149.2636385384265,55138700
2022-07-27,153.70448303222656,154.2338646113094,149.1656081545016,149.57734107239523,78620700
2022-07-28,154.25352478027344,154.53781130593885,151.37137847040182,153.8907958162713,81378700
2022-07-29,159.31195068359375,160.40992030893383,156.36119003723385,158.06695385906744,101786900
2022-08-01,158.3316192626953,160.3706884793457,157.72382510643268,157.84145882480365,67829400
2022-08-02,156.8611602783203,159.21393969022574,156.48864846428177,156.94940053816907,59907000
2022-08-03,162.86074829101562,163.31168761792614,157.5866160134525,157.67484132195506,82507500
2022-08-04,162.5469970703125,163.89984462441896,161.19414951620604,162.7430582477967,55474100
2022-08-05,162.32122802734375,162.81206933981917,160.01426786699392,160.22042780912037,56697000
2022-08-08,161.8500213623047,164.7361708864107,161.19229575323052,163.32254540690658,60276900
2022-08-09,161.89910888671875,162.78263230320212,160.25970057725633,161.0156004495246,63135500
2022-08-10,166.1399688720703,166.23812814464867,163.8428202002786,164.60853143111325,70170500
2022-08-11,165.40371704101562,167.85792369494868,165.10920924668594,166.94495103045548,57149200
2022-08-12,168.94760131835938,169.01631131920942,166.2970460032489,166.70936592550703,68039400
2022-08-15,170.01763916015625,170.21397271578905,168.2113464814704,168.37823075272277,54091700
2022-08-16,169.8605194091797,170.52807128910433,168.5156191962962,169.61509878760032,56377100
2022-08-17,171.35269165039062,172.92337473871223,169.40896440067246,169.6052979143018,79542000
2022-08-18,170.96002197265625,171.6962839363271,169.94889007422466,170.56735491708034,62290100
2022-08-19,168.378173828125,170.55751001123525,168.1720139278697,169.8605088981945,70346300
2022-08-22,164.5005645751953,166.74861119438174,164.07843325743647,166.58172694573366,69026800
2022-08-23,164.16677856445312,165.6196796113523,163.5974008535258,164.0195321647684,54147100
2022-08-24,164.46128845214844,165.03066617037743,163.2047358944321,164.25514348994625,53841500
2022-08-25,166.91546630859375,167.02345197761028,165.2662469773801,165.6883632421721,51218200
2022-08-26,160.62290954589844,167.91681938586046,160.56401098389765,167.44561591056575,78961000
2022-08-29,158.42396545410156,159.9161124345619,156.89254277561915,158.19816763869952,73314000
2022-08-30,155.99917602539062,159.58231130465205,154.8309714061125,159.16019500251252,77906200
2022-08-31,154.34011840820312,157.63857209111154,154.261582013457,157.37351363125413,87991100
2022-09-01,155.0666046142578,155.51817026416148,151.836860169279,153.77077627080038,74229900
2022-09-02,152.95594787597656,157.42260624530542,152.1313381712874,156.8237793213389,76957800
2022-09-06,151.6994171142578,154.21252227519972,150.87480729194033,153.60388383195894,73714800
2022-09-07,153.1032257080078,153.80021196934476,150.79626559392008,151.9841081371773,87449600
2022-09-08,151.6306915283203,153.49588236025656,149.88328282837716,151.80738719524012,84923800
2022-09-09,154.48741149902344,154.92918072545984,151.91540745534934,152.62222024249937,68028800
2022-09-12,160.4364013671875,161.25119983056848,156.38206187837264,156.66674327917337,104956000
2022-09-13,151.02203369140625,157.5993035102858,150.5606417135221,156.97102730327344,122656600
2022-09-14,152.46510314941406,154.22232317214238,150.79624593389804,151.95462406702927,87965400
2022-09-15,149.5789794921875,152.3964188629796,148.60712326254628,151.81721471946022,90481100
2022-09-16,147.93959045410156,148.577693242223,145.65226780231728,148.44025825358446,162278800
2022-09-19,151.6503143310547,151.7288507316376,146.36887246061372,146.57501740526791,81474200
2022-09-20,154.02598571777344,155.1843789131033,150.2759661753886,150.5900968013731,107689800
2022-09-21,150.9042510986328,155.83230196535132,150.78645397951445,154.4579373320565,101696800
2022-09-22,149.9422149658203,151.64052177438083,148.14573389948876,149.58880860884872,86652500
2022-09-23,147.6745147705078,148.69547312127722,145.83877299693037,148.4206031759059,96029900
2022-09-26,148.00831604003906,150.95336436223522,146.89900971197227,146.91864756165486,93339400
2022-09-27,148.98016357421875,151.88595100420483,147.20332025510484,149.94222342090066,84442700
2022-09-28,147.0953369140625,147.88068609523327,142.18692325585735,144.93563790031018,146691400
2022-09-29,139.87014770507812,144.0324877695267,138.10311583907216,143.42384928540386,128138200
2022-09-30,135.66854858398438,140.4788028880648,135.47221503631138,138.69213315187477,124925300
2022-10-03,139.84068298339844,140.44933637961338,135.1678792129988,135.67835835777296,114311700
2022-10-04,143.42384338378906,143.5416405102459,141.61753589548164,142.37343574191996,87830100
2022-10-05,143.71829223632812,144.68035173905943,140.39038961833376,141.4309855077748,79471000
2022-10-06,142.76611328125,144.83746445591814,142.55996829483985,143.13915751475957,68402200
2022-10-07,137.5238800048828,140.47875353363153,136.89560388548796,139.9289988222873,85925600
2022-10-10,137.84788513183594,139.29095992216133,136.03178109548642,137.84788513183594,74899000
2022-10-11,136.43421936035156,138.76081689569904,135.68814610919395,137.337365394685,77033700
2022-10-12,135.80596923828125,137.78897231294513,135.62927355780315,136.58150689181417,70433700
2022-10-13,140.37078857421875,140.95978909716513,131.90867508719168,132.51732843397534,113224000
2022-10-14,135.8452606201172,141.8727919675868,135.65873850521228,141.66663200393148,88598000
2022-10-17,139.80145263671875,140.282467627112,137.70065202144465,138.48600126569377,85250900
2022-10-18,141.1168670654297,144.0128276023933,138.03438444661543,142.82500010106065,99136600
2022-10-19,141.22488403320312,142.2949146585481,138.9081120945048,139.09463421767856,61758300
2022-10-20,140.7634735107422,143.21768011702426,140.0370229627389,140.40025572638473,64522000
2022-10-21,144.5724334716797,145.14181130627574,140.0370486455638,140.2530200648689,86548600
2022-10-24,146.7124481201172,147.47815927955588,143.32564645655586,144.49385104011358,75981900
2022-10-25,149.5495147705078,149.69677613929844,146.62410499116672,147.3407290522299,74732300
2022-10-26,146.6143035888672,149.20594507644813,145.32828678897533,148.19481318791426,88194300
2022-10-27,142.14764404296875,146.31979510961392,141.48991849585923,145.35775035197634,109180200
2022-10-28,152.88723754882812,154.61499335183578,145.11231396636444,145.4853431294892,164762400
2022-10-31,150.5312042236328,151.4147275390832,149.13721674827332,150.35450854811523,97943200
2022-11-01,147.89048767089844,152.60256746450293,146.39834080336652,152.23934967138234,80379300
2022-11-02,142.3734130859375,149.38262560122348,142.34396380900958,146.22160672381153,93604600
2022-11-03,136.33612060546875,140.18431562523062,136.20849704009387,139.45786491513846,97918500
2022-11-04,136.07061767578125,140.2890164015465,132.13737261509453,139.71869406725023,140814800
2022-11-07,136.60157775878906,136.8277351131925,133.40581664759068,134.82178704829124,83374600
2022-11-08,137.17190551757812,139.069688836373,135.19545550623369,138.06672226567503,89908500
2022-11-09,132.619140625,136.23773265765962,132.34381476431366,136.18856411022261,74917800
2022-11-10,144.4188995361328,144.4188995361328,137.171901375878,138.88286812786214,118854000
2022-11-11,147.20167541503906,147.5064994693465,141.9606252113591,143.3864383750097,93979700
2022-11-14,145.80535888671875,147.77198095425382,144.96953850636208,146.48384590068005,73374100
2022-11-15,147.53599548339844,151.02675299903876,146.0806992107757,149.67962155098414,89868300
2022-11-16,146.30685424804688,147.36883205309908,144.83188757505272,146.64119143040293,64218300
2022-11-17,148.20465087890625,148.95196191687904,143.71091192910288,143.98623783804743,80389400
2022-11-18,148.76515197753906,150.1516244369956,147.46718893347042,149.7681336507777,74829600
2022-11-21,145.5398406982422,147.86045501907074,145.25468713947097,147.65396813268248,58724100
2022-11-22,147.6736602783203,147.909660354169,144.47789906303868,145.65788443814483,51804100
2022-11-23,148.5487823486328,149.2960932184856,146.84764371747318,146.95580851480625,58301400
2022-11-25,145.63824462890625,146.39539856946286,144.66476099104776,145.83490389805146,35195900
2022-11-28,141.81312561035156,144.19273663104678,140.98714790150922,142.71777000634125,69246000
2022-11-29,138.8140106201172,142.39326202258005,138.00770341068628,141.8819361067611,83763800
2022-11-30,145.55953979492188,146.23802684928043,138.2043770255708,139.04018245155586,111380900
2022-12-01,145.8348846435547,146.64120704597443,144.16325857031342,145.73656252403373,71250400
2022-12-02,145.3432159423828,145.53004745802465,143.2192602974079,143.5240993516398,65447400
2022-12-05,144.1829071044922,148.4013049961633,143.33725898348703,145.3038811249747,68826400
2022-12-06,140.5249786376953,144.84171332835018,139.55149534602168,144.61555599946504,64727200
2022-12-07,138.58786010742188,140.97729872796708,137.6635453309665,139.81699890501977,69721100
2022-12-08,140.26931762695312,141.12480845757423,138.7451974772698,139.9841640195035,62128300
2022-12-09,139.78753662109375,143.14063172179561,138.54855479274573,139.96452545134943,76097000
2022-12-12,142.07861328125,142.0884409898644,138.7058487137347,140.31847817047847,70462700
2022-12-13,143.04226684570312,147.4671667934874,141.83279839446703,147.00500937638787,93886200
2022-12-14,140.8199920654297,144.21241242784126,138.80420126905452,142.92427726159215,82291200
2022-12-15,134.22195434570312,139.43350575702271,133.7597969655739,138.75501875197617,98931900
2022-12-16,132.26516723632812,135.35276341025192,131.49818579850947,134.40879318099954,160156900
2022-12-19,130.16087341308594,132.94364536804903,129.12840885731634,132.8551509782634,79592600
2022-12-20,130.09205627441406,131.0261987808424,127.72227301817315,129.19723960857664,77432800
2022-12-21,133.189453125,134.52675649615924,130.5345168010593,130.7606740979378,85928000
2022-12-22,130.02320861816406,132.31432503613755,128.1254256005218,132.10783812958184,77852100
2022-12-23,129.65940856933594,130.21006041152802,127.47645662054781,128.7350936895975,63814900
2022-12-27,127.8599624633789,129.2169368090849,126.57182710814284,129.18743867149468,69007800
2022-12-28,123.93653869628906,128.8432592520272,123.76937760067855,127.50595548300566,85438400
2022-12-29,127.44693756103516,128.30241331797103,125.59831560715067,125.8539710621533,75703700
2022-12-30,127.7616195678711,127.78128999342299,125.30334902080124,126.26699731697423,77034200
2023-01-03,122.98272705078125,128.7154254385632,122.0977455022682,128.1057773178633,112117500
2023-01-04,124.25117492675781,126.51279316144961,122.99253808389423,124.77232854118719,89113600
2023-01-05,122.93355560302734,125.63766124201173,122.67790010774006,125.00834271164995,80962700
2023-01-06,127.45677947998047,128.115596113896,122.80572219640975,123.907033324828,87754700
2023-01-09,127.9779281616211,131.18353181246084,127.72227268810083,128.2925949020793,70790800
2023-01-10,128.54823303222656,129.06938662217883,125.9817909176488,128.0860756971166,63896200
2023-01-11,131.26223754882812,131.28189297285235,128.28280535784592,129.05961472273617,69458900
2023-01-12,131.18353271484375,132.0193381171801,129.24640871746402,131.6456901154858,71379600
2023-01-13,132.51097106933594,132.66830441383743,129.4627162913207,129.82653652186355,57809700
2023-01-17,133.6713104248047,134.99877137842552,131.89151977321038,132.5798345273993,63646600
2023-01-18,132.95350646972656,136.2967583598761,132.77650266153844,134.53663801277594,69672800
2023-01-19,133.01248168945312,133.97612225756075,131.53751520588366,131.8423392118264,58280400
2023-01-20,135.569091796875,135.71659745917918,131.98001240951498,133.02231973826562,80223600
2023-01-23,138.75502014160156,140.92814412125819,135.59858513124948,135.81491475833332,81760300
2023-01-24,140.15133666992188,140.77082749424633,137.95855701188813,137.96838472187488,66435100
2023-01-25,139.4925079345703,140.0529874380773,136.49340619294276,138.53869500355867,65799300
2023-01-26,141.55751037597656,141.8426640693374,139.53187636533838,140.78068599712554,54105100
2023-01-27,143.4945831298828,144.77289057415175,140.69215546789684,140.77082215722044,70555800
2023-01-30,140.61351013183594,143.12095684480488,140.4660194445421,142.540806802597,64015300
2023-01-31,141.8819580078125,141.93112656571586,139.90550801485074,140.31849689379183,65874500
2023-02-01,143.00291442871094,144.16322923439725,138.96152054070433,141.56728874190614,77663600
2023-02-02,148.30296325683594,148.65694079146772,145.69718026187857,146.4149930473278,118339000
2023-02-03,151.9215545654297,154.75349514117664,145.36287177724367,145.5595309829737,154357300
2023-02-06,149.1977996826172,150.5449461888697,148.2636570715711,150.02379246889225,69858300
2023-02-07,152.0690460205078,152.63936822302708,148.12597415973434,148.12597415973434,83322600
2023-02-08,149.38461303710938,152.0002240332312,148.64712974900903,151.31190929849808,64120100
2023-02-09,148.3521270751953,151.75438976697808,147.9096401221254,151.21356571138807,56007100
2023-02-10,148.71652221679688,149.04151212756338,146.95371454850684,147.19007494553122,57450700
2023-02-13,151.51341247558594,151.91717418893083,148.62790397291747,148.65744714640496,62199000
2023-02-14,150.87326049804688,151.43461079325414,148.56880303013764,149.8096612758476,61707600
2023-02-15,152.9709014892578,153.1383177826238,150.55811427879883,150.78461690781828,65573800
2023-02-16,151.37550354003906,153.95570692832584,151.02097051495025,151.17852906062296,68167900
2023-02-17,150.233154296875,150.6763169294936,148.55897600306773,150.03619479649413,59144100
2023-02-21,146.22496032714844,149.00213887625634,146.15603126407484,147.9188390818426,58867200
2023-02-22,146.64842224121094,147.67262055430007,144.9250004924314,146.60902132895072,51011300
2023-02-23,147.13099670410156,148.05672295415894,145.0038129046831,147.81051980369892,48394200
2023-02-24,144.48184204101562,144.9545478123535,143.50687229977612,144.87576101262292,55469600
2023-02-27,145.6734619140625,146.90447752822308,145.21059884097443,145.46665970602933,44998500
2023-02-28,145.17120361328125,146.8158385647427,144.6000106018143,144.8166705381309,50547000
2023-03-01,143.1030731201172,144.99391093566584,142.80762642427203,144.59999202590106,55479000
2023-03-02,143.6939697265625,144.48182259076125,141.71448733904464,142.18720807379,52238100
2023-03-03,148.73622131347656,148.81500811176437,145.09241829817535,145.79162671403117,70732300
2023-03-06,151.4936981201172,153.92618602775224,151.1293223291666,151.4542972077173,87558000
2023-03-07,149.29757690429688,151.69066400049135,148.83471383986452,151.36567408118486,56182000
2023-03-08,150.5482635498047,151.1391569879468,149.5240652876753,150.48917721139935,47204800
2023-03-09,148.3029022216797,152.1929083670859,147.9483691410299,151.2277963802791,53833600
2023-03-10,146.24462890625,148.64757336129242,145.3681465462101,147.92866457828165,68572400
2023-03-13,148.18475341796875,150.8142012619364,145.45681830298673,145.56514829028342,84457100
2023-03-14,150.27252197265625,151.07021762009597,147.82034869008896,148.98242012042218,73695900
2023-03-15,150.66644287109375,150.92248866561948,147.64306182318006,148.89377768233683,77167900
2023-03-16,153.4830322265625,154.08376844517147,149.33696504123728,149.84907174243986,76161100
2023-03-17,152.6459197998047,154.35949876084172,151.93685367986137,153.70951897971963,98944600
2023-03-20,155.0094451904297,155.4230795673691,151.80880531492744,152.7148458265595,73641400
2023-03-21,156.86094665527344,156.97911935630492,154.16255477435743,154.93072241220443,73938300
2023-03-22,155.4329376220703,159.6774765177441,155.41323716716616,156.88061300312046,75701800
2023-03-23,156.51622009277344,159.09643867673987,155.28520465118157,156.41774787367245,67622100
2023-03-24,157.81622314453125,157.90485267428312,155.452678855526,156.44733419696482,59196500
2023-03-27,155.87612915039062,158.3283178086609,155.4723523985585,157.51092158923748,52390300
2023-03-28,155.2556610107422,156.08291480553032,153.61102618902072,155.57080817581272,45992200
2023-03-29,158.3283233642578,158.60406968566105,156.929891297985,156.94957673019417,51305700
2023-03-30,159.89413452148438,160.0024644815908,158.82069266127598,159.07673846378026,49501700
2023-03-31,162.3955535888672,162.4940408365555,159.45097422374334,159.9729235769942,68749800
2023-04-03,163.64625549316406,163.76442815863666,161.7258745440201,161.775118163648,56976200
2023-04-04,163.11447143554688,164.3060859426903,162.6023648150906,164.0697406002056,46278300
2023-04-05,161.27291870117188,162.543335470637,159.3426942678985,162.23804594485748,51511700
2023-04-06,162.1592254638672,162.45467221127325,159.53962067833683,159.96308282888376,45390100
2023-04-10,159.5691680908203,159.5691680908203,157.6487867222166,158.96843186504725,47716900
2023-04-11,158.3578338623047,159.8941387722609,158.0722298566841,159.88429605818737,47644200
2023-04-12,157.66847229003906,159.59869619161648,157.35332510698044,158.77145737665472,50133100
2023-04-13,163.04556274414062,163.28192316496492,158.9684394039646,159.17525665056672,68445600
2023-04-14,162.7008514404297,163.79399372639534,161.33196290458474,162.09025757823102,49386500
2023-04-17,162.7205810546875,162.87815467656333,161.53880894471416,162.58270789230806,41516200
2023-04-18,163.94171142578125,164.86743742961687,163.13415809407996,163.57733566867122,49923000
2023-04-19,165.08412170410156,165.60607111909823,163.02585218946155,163.2819130529251,47720200
2023-04-20,164.11898803710938,165.32046042282218,163.04554607797024,163.56749547193866,52456400
2023-04-21,162.51376342773438,163.92203809382642,161.99181400338804,162.54330660065614,58337300
2023-04-24,162.8190460205078,163.0849495926161,161.40091367199096,162.49405610505224,41949600
2023-04-25,161.2827606201172,163.78417796430023,161.2433597017252,162.68119268208375,48714100
2023-04-26,161.27291870117188,162.7698381789494,160.32750694566423,160.58355283214567,45498800
2023-04-27,165.8522491455078,165.99996498511996,162.68115222078845,162.68115222078845,64902300
2023-04-28,167.10296630859375,167.27039764589344,165.33031595199535,165.93105213681218,55275900
2023-05-01,167.01434326171875,167.86128258741087,166.07877442017465,166.70905380019818,52472900
2023-05-02,165.9802703857422,167.76279339985444,164.99545801480568,167.50673256610264,48425700
2023-05-03,164.90684509277344,168.32414556576836,164.6212560883793,166.925713661642,65136000
2023-05-04,163.2720489501953,164.50306450874902,161.81453073644045,162.3857237588548,81235400
2023-05-05,170.93389892578125,171.65280778469676,168.1665634032941,168.38322333782398,113453200
2023-05-08,170.8649444580078,171.20963479482143,169.49605587870553,169.86043164324718,55962800
2023-05-09,169.16127014160156,170.90437768216194,168.99385379727335,170.4218291094066,45326900
2023-05-10,170.92405700683594,171.38692008917508,169.28926463206565,170.3922648627901,53724500
2023-05-11,171.11114501953125,171.9383837832071,169.55513971049686,171.2096322648924,49514700
2023-05-12,170.1841583251953,171.653548851867,168.6358569767775,171.21962961924467,45533100
2023-05-15,169.69107055664062,170.81530899814229,169.09935977781652,170.7659972586019,37266700
2023-05-16,169.69107055664062,170.74626955321972,169.42479920138675,169.61217478294208,42110300
2023-05-17,170.30250549316406,170.53917778241149,168.06388478776768,169.3360585337975,57951600
2023-05-18,172.62986755371094,172.81724313624747,170.19401507639674,170.60820660461047,65496700
2023-05-19,172.73834228515625,173.9513327998332,172.5213826746833,173.9513327998332,55809500
2023-05-22,171.79161071777344,172.2945693897219,171.05197977463047,171.57465110395842,43570900
2023-05-23,169.1881103515625,170.9829553293692,168.9119826700276,170.7364116817252,50747300
2023-05-24,169.4642333984375,170.03621645106807,168.16249079935005,168.7246024757336,45143500
2023-05-25,170.59835815429688,171.49576564962197,169.31632809947834,170.02637505144457,56058300
2023-05-26,173.00457763671875,173.33988838819255,170.7166607230928,170.92376397994929,54835000
2023-05-30,174.84877014160156,176.51540772383512,174.1288668535482,174.51347436884586,55964400
2023-05-31,174.79946899414062,176.8704419237823,174.31623796446905,174.87836477742368,99625300
2023-06-01,177.60018920898438,177.62977324467488,174.4838737017158,175.24323239604442,68901800
2023-06-02,178.44830322265625,179.26683000310032,176.7816656255451,178.52719900186148,61996900
2023-06-05,177.0972442626953,182.3929972823034,175.57852688511534,180.10507993454968,121946500
2023-06-06,176.73239135742188,177.62979898311937,174.9769863810525,177.48187878323327,64848400
2023-06-07,175.36158752441406,178.70471906299082,174.86850018805862,175.9730110061888,61944600
2023-06-08,178.07357788085938,178.33983422301452,175.00657387447097,175.44047811466785,50214900
2023-06-09,178.45819091796875,179.71062202681557,178.1327514419261,178.9907186665087,48900000
2023-06-12,181.24903869628906,181.34766218390052,178.468033910057,178.76388932505995,54274900
2023-06-13,180.77565002441406,181.60403301510047,179.91768300176238,180.272706433175,54929100
2023-06-14,181.40679931640625,181.84071851135664,179.50348972235338,180.83481629104696,57462900
2023-06-15,183.43832397460938,183.94128262941163,181.23915892536104,181.41667817053525,65433200
2023-06-16,182.36338806152344,184.40477651433866,181.72238065098958,184.1483615118621,101256200
2023-06-20,182.4521484375,183.52709013546678,181.8604527350327,181.8604527350327,49799100
2023-06-21,181.41671752929688,182.8466679379569,180.06564786023924,182.3437091740366,49515700
2023-06-22,184.41465759277344,184.46396933431626,181.13069423738702,181.19973368511316,51245300
2023-06-23,184.09906005859375,184.96689848868263,182.45215034536935,182.98469303577104,53117000
2023-06-26,182.70858764648438,185.45015206010262,182.66913223239737,184.2470177435845,48088700
2023-06-27,185.4600067138672,185.78544616190248,183.10304984582174,183.32000947784528,50730800
2023-06-28,186.633544921875,187.27455239917202,185.00636283468697,185.33178721386028,51216800
2023-06-29,186.96884155273438,187.4422162021352,186.32783407243755,186.4658979165552,46347300
2023-06-30,191.28826904296875,191.79121262094537,188.61572952588827,188.9806243235532,85213200
2023-07-03,189.79917907714844,191.19954526937022,189.10884478636748,191.10092178559267,31458200
2023-07-05,188.68478393554688,190.311965971159,187.98459336367247,188.92147125163748,46920300
2023-07-06,189.15814208984375,189.36524537083605,186.5842258571581,187.2153769807983,45094300
2023-07-07,188.04379272460938,190.00628587990153,187.60988847797856,188.76371112125616,46815000
2023-07-10,186.0023956298828,187.36332142042107,184.4540942539423,186.6434031135775,59922200
2023-07-11,185.47972106933594,186.68285528837708,184.02018687082855,186.5447914459214,46638100
2023-07-12,187.14634704589844,189.04965668897157,185.864317131752,187.0575799007695,60750200
2023-07-13,187.9056854248047,188.5467078881079,187.15619821079162,187.86624506525828,41342300
2023-07-14,188.0536346435547,188.53685056119244,187.00829198764853,187.59998771190843,41616200
2023-07-17,191.30801391601562,191.63345333608896,189.15814548736353,189.24689758888442,50520200
2023-07-18,191.05160522460938,191.64331601668746,189.75971887799713,190.6768691009351,48288200
2023-07-19,192.4026641845703,195.48938034906212,189.9865244553515,190.4303150490968,80507300
2023-07-20,190.4599151611328,193.7537348839622,189.8386203157028,192.39280905028917,59581200
2023-07-21,189.28634643554688,192.2744541324422,188.58615588066942,191.4164870851642,71951700
2023-07-24,190.08514404296875,192.21528467718613,189.59205676918674,190.73602285584008,45377800
2023-07-25,190.943115234375,191.75178560391285,190.2527960456413,190.65713123041024,37283200
2023-07-26,191.8109588623047,192.9351972994816,190.64728006234532,190.99243214213982,47471900
2023-07-27,190.54869079589844,194.47366217807738,189.8879555038913,193.30998316918408,47460200
2023-07-28,193.12258911132812,193.9115318637554,191.45595149688123,191.97862287270013,48291400
2023-07-31,193.7340087890625,193.77346420221568,192.56045853696887,193.34940127389015,38824100
2023-08-01,192.90562438964844,194.01013518521242,192.5801849485631,193.52691923606866,35175100
2023-08-02,189.91751098632812,192.48155598125388,189.19760772385698,192.3434921357412,50389300
2023-08-03,188.52700805664062,189.71041463976601,188.0536484329567,188.92148694956984,61235200
2023-08-04,179.47389221191406,184.789371855198,179.40485277798012,182.95508679019278,115956800
2023-08-07,176.37733459472656,180.59816071157974,174.89807268327345,179.6119861039443,97576100
2023-08-08,177.314208984375,177.77771228390873,175.12490000933562,177.20572916857282,67823000
2023-08-09,175.72645568847656,178.42856448196,174.56276182695083,178.3693964131728,60378500
2023-08-10,175.50949096679688,178.25105509162734,175.14461118800062,176.99860916334498,54686900
2023-08-11,175.5687255859375,176.38835756307438,174.34422750725284,175.10461152163393,52036700
2023-08-14,177.21791076660156,177.44503302668653,175.0947628987085,175.746520759633,43675600
2023-08-15,175.2329864501953,177.23762299403361,174.8379899652799,176.6451282666605,43622600
2023-08-16,174.36399841308594,176.30937200366554,174.29486573787133,174.91699954220002,46964900
2023-08-17,171.8261260986328,175.29226839022536,171.31261851419777,174.92689581745674,66062900
2023-08-18,172.30999755859375,172.9123770667114,169.8116075662743,170.14735612669347,61172200
2023-08-21,173.6431121826172,173.92949746098708,171.56935789788312,172.88274314562352,46311900
2023-08-22,175.0157470703125,175.46012191641384,174.04799506153495,174.8478727981476,42038900
2023-08-23,178.8571014404297,179.28173690226188,176.10196602938296,176.2895946007869,52722800
2023-08-24,174.1763916015625,178.8374232276998,173.8110039705464,178.4127876208845,54945800
2023-08-25,176.3784942626953,176.91174101480664,173.62335841851225,175.16386577811136,51449600
2023-08-28,177.9387664794922,178.33376298082638,176.31925671498092,177.8400098200833,43820700
2023-08-29,181.81964111328125,182.58989476243158,177.25736718090633,177.4548654120463,53003900
2023-08-30,185.30555725097656,185.50307057198083,182.43192527543482,182.62942352828824,60813900
2023-08-31,185.5227813720703,186.75716409811676,185.13765456426975,185.4931573920971,60794500
2023-09-01,187.0929412841797,187.54718572230075,185.92767607044595,187.1225652663115,45766500
2023-09-05,187.32997131347656,187.60647191514923,185.26608644093676,185.92771395695013,45280000
2023-09-06,180.6248016357422,186.49059214043663,179.20278998997966,186.0462022000218,81755800
2023-09-07,175.34161376953125,175.98350189646143,171.37183427986267,172.99134398653018,112488800
2023-09-08,175.95387268066406,177.98814840122637,175.56874581023814,176.12176201867752,65551300
2023-09-11,177.119140625,178.0473990105972,175.12437356668377,177.82027676778657,58953100
2023-09-12,174.0973663330078,177.87951732730735,172.6358612060169,177.24751388848827,90370200
2023-09-13,172.0335235595703,175.08491519786236,171.8063862028717,174.30477658132293,84267900
2023-09-14,173.5443878173828,173.89989073979382,171.41137028291678,171.82612118103754,60895800
2023-09-15,172.82347106933594,174.29486087176767,171.6483512368518,174.27510652680778,109259500
2023-09-18,175.74649047851562,177.13887792290447,173.9689761950564,174.2751007250675,67257600
2023-09-19,176.83274841308594,177.38574949277796,174.91698390976052,175.30211073798526,51826900
2023-09-20,173.29751586914062,177.45490967025808,173.20862883503193,177.02040441249267,58436200
2023-09-21,171.7569580078125,174.0973581099587,171.6878404044714,172.36922214048295,63149100
2023-09-22,172.60623168945312,174.8676297137013,171.87548661966315,172.48773574692532,56725400
2023-09-25,173.88009643554688,174.75897636563758,171.97420160197885,172.02357992644104,46172700
2023-09-26,169.8115997314453,173.01111068359924,169.51534481079926,172.63586851438868,64588900
2023-09-27,168.3007049560547,170.87809720821267,166.93795639924983,170.4633463371719,66921800
2023-09-28,168.55743408203125,169.88068876106084,165.52578284422083,167.22429469748067,56294400
2023-09-29,169.07093811035156,170.9077001905232,168.211797495528,169.87081569769032,51861100
2023-10-02,171.5792236328125,172.12235512412923,168.79444856905252,169.0808338409062,52164500
2023-10-03,170.24609375,171.46073744550782,168.6858469308082,170.1078434596355,49594600
2023-10-04,171.4903106689453,172.03344203037457,168.83391688425698,168.952412792879,53020300
2023-10-05,172.7247314453125,173.2579782200924,170.52258153582127,171.61871413723316,48527900
2023-10-06,175.2725067138672,175.76625988669193,171.0163417068709,171.6286058875163,57266700
2023-10-09,176.75376892089844,176.81301689163445,173.60362121945622,174.6009972191987,42390800
2023-10-10,176.16123962402344,177.4746247468579,175.72673446240606,175.87486944103904,43698000
2023-10-11,177.5536346435547,177.60301297187604,175.3811238107674,175.9736185461729,47551100
2023-10-12,178.45223999023438,180.06186474127756,176.80309148754606,177.82023666760716,56743100
2023-10-13,176.61550903320312,179.6570151987734,175.91437292525092,179.1533924067404,51427100
2023-10-16,176.48712158203125,176.84262444155877,174.3047260977915,174.5417330268598,52517000
2023-10-17,174.9367218017578,176.19085892709333,172.6160912129652,174.44296868905948,57549400
2023-10-18,173.6431121826172,175.36137864838344,172.9222367694585,173.3863659573123,54764400
2023-10-19,173.26783752441406,175.6180919396984,173.00120664203897,173.84057783744473,59302900
2023-10-20,170.7200927734375,173.22835212793277,170.4830858385587,173.11972583296543,64244000
2023-10-23,170.8385772705078,171.83595313524123,167.80692592091492,168.77469287243957,55980100
2023-10-24,171.2731170654297,171.50023932449824,169.30797385167378,170.88799016172553,43816600
2023-10-25,168.96234130859375,170.89784530264086,168.51795139973865,169.73259505065448,57157000
2023-10-26,164.80494689941406,169.23885617849143,163.6001878537521,168.24146504420852,70625300
2023-10-27,166.1182861328125,166.8490461099926,164.74565318394508,164.82465548430088,58499100
2023-10-30,168.16246032714844,169.03147079181505,166.76020302980592,166.90833803254793,51131000
2023-10-31,168.63648986816406,168.76485546731004,165.80233595599515,167.23423244098677,44846000
2023-11-01,171.79647827148438,172.05322449399938,167.99457285522465,168.86358325166134,56934900
2023-11-02,175.35150146484375,175.5588693503195,173.26786256268767,173.32711052996643,77334800
2023-11-03,174.4429931640625,174.61088250590672,171.18423421755685,172.06311427874405,79829200
2023-11-06,176.99075317382812,177.18825142381783,174.00849494223715,174.17636920813592,63841300
2023-11-07,179.5484161376953,180.1606652677133,176.7340169447808,176.94138484513783,70530000
2023-11-08,180.6050262451172,181.15802736111343,179.32126504404005,180.07177947416378,49340300
2023-11-09,180.13101196289062,181.81963914926845,179.5385022077218,180.67414339377055,53763500
2023-11-10,184.31365966796875,184.48177017271385,181.47578777634308,181.91086536697577,66133400
2023-11-13,182.73159790039062,183.94782669363863,182.1482051958573,183.74018560328048,43627500
2023-11-14,185.342041015625,186.00454008995078,184.21480130754796,185.59912547957174,60108400
2023-11-15,185.90565490722656,187.3789832148446,185.67823345303117,185.7474572062222,53790500
2023-11-16,187.58663940429688,188.82264852852316,186.5384909930313,187.44820698590362,54412900
2023-11-17,187.5668487548828,188.24912816814668,186.4593894684262,188.12057839811112,50922700
2023-11-20,189.30715942382812,189.7620174322178,187.75473976876387,187.76462241033667,46505100
2023-11-21,188.5062255859375,189.37638084971888,187.61630503925363,189.2676114417462,38134500
2023-11-22,189.16873168945312,190.77059476808083,188.69410838615653,189.34672485819107,39617700
2023-11-24,187.84371948242188,188.76330300712377,187.13177703645835,188.73363999587542,24048300
2023-11-27,187.66574096679688,188.5358962659671,186.7857030257735,187.79429075090235,40552600
2023-11-28,188.26890563964844,188.9413024556769,187.2800983304318,187.65584993609482,38415400
2023-11-29,187.25045776367188,189.9400151741752,186.85494082777598,188.7633319210795,43014200
2023-11-30,187.82395935058594,188.18982834207452,186.08366378848976,187.7151899349547,48794400
2023-12-01,189.09951782226562,189.4159283197641,187.11200544734405,188.19969953750024,45704800
2023-12-04,187.3097686767578,187.9228394923183,185.35193435249073,187.85361573572166,43389500
2023-12-05,191.25509643554688,192.2241233156588,188.05135551468544,188.081033613139,66628400
2023-12-06,190.1674346923828,192.58011192579394,189.95977851245675,192.27358406476233,41089700
2023-12-07,192.09559631347656,192.81742141001197,191.42319951100376,191.46276025185608,47477700
2023-12-08,193.51947021484375,193.79633503305183,191.50229501018384,192.0263616366492,53406400
2023-12-11,191.01779174804688,191.3243346926335,189.27749628821252,190.9485830810774,60943700
2023-12-12,192.5306854248047,192.54056806660662,189.57414602172835,190.9189246189266,52696900
2023-12-13,195.74427795410156,195.78382360297798,192.6690869899489,192.90639105920806,70404200
2023-12-14,195.89260864257812,197.38570218691584,193.96443748585023,195.80361960949875,66831600
2023-12-15,195.35867309570312,196.1793699091571,194.79504567055722,195.3191123528845,128538400
2023-12-18,193.69747924804688,194.42920214917604,192.21426816132805,193.89523770867535,55751900
2023-12-19,194.7357177734375,194.7456004150459,193.69746706046115,193.96444926391277,40714100
2023-12-20,192.64932250976562,195.46741418063525,192.64932250976562,194.69614571593394,52242800
2023-12-21,192.50100708007812,194.8741537657828,191.33422165280876,193.9051267903215,46482500
2023-12-22,191.43309020996094,193.22282892375426,190.81013681243016,192.9953923922105,37149600
2023-12-26,190.88925170898438,191.719846217368,190.6717128965979,191.44298138124012,28919300
2023-12-27,190.98814392089844,191.33423254727063,188.95120308408815,190.3355425015734,48087700
2023-12-28,191.41331481933594,192.48122849088116,191.00790021395272,191.96704448132198,34049900
2023-12-29,190.3750762939453,192.2241411947973,189.5840274029703,191.72973752393827,42672100
2024-01-02,183.56222534179688,186.33088938421417,181.83181220128674,185.05531924849805,82488700
2024-01-03,182.187744140625,183.79950485996184,181.37691491631995,182.15808112880916,58414500
2024-01-04,179.87391662597656,181.04070184894312,178.85544644389557,180.11122069139344,71983600
2024-01-05,179.15211486816406,180.71443234786256,178.1534248404595,179.95306152436652,62379700
2024-01-08,183.48309326171875,183.52265400582175,179.46853775144191,180.05193047893468,59144500
2024-01-09,183.06777954101562,183.07766218215258,180.68475037086026,181.86143345023166,42841800
2024-01-10,184.10606384277344,184.31370496059992,181.86146667843008,182.28666173303466,46792900
2024-01-11,183.5127410888672,184.9564063690912,181.5647895230864,184.4521049955326,49128400
2024-01-12,183.8390655517578,184.64989484239166,183.11724039185432,183.97749798089004,40477800
2024-01-16,181.57467651367188,182.19761480887055,178.90488492167398,180.1211286782067,65603000
2024-01-17,180.6352996826172,180.88250149305736,178.2819487070673,179.24109293861534,47317400
2024-01-18,186.5187225341797,187.02300881659582,183.75005912545993,184.0071435872404,78005800
2024-01-19,189.41590881347656,189.80154302609114,186.7065866846462,187.21087293560348,68903000
2024-01-22,191.71983337402344,193.14371820043874,190.1080727596782,190.14763349819026,60133900
2024-01-23,192.99539184570312,193.55901922053994,191.660511110776,192.83719415255706,42355600
2024-01-24,192.32302856445312,194.18199120084623,192.16481576816378,193.23272951111284,53631300
2024-01-25,191.9967041015625,194.07320538533628,190.9485708187439,193.0349547434494,54822100
2024-01-26,190.26629638671875,192.58010181757646,189.7916731135176,192.09559590318426,44594000
2024-01-29,189.58399963378906,190.04874022336423,187.45807019569023,189.86086444187634,47145600
2024-01-30,185.935302734375,189.65322753238257,185.37169046557113,188.80285272092348,55859400
2024-01-31,182.33604431152344,185.0058358609704,182.28661602120093,184.94649475418208,55467800
2024-02-01,184.7685546875,184.85754373397813,181.7625867762094,181.93068222666935,64885400
2024-02-02,183.76983642578125,185.2332669548565,177.24370243482153,177.84687547061628,102551700
2024-02-05,185.57936096191406,187.13179578344227,183.75995901240586,186.04410163536497,69668800
2024-02-06,187.1812286376953,187.19111127921153,184.67954732588265,184.76853636353553,43490800
2024-02-07,187.2899932861328,188.91163664571195,186.49894443287428,188.50622203381667,53439000
2024-02-08,186.21221923828125,187.41855040104747,185.25307484073457,187.27023532431497,40962000
2024-02-09,186.97454833984375,188.10322646586073,186.13298359451971,186.77652244170517,45155200
2024-02-12,185.29141235351562,186.796321504533,184.9349868995182,186.54880424779185,41781900
2024-02-13,183.20237731933594,184.36077144619387,181.68757282391297,183.92513863049606,56529500
2024-02-14,182.32119750976562,183.68749754312392,180.6281880058035,183.47959151637605,54630500
2024-02-15,182.03411865234375,182.65786706531418,179.5490504680876,181.72719962604296,65434500
2024-02-16,180.49948120117188,183.0142649801448,179.86583763061847,181.59845842120637,49752500
2024-02-20,179.75692749023438,180.61828269677792,178.21242224791314,179.98463913307552,53665600
2024-02-21,180.50941467285156,181.07374623255754,178.8658962581704,180.13318356154335,41371400
2024-02-22,182.53904724121094,183.12319953047427,180.64802661628633,181.6578862880503,52292200
2024-02-23,180.7073974609375,183.20236045475278,180.4202689919066,183.1726595934398,45119700
2024-02-26,179.36090087890625,180.94500218994074,178.8559560281093,180.43017719516277,40867400
2024-02-27,180.8163299560547,182.09351248592515,177.77681047698752,179.30152539649055,54318900
2024-02-28,179.6183319091797,181.30144633523983,178.34114943443706,180.69750358801915,48953900
2024-02-29,178.95498657226562,180.75691955299587,177.74710108364005,179.4698267249393,136682600
2024-03-01,177.8758087158203,178.73716395290236,175.61845249589473,177.76690051629518,73563100
2024-03-04,173.361083984375,175.14319605787904,172.06408093389737,174.40064432483445,81510100
2024-03-05,168.43052673339844,170.3314573247722,167.9354922531265,169.06417026385637,95132400
2024-03-06,167.44046020507812,169.53941670485264,167.00482743895031,169.36119643359416,68587700
2024-03-07,167.32167053222656,169.0344857697736,166.81674075207243,167.47017484778516,71765100
2024-03-08,169.03448486328125,171.9749911536114,167.26226790901475,167.32166963491963,76267000
2024-03-11,171.03443908691406,172.6482565736913,170.34139373001014,171.2225546353428,60139500
2024-03-12,171.50965881347656,172.3017170819102,169.31170429451927,171.43045147590772,59825400
2024-03-13,169.43051147460938,171.4700511814422,169.0641756745517,171.05422401757613,52488700
2024-03-14,171.2819366455078,172.57892461566286,170.34137411890524,171.1928340614332,72913500
2024-03-15,170.9057159423828,170.9057159423828,168.59885322457814,169.47011882986195,121752700
2024-03-18,171.99481201171875,175.94519331439105,171.79680120539754,173.82644596151624,75604200
2024-03-19,174.33135986328125,174.85609525037736,171.31164624406932,172.6086342803731,55215200
2024-03-20,176.8956298828125,176.8956298828125,173.3511809805003,173.97492929704185,53423100
2024-03-21,169.66810607910156,175.7273381457555,169.1433707597941,175.29170540355622,106181300
2024-03-22,170.56912231445312,171.33147983629345,168.37116745936027,170.05428209514795,71160100
2024-03-25,169.1533203125,170.23249206020807,167.76721443821097,168.87610215909345,54288300
2024-03-26,168.02462768554688,169.71763732680742,167.8959138727621,168.31174106723407,57388400
2024-03-27,171.58885192871094,171.87598039200594,168.42063422483255,168.7176579392829,60273300
2024-03-28,169.7770233154297,170.51957504542207,168.8166552027259,170.04434616825796,65672700
2024-04-01,168.34146118164062,169.54934678777494,167.79692011211174,169.48994505423667,46240500
2024-04-02,167.16326904296875,167.65830361021796,166.55932626663449,167.40089107386055,49329500
2024-04-03,167.96519470214844,168.98496453257434,166.90582876011774,167.11373478373662,47691700
2024-04-04,167.14346313476562,170.21266810452119,167.14346313476562,168.59885072968464,53704400
2024-04-05,167.89590454101562,168.69785802201392,167.27215623034843,167.90579979250484,42104800
2024-04-08,166.77713012695312,167.51968192191484,166.5692240844266,167.3513719945941,37425500
2024-04-09,167.9850311279297,168.3909631058002,166.6781477036779,167.02466284236104,42373800
2024-04-10,166.11378479003906,167.4107728345435,165.45044033625643,167.12365945587084,49709300
2024-04-11,173.30166625976562,173.71750852250418,166.49000200344838,166.6682071669761,91070300
2024-04-12,174.7967071533203,176.58872985356905,172.47994902506244,172.52944039553972,101670900
2024-04-15,170.97503662109375,174.8759113224836,170.7869210734751,173.61851932570818,73531800
2024-04-16,167.69790649414062,172.0343988146065,166.59892920522176,170.04436539186383,73711200
2024-04-17,166.33160400390625,168.95528100035153,166.33160400390625,167.9256158132339,50901200
2024-04-18,165.38111877441406,166.96523521407434,164.8959946340493,166.36129252101995,43122900
2024-04-19,163.36138916015625,164.74747975255278,162.45052746983075,164.559379327856,68149400
2024-04-22,164.19305419921875,165.59895049362888,163.1336881290828,163.87623994630854,48116400
2024-04-23,165.24252319335938,165.39104261951863,163.28219064755024,163.70792820716713,49537800
2024-04-24,167.34149169921875,167.6187098522012,164.5593998092657,164.8861093338651,48251800
2024-04-25,168.20285034179688,168.91570135131437,166.48012455092012,167.84642483703811,50558300
2024-04-26,167.6186981201172,169.63843239437367,167.49987955768663,168.19293999888993,44838400
2024-04-29,171.77694702148438,174.28182002595528,171.38092552081974,171.64823323550502,68169400
2024-04-30,168.6384735107422,173.2521991943247,168.31174889120035,171.60868084411632,65934800
2024-05-01,167.6186981201172,170.99483730573115,167.43058257791944,167.8959162536964,50383100
2024-05-02,171.3116455078125,171.69777183075684,169.19289835753364,170.79680537480178,94214900
2024-05-03,181.55885314941406,185.14289799826793,180.84600228009177,184.796367814728,163224100
2024-05-06,179.9054718017578,182.37073431535399,178.62827413884693,180.53911545314375,78569700
2024-05-07,180.5885772705078,183.0637497391675,179.5193160584302,181.62815272879564,77305800
2024-05-08,180.92523193359375,181.25195654794928,179.6480343404535,181.03414013837894,45057100
2024-05-09,182.73704528808594,182.82614787366472,180.3014688648197,180.74699689996783,48983000
2024-05-10,181.4779510498047,183.50042466657956,180.56585391849484,183.3120539854214,50759500
2024-05-13,184.68019104003906,185.4931559868038,183.03444380225457,183.84740874901934,72044800
2024-05-14,185.82032775878906,186.68286641073877,184.69011878206607,185.89964252722956,52393600
2024-05-15,188.09068298339844,189.01268886802714,185.76085876781028,186.2962297111884,70400000
2024-05-16,188.2096405029297,189.458829238671,188.03119361367854,188.83423487080034,52845200
2024-05-17,188.2393798828125,189.1713095252472,187.55530322495105,187.8824709799172,41282900
2024-05-20,189.3993377685547,190.2717851507536,187.38677266186554,187.70403175639103,44361300
2024-05-21,190.69808959960938,191.07481584379752,189.28036268210627,189.44890089382775,42309400
2024-05-22,189.26052856445312,191.16405275409193,188.63594934473116,190.61877317517173,34648500
2024-05-23,185.27505493164062,189.35966699130785,185.0272019643745,189.33983451815809,51005900
2024-05-24,188.34841918945312,188.94327235106317,186.4250777783575,187.19839293954828,36327000
2024-05-28,188.3583526611328,191.34249703943843,187.47599667367734,189.86528785982966,52280100
2024-05-29,188.65576171875,190.5989356775744,187.88246165547932,187.98160889548626,53068000
2024-05-30,189.6471710205078,190.52952698465035,188.99285067972127,189.12172393667825,49889100
2024-05-31,190.59893798828125,190.9161970579539,188.2790377703441,189.79589676882185,75158300
2024-06-03,192.3636474609375,193.31540952983562,190.86662095571478,191.24334718637152,50080500
2024-06-04,192.680908203125,193.64257895328527,191.37223723797064,192.96841099700254,47471400
2024-06-05,194.18785095214844,195.20900403542353,193.19643901671662,193.72188613227584,54156800
2024-06-06,192.8097686767578,194.8124248113502,192.50243342955554,194.0093836485974,41181800
2024-06-07,195.19911193847656,195.2486855650071,192.47272888451312,192.978343568532,53103900
2024-06-10,191.46145629882812,195.60556579928584,190.49978557066368,195.20899197297106,97010200
2024-06-11,205.37095642089844,205.3808802210458,191.96707924808354,191.98689659289002,172373300
2024-06-12,211.24014282226562,218.30889945026047,205.1231180281253,205.58908283581826,198134300
2024-06-13,212.40008544921875,214.88852380834695,209.782758705521,212.8957913864929,97862700
2024-06-14,210.66513061523438,213.32210737882852,209.4853479747781,212.01345147179217,70122700
2024-06-17,214.8092498779297,217.06966817138198,210.8931752545736,211.53758704443374,93728300
2024-06-18,212.44964599609375,216.7523850703462,211.17073132176122,215.7213082393038,79943300
2024-06-20,207.8792266845703,212.40007736780652,207.0563681724187,212.0927269910851,86172500
2024-06-21,205.70806884765625,210.07027533194446,205.33132746963062,208.58315742215362,241805100
2024-06-24,206.35247802734375,210.87331399723786,204.8157865138524,205.93608683303725,80727000
2024-06-25,207.27452087402344,209.56468024841507,206.8184646829133,207.35382052419757,55549700
2024-06-26,211.41859436035156,213.01476817493463,208.8310086144187,209.68362348048936,66213200
2024-06-27,212.2613067626953,213.88722177256454,210.5263358320774,212.8462361886446,49772700
2024-06-28,208.81117248535156,214.21437951883613,208.4939285392998,213.91695291908772,82542700
2024-07-01,214.8885498046875,215.64201747450758,210.10002805599396,210.26856627972688,60402900
2024-07-02,218.37828063964844,218.4873365423676,213.25268346733495,214.29365375141188,58046200
2024-07-03,219.64730834960938,219.64730834960938,217.14894613859082,218.11061688690268,37369800
2024-07-05,224.39617919921875,224.50523511983306,219.74645469045154,219.74645469045154,60412400
2024-07-08,225.8634796142578,225.89322076278884,221.3327197032473,225.13973799267995,59085900
2024-07-09,226.716064453125,227.42988222637766,224.4259054004998,225.9725055332989,48076100
2024-07-10,230.9791717529297,231.07831900756045,227.28120909695775,227.33078272427315,62627700
2024-07-11,225.61563110351562,230.39422897123262,223.83108651749725,229.40281699319425,64710600
2024-07-12,228.56008911132812,230.64206011910093,226.71606240173486,226.9540066999144,53046500
2024-07-15,232.38694763183594,235.1926451763578,231.08820043911544,234.44908623752588,62631300
2024-07-16,232.80335998535156,234.24090427881208,230.33473879844306,232.98180687397965,43234300
2024-07-17,226.91436767578125,229.47221227385296,224.69359950369105,227.47946461019197,57345900
2024-07-18,222.25473022460938,228.46097889584826,220.36114484151935,228.3023493485251,66034600
2024-07-19,222.3836212158203,224.85224251867803,221.36246807560826,222.88925101284036,49151500
2024-07-22,222.03665161132812,225.8238378140571,221.17411283226946,225.06044629209634,48201800
2024-07-23,223.07760620117188,224.9910392063895,220.7676144514488,222.44310313331528,39960300
2024-07-24,216.66314697265625,222.86939506256107,215.2652677100796,222.0762625279836,61777600
2024-07-25,215.6221923828125,218.95333716975932,212.77682977395946,217.04981289629316,51391200
2024-07-26,216.08816528320312,217.60502442671483,214.15489978899527,216.82180047841348,41601300
2024-07-29,216.36575317382812,217.41664743865044,213.8971319294418,215.09674706599597,36311800
2024-07-30,216.9209442138672,218.43780333279796,214.26395224147618,217.3075942808937,41643800
2024-07-31,220.1727752685547,221.89783756706774,218.73523091700034,219.53827220377053,50036300
2024-08-01,216.48471069335938,222.55214689360594,215.15622233135366,222.44309097566543,62501000
2024-08-02,217.97183227539062,223.66254232334134,215.84030263063204,217.2679231335739,105568600
2024-08-05,207.47279357910156,211.6664621054212,194.3167520967801,197.3802115476467,119548600
2024-08-06,205.45030212402344,208.18660889381388,199.3432157724579,203.53688424769564,69660500
2024-08-07,208.01806640625,211.80525225793107,204.61751548926864,205.12313014700663,63516400
2024-08-08,211.47808837890625,212.36044444161047,207.0365669160157,211.27980900719393,47161100
2024-08-09,214.3829345703125,214.91829038971974,210.1496011292121,210.27848952903548,42201600
2024-08-12,215.9114532470703,217.8767166928247,213.99582080224636,214.46232494953352,38028100
2024-08-13,219.62364196777344,220.23902400333975,217.38044783379533,217.38044783379533,44155300
2024-08-14,220.07028198242188,221.37053243582614,218.06530765715263,218.9288446755302,41960600
2024-08-15,223.04794311523438,223.67326036559285,221.10252008370475,222.92884083716766,46414000
2024-08-16,224.3680877685547,225.1422830006272,221.98593577772976,222.25393109506462,44340200
2024-08-19,224.20924377441406,224.30850577318623,221.3804434072076,224.04051049270504,40687800
2024-08-20,224.8246307373047,225.4797235950926,223.77252016614798,224.09014645304697,30299000
2024-08-21,224.71548461914062,226.28373058529078,223.37553826276908,224.8346020684513,34765500
2024-08-22,222.85939025878906,226.64103964823346,222.23407290784718,226.09512887719345,43695300
2024-08-23,225.1521759033203,226.52191275369313,222.66085720360698,223.98096305377334,38677300
2024-08-26,225.4896697998047,225.58893181224732,222.22415556593285,225.07279660900764,30602200
2024-08-27,226.33334350585938,227.14724957253156,223.21670725505913,224.31844891527626,35934600
2024-08-28,224.80479431152344,228.14971479709,224.0008084384826,226.22414704916858,38052200
2024-08-29,228.08026123046875,231.18697758967758,227.1770435151196,228.38796742499142,51906300
2024-08-30,227.296142578125,228.6857199244299,225.787447784096,228.47729089511273,52990800
2024-09-03,221.1124725341797,227.29611365629745,219.52437135882835,226.84946493362216,50190600
2024-09-04,219.20675659179688,220.1298295937355,215.86182100754215,220.01072730838987,43840200
2024-09-05,220.7253875732422,223.80231295165626,219.87178579311316,219.9809679444758,36615400
2024-09-06,219.177001953125,223.56411324365834,218.13481142105056,222.2837029728863,48423000
2024-09-09,219.2663116455078,219.62363365317324,215.0975649862482,219.17698492990527,67180000
2024-09-10,218.47227478027344,219.83207646515766,215.1174187834135,217.29112653781655,51591000
2024-09-11,221.00331115722656,221.4301044903715,216.26879790334314,219.81224273641337,44587100
2024-09-12,221.1124725341797,221.88666769221828,218.18442519080247,220.8444772424724,37455600
2024-09-13,220.844482421875,222.37301734416337,220.25887596851652,221.91644846858938,36766600
2024-09-16,214.71047973632812,215.60377723416104,212.32832783334672,214.92882889414335,59357400
2024-09-17,215.17697143554688,215.28615358843467,212.904016801209,214.14471619981742,45519300
2024-09-18,219.04794311523438,221.05291740528648,215.92137182236397,215.931307109631,59894900
2024-09-19,227.16708374023438,228.11002736409566,222.95864123060412,223.31596324984213,66781300
2024-09-20,226.5020751953125,231.3556905514529,225.92638886705737,228.2589097535001,318679900
2024-09-23,224.7849578857422,227.74278104335218,224.12986496132828,225.64847983003366,54146000
2024-09-24,225.67825317382812,227.64353192764617,224.05045616714196,226.94872814757065,43556100
2024-09-25,224.68569946289062,225.59885242729763,222.3531936181764,223.2564112941643,42308700
2024-09-26,225.8271484375,226.79985253593196,223.73284722402752,225.608784129346,36636700
2024-09-27,226.09510803222656,227.81224676693589,225.60876359989413,226.76013618443497,34026000
2024-09-30,231.26637268066406,231.26637268066406,227.94129216556473,228.32838978012126,54541900
2024-10-01,224.5269012451172,227.94129335648356,222.0752779583648,227.81227091446172,63285000
2024-10-02,225.0926513671875,225.67825786117984,221.36063294746157,224.2092739820147,32880600
2024-10-03,223.9908905029297,225.12240767637772,221.65838486968212,223.46483520314058,34044200
2024-10-04,225.11248779296875,226.3035561118749,222.46235586119454,226.20429410810965,37245100
2024-10-07,220.04051208496094,224.01074997862722,219.68319006872073,222.8296017820206,39505400
2024-10-08,224.09014892578125,224.29857792676054,221.58889489724396,222.63108533790577,31855700
2024-10-09,227.83212280273438,228.04056698162543,223.15717559100585,223.55419337095574,33591100
2024-10-10,227.33584594726562,227.7924300308487,225.47976432683006,226.08522629350668,28183500
2024-10-11,225.85690307617188,227.7030642360917,225.64845893034402,227.59388209213523,31759200
2024-10-14,229.57901000976562,230.0058033150611,226.89910245149323,226.99834931201846,39882100
2024-10-15,232.1100311279297,235.72294688412148,230.64103225198252,231.87181141001133,64751400
2024-10-16,230.05540466308594,230.39287120683147,228.12983710309095,229.87675125001607,34082200
2024-10-17,230.42269897460938,232.11006236609234,228.80483716826546,231.6931740173152,32993800
2024-10-18,233.25146484375,234.42267769537074,232.2688255608399,234.42267769537074,46431500
2024-10-21,234.72047424316406,235.08773156933626,232.7055796017645,232.7055796017645,36254500
2024-10-22,234.1051025390625,234.46242459274853,230.86936376892484,232.1497589598997,38846600
2024-10-23,229.0430145263672,233.3904297884605,226.06533615950997,232.33831918874512,52287000
2024-10-24,228.85446166992188,229.10260155629064,226.710529416834,228.26884002769643,31109500
2024-10-25,229.6881866455078,231.48471683213373,227.86188088691335,228.03061417648678,38802300
2024-10-28,231.6633758544922,232.98348177622344,230.81970938626554,231.5839844241638,36087100
2024-10-29,231.93136596679688,232.5864588417728,230.59141979007921,231.36561495313973,35417200
2024-10-30,228.387939453125,231.7328600109945,227.8420287171323,230.87925826342104,47070900
2024-10-31,224.2291259765625,228.11995749798112,223.69313535160188,227.63359787833264,64370100
2024-11-01,221.25144958496094,223.67329727363756,218.63109301833273,219.32588166379162,65276700
2024-11-04,220.35812377929688,221.13231895883285,218.0752491010658,219.34572401852256,44944500
2024-11-05,221.78741455078125,222.28369429475046,219.49460455688452,220.14969745378525,28111300
2024-11-06,221.06285095214844,224.387931303672,219.54423614319148,220.95366880237512,54561100
2024-11-07,225.78741455078125,226.18444740932767,222.8990781242877,222.95862926675593,42137700
2024-11-08,225.51913452148438,227.2083389148385,224.9726232043034,225.72779283046052,38328800
2024-11-11,222.8064727783203,224.26714170400084,220.0938084143074,223.57158868270503,42005600
2024-11-12,222.8064727783203,224.15783943194586,221.9420008205612,223.12444853772337,40398300
2024-11-13,223.69082641601562,225.2111120360391,221.34580821096,222.58787261698694,48566200
2024-11-14,226.77114868164062,227.41701609796436,223.57158960851197,223.59146688403666,44923900
2024-11-15,223.5715789794922,225.4793879673537,222.84621765747355,224.96268496170848,47923700
2024-11-18,226.5724334716797,228.28151537171908,223.74052045447314,223.82001439888424,44633700
2024-11-19,226.83074951171875,228.69881907074455,225.22103903072198,225.53899960732684,36211800
2024-11-20,227.54620361328125,228.4702922716314,224.45594670445817,226.61216873586113,35169600
2024-11-21,227.06927490234375,228.69886297028268,224.27711624586794,227.42699009588745,42108300
2024-11-22,228.41065979003906,229.25526960886552,226.6121530455377,226.6121530455377,38168300
2024-11-25,231.39161682128906,231.7692092379923,228.28149797848934,229.99057974831032,90152800
2024-11-26,233.56773376464844,234.07450576495518,231.8487208075284,231.8487208075284,45986200
2024-11-27,233.43853759765625,234.1937224347506,232.32565277909848,232.9814664022851,33498400
2024-11-29,235.82330322265625,236.3002516789311,232.48463370489634,233.3192972938568,28481400
2024-12-02,238.06895446777344,239.26133321145704,235.654388648958,235.76369091824088,48137100
2024-12-03,241.1095428466797,241.21884512379424,237.38334952948236,238.2875760799829,38861000
2024-12-04,241.46725463867188,242.56027739454964,239.7184333911867,241.32814402991647,44383900
2024-12-05,241.49703979492188,242.9875169579372,240.59282850575005,242.44102079436578,40033900
2024-12-06,241.29832458496094,243.0769692456264,240.5431549096241,241.36788746709487,36870600
2024-12-09,245.18350219726562,245.67039687977774,240.21524480725012,240.29473874492055,44649200
2024-12-10,246.19703674316406,246.63424582967986,243.7824557106041,245.32261857013248,36914800
2024-12-11,244.9251708984375,249.20780656351602,244.69662013013263,246.3858398593606,45205800
2024-12-12,246.38583374023438,247.1608807008323,244.12029436088807,245.32261935264157,32777500
2024-12-13,246.55474853515625,247.70737273801882,244.67674782957272,246.24671899982582,33155300
2024-12-16,249.44625854492188,249.78411156803347,246.07778066556844,246.41563368868003,51694800
2024-12-17,251.8707733154297,252.21855739876366,248.19426586582333,248.49236434269267,51356400
2024-12-18,246.47525024414062,252.66569465886903,246.16722071424974,250.559158393614,56774100
2024-12-19,248.2041778564453,250.40015413338242,245.5213220945425,245.92872280957204,60882300
2024-12-20,252.87435913085938,253.3811159043778,244.13022347118752,246.46529524609687,147495300
2024-12-23,253.64942932128906,254.02700659111463,251.84097626600598,253.15260355822258,40858800
2024-12-24,256.560791015625,256.57070690893096,253.66924678278625,253.86798918256417,23234700
2024-12-26,257.3755798339844,258.44874034869076,255.99442012888886,256.55086249805703,27237100
2024-12-27,253.96737670898438,257.05764856283577,251.45343969164696,256.19314630806485,42355300
2024-12-30,250.59889221191406,251.8906421270002,249.15810064436016,250.6287005424076,35557500
2024-12-31,248.83021545410156,251.6720594492945,247.84649497663966,250.83739579916153,39480700
2025-01-02,242.30194091796875,247.51861164989126,240.2848294479123,247.34967754084445,55740700
2025-01-03,241.81503295898438,242.62981931594805,240.3543640210219,241.81503295898438,40244100
2025-01-06,243.4446258544922,245.7598357483754,241.6560500607284,242.75900387005615,45045600
2025-01-07,240.67233276367188,243.99112508347835,239.81779188041267,241.43743349025635,40856000
2025-01-08,241.1592254638672,242.1628232218062,238.52605495049286,240.38417847646193,37628900
2025-01-10,235.3463592529297,238.63534322792128,231.52079498772144,238.48628640867517,61710900
2025-01-13,232.9119110107422,233.18020116738663,228.26162915914,232.04743903723335,49630700
2025-01-14,231.7990264892578,234.62099318079112,230.99417118008773,233.25969544364762,39435300
2025-01-15,236.35987854003906,237.4429702030776,232.94171493841435,233.1503884256181,39832000
2025-01-16,226.81088256835938,236.49898454969573,226.58234697208553,235.84318609247865,71759100
2025-01-17,228.5199737548828,230.8153063545454,227.02949646555186,230.6463874145182,68488300
2025-01-21,221.22654724121094,222.9952455214703,217.98724913328002,222.5779137526142,98070400
2025-01-22,222.4090118408203,222.6971640978084,218.39465138442915,218.39465138442915,64126500
2025-01-23,222.2401123046875,225.58871322146769,220.88874557201237,223.3132578125695,60234800
2025-01-24,221.3656768798828,224.19758968028435,220.00437919561992,223.35297985225768,54697900
2025-01-27,228.40074157714844,230.67619691244207,222.55806572164707,222.59782027357136,94863400
2025-01-28,236.74740600585938,238.66516132615985,229.3447052045828,229.3844597561093,75707600
2025-01-29,237.84039306640625,238.33721875252743,232.524352160143,232.6336544175663,45486100
2025-01-30,236.08164978027344,239.26133146080375,235.7040725307193,237.1547951903121,55658300
2025-01-31,234.50173950195312,245.62070152543137,231.9579942451269,245.62070152543137,100959800
2025-02-03,226.56246948242188,230.35822543026035,224.2671369795404,228.52991033796462,73063300
2025-02-04,231.32208251953125,231.64998934854387,225.21111642561868,225.80731341689966,45067300
2025-02-05,230.99417114257812,231.19289841511937,226.82083777153602,227.0791817096477,39620300
2025-02-06,231.73941040039062,232.31573010563136,228.96711414866223,229.8216550685821,29925300
2025-02-07,226.18490600585938,232.5144614947352,225.81724462416,231.12335539671392,39707200
2025-02-10,226.45346069335938,229.378010419489,226.00582893863492,228.36338248973718,33115600
2025-02-11,231.39735412597656,233.99363668198936,226.93096309298542,227.00058728303875,53718400
2025-02-12,235.625,235.71453849328682,229.4675323792709,229.98480349517558,45243300
2025-02-13,240.26051330566406,241.06625350434595,234.33184765944378,235.66480095549997,53614100
2025-02-14,243.31439208984375,244.25939586817944,239.72336558929686,239.981993568851,40896200
2025-02-18,243.18507385253906,243.8913336127375,240.56889220053384,242.86674847770814,48822500
2025-02-19,243.5829620361328,244.716969605811,241.88195827091008,243.37407429304395,32204200
2025-02-20,244.5379180908203,245.4829218502696,243.00600383864503,243.65259654249155,32316900
2025-02-21,244.25938415527344,247.38287960480025,243.93111682470231,244.6572756706751,53197400
2025-02-24,245.80125427246094,247.55199828948733,243.1353323966777,243.64264638435856,51326400
2025-02-25,245.74156188964844,248.68601093773057,243.62276739789988,246.69652285022872,48013300
2025-02-26,239.09666442871094,243.6923767743236,237.87313357927937,243.04579925662603,44433600
2025-02-27,236.05274963378906,241.1856322165831,235.81400561415145,238.15166004001364,41153600
2025-02-28,240.56887817382812,240.8175641664438,228.9900589647863,235.70458076540925,56833400
2025-03-03,236.77891540527344,242.74737946323825,234.8690087281554,240.51914741730602,47184000
2025-03-04,234.68994140625,238.80819608105105,233.44651142335266,236.46059966619734,53798100
2025-03-05,234.50094604492188,235.30668622205877,228.02515316620742,234.18262069274581,47227600
2025-03-06,234.09312438964844,236.60982567864426,231.93453157387603,233.207802772317,45170400
2025-03-07,237.81346130371094,240.10136041796665,233.5261018066448,233.87426828677374,46273600
2025-03-10,226.28436279296875,234.91874867921032,223.04150278970278,234.3019970725287,72071200
2025-03-11,219.67926025390625,224.65298022983382,216.30707871737093,222.63365113389432,76137400
2025-03-12,215.8395538330078,220.58448707211764,213.7804415985268,218.98294858814833,62547500
2025-03-13,208.57791137695312,215.70028194858565,207.3245394208188,214.81496040955514,61368300
2025-03-14,212.36788940429688,212.82546311709572,208.47843695256688,210.13965751241793,60107600
2025-03-17,212.87521362304688,214.0888025037831,208.8663965620962,212.18883784213668,48073400
2025-03-18,211.57211303710938,214.019174884069,210.3784232206469,213.0343879953175,42432400
2025-03-19,214.1086883544922,217.61017604964766,212.62651443867486,213.0940452987452,54385400
2025-03-20,212.97471618652344,216.34689805154306,211.1045924362575,212.86529372925065,48862900
2025-03-21,217.12277221679688,217.68976839110027,210.16950634984832,210.4480334492585,94127800
2025-03-24,219.56982421875,220.31588216896776,217.43113083289424,219.838409330833,44299500
2025-03-25,222.573974609375,222.92214108802088,218.92326587520165,219.6096416779903,34493600
2025-03-26,220.36563110351562,223.83729303324841,219.31120492080973,222.3352199198642,34466100
2025-03-27,222.6734619140625,223.80746952519274,219.40074548587612,220.2263848697343,37094800
2025-03-28,216.7547149658203,222.6336557419088,216.5358700680628,220.504904155295,39818600
2025-03-31,220.9624786376953,224.4341253115235,215.09348022110552,215.86937928840504,65299300
2025-04-01,222.0169219970703,222.50433685640354,217.749461617725,218.65468232589998,36412700
2025-04-02,222.71324157714844,224.00641185945875,219.8583310514353,220.15675729790527,35905900
2025-04-03,202.1220245361328,206.39942653372108,200.19221885499383,204.45966369883956,103419000
2025-04-04,187.38987731933594,198.82943318150367,186.3553350717911,192.87091122900438,125910900
2025-04-07,180.50625610351562,193.12954493623218,173.70219548773406,176.26863687444822,160466300
2025-04-08,171.51376342773438,189.33957458197378,168.32064359895526,185.71870692843436,120859500
2025-04-09,197.80487060546875,199.55561475938035,170.98656295712524,171.0462451746259,184395900
2025-04-10,189.41915893554688,193.7562435722064,182.0381599544528,188.0762635840202,121880000
2025-04-11,197.10853576660156,198.49122944739574,185.0820833366806,185.12188160037283,87435900
2025-04-14,201.45556640625,211.8207974391945,200.10271391024364,210.32868138530173,101352900
2025-04-15,201.07754516601562,202.44033954558066,198.74984792281177,200.7990180691496,51343900
2025-04-16,193.24891662597656,199.64511311117855,191.35889396287376,197.31741584829123,59732400
2025-04-17,195.94467163085938,197.78495412822454,193.39812938355274,196.16351652823,52164700
2025-04-21,192.14474487304688,192.78138039340035,188.81234657174457,192.25416731460396,46742500
2025-04-22,198.690185546875,200.53045296496776,194.93999616163734,195.0892017003565,52976400
2025-04-23,203.52462768554688,206.9067512010516,201.7340854567431,204.9172632087338,52929200
2025-04-24,207.2748260498047,207.7324150205437,201.8733727998236,203.81312078521486,47311000
2025-04-25,208.18002319335938,208.6475540878433,205.1162098506388,205.28531450927932,38222300
2025-04-28,209.03550720214844,210.38835967290976,206.3696005213303,208.89624364686077,38743100
2025-04-29,210.09988403320312,211.12446912484504,207.27479957627347,207.59312493762445,36827600
2025-04-30,211.3831024169922,212.4574277707069,205.5837430092506,208.19992461631293,52286500
2025-05-01,212.19879150390625,213.43226431553572,207.8020097882055,207.98107159612528,57365700
2025-05-02,204.2706756591797,205.90205512568554,201.09744003856807,205.00677646592024,101010600
2025-05-05,197.84463500976562,203.02725796650907,197.1682163705072,202.03251395918386,69018500
2025-05-06,197.4666290283203,199.59538061408486,195.98447015970467,197.1682179665783,51216500
2025-05-07,195.21852111816406,198.3917570874617,192.23428894820486,198.12317194216024,68536700
2025-05-08,196.45199584960938,198.99853803284546,193.65675249053749,196.68078271707188,50478900
2025-05-09,197.4865264892578,199.48595647897335,196.50172445806652,197.95405738682032,36453900
2025-05-12,209.95706176757812,210.4351760021984,205.93303241640405,210.1363584051843,63775800
2025-05-13,212.08859252929688,212.55673652410627,208.17412935394688,209.59847136477597,51909300
2025-05-14,211.490966796875,213.09460539099953,209.7478820292828,211.5905625216416,49325800
2025-05-15,210.6144561767578,212.11849916658366,208.71199985896817,210.11643191755599,45029500
2025-05-16,210.42520141601562,211.73003772257164,208.94109887256835,211.52086084946143,54737900
2025-05-19,207.9550018310547,208.65223273202483,203.45285841572866,207.0884445111699,46140500
2025-05-20,206.04258728027344,207.64622592622177,204.2198167548668,206.84938410987283,42496600
2025-05-21,201.2914276123047,206.22186440009241,199.91689108628387,204.3592586621154,59211800
2025-05-22,200.56430053710938,201.94880716447733,198.91085659406792,199.91687517553498,46742400
2025-05-23,194.49839782714844,196.9187884239126,192.69555244631704,192.9047141233614,78432900
2025-05-27,199.4188690185547,199.94677348688452,196.64984031499387,197.51641281084125,56288500
2025-05-28,199.62803649902344,201.9289060786693,199.11008702875665,199.79736291846774,45339700
2025-05-29,199.15989685058594,203.00464471322186,197.72558456215265,202.775557811137,51396800
2025-05-30,200.0563507080078,201.16196516975768,196.00242594876025,198.58218796001185,70819900
2025-06-02,200.90298461914062,201.3312933884623,199.3292261245183,199.4885975362889,35423300
2025-06-03,202.46676635742188,202.9647905668523,200.16589694161215,200.55435521702816,46381600
2025-06-04,202.0185546875,205.42503857555045,201.30139858491114,202.10819540070028,43604000
2025-06-05,199.83721923828125,203.9409342732031,199.35910500622674,202.69587362440456,55126100
2025-06-06,203.11419677734375,204.8871617909174,201.2515910514923,202.19783403313102,46607700
2025-06-09,200.6539764404297,205.18600036190864,199.2296343157191,203.58236159580053,72862600
2025-06-10,201.86912536621094,203.54249456453348,199.77743286642308,199.80731310224203,54672600
2025-06-11,197.9945068359375,203.69190510411792,197.62597377823997,202.69585666840098,60989900
2025-06-12,198.41285705566406,198.890956077424,196.58013147350607,198.29333609984755,43904600
2025-06-13,195.67372131347656,199.57822954037988,194.92668495173118,198.94075911963023,51447300
2025-06-16,197.6359405517578,197.90487790098294,195.78328974313985,196.52037110088898,43020700
2025-06-17,194.86691284179688,197.60604600468164,194.43861931524052,196.42074594971083,38856200
2025-06-18,195.80319213867188,196.78928550519313,194.29916455806153,195.16572178414586,45394700
2025-06-20,200.2057342529297,200.90296511361447,196.08209436431653,197.45664606001856,96813500
2025-06-23,200.7037811279297,201.50062300089087,198.17382451965966,200.83327230185307,55814300
2025-06-24,199.50851440429688,202.63610603642124,199.4089034764897,201.78945874554142,54064000
2025-06-25,200.76353454589844,202.8651975026319,199.82724651799433,200.65396860223956,39525700
2025-06-26,200.2057342529297,201.83925306874522,198.67182635942322,200.63402778217431,50799100
2025-06-27,200.28543090820312,202.41697405518968,199.20969672208463,201.09222774816857,73188600
2025-06-30,204.35926818847656,206.570497066428,198.47261792694385,201.21175129212304,91912800
2025-07-01,206.99879455566406,209.35942450018746,205.3254252695324,205.85332972802502,78788900
2025-07-02,211.6005401611328,212.49697770796604,207.31752868499885,208.08449026524102,67941800
2025-07-03,212.70616149902344,213.80180573654258,210.97303162710094,211.31168447150716,34955800
2025-07-07,209.120361328125,215.37554414763466,207.97491173225177,211.8395692407974,50229000
2025-07-08,209.18014526367188,210.59453234535175,207.62631199643187,209.26980118177752,42848900
2025-07-09,210.30567932128906,210.49493096772343,206.40117103180637,208.7020406311003,48749400
2025-07-10,211.57064819335938,212.6364120977978,209.2000480941239,209.678147079363,44443600
2025-07-11,210.32559204101562,211.29176024279,209.03072603053,209.73792710960444,39765800
2025-07-14,207.79562377929688,210.07658325197187,206.71988962428105,209.10044482334126,38840100
2025-07-15,208.28370666503906,211.05272033528996,208.09445501444372,208.39327261019983,42296300
2025-07-16,209.32955932617188,211.5606982702429,207.81556132948495,209.46900551017632,47490500
2025-07-17,209.19009399414062,210.96305897069354,208.761785269157,209.7379236663323,48068100
2025-07-18,210.3455047607422,210.95309492429405,208.87135730762196,210.0367321724359,48974600
2025-07-21,211.64036560058594,214.92732845073886,210.7937335563828,211.2618775331451,51377400
2025-07-22,213.55279541015625,214.1006251327807,211.39137195770533,212.29777975345726,46404100
2025-07-23,213.3037872314453,214.29983576430007,211.5706725113145,214.15043456376964,46989300
2025-07-24,212.91529846191406,214.8376797586153,212.68621158769832,213.05474462863134,46022600
2025-07-25,213.03485107421875,214.38947759784276,212.5567368669443,213.85160291428238,40268800
2025-07-28,213.20419311523438,214.00103498726418,212.21809958876685,213.18426788884761,37858000
2025-07-29,210.43516540527344,213.96117031669576,209.9869466315705,213.33365491441555,51411700
2025-07-30,208.2239227294922,211.55072076453234,206.89917652304968,211.06265157316113,45512500
2025-07-31,206.74978637695312,209.01080544085684,206.3414028602417,207.66614913739534,80698400
2025-08-01,201.58030700683594,212.7360475386617,200.7037794341265,210.03674932642843,104434500
2025-08-04,202.5464630126953,207.0585613783641,200.88304868853191,203.70186769022786,75109300
2025-08-05,202.11814880371094,204.52858421879685,201.36115745633876,202.59624780213056,44155100
2025-08-06,212.4073486328125,214.5289368613384,204.77761325937152,204.81746371165528,108483100
2025-08-07,219.16053771972656,219.97730473834642,215.7241736307253,218.01508808955717,90224800
2025-08-08,228.4437255859375,230.08719950298993,218.38362983130105,219.95738825778145,113854000
2025-08-11,226.53909301757812,228.91238364576833,224.12592192869855,227.27701087414155,61806100
2025-08-12,229.0021209716797,230.14888579943394,226.429412881848,227.36674823663387,55626200
2025-08-13,232.6717529296875,234.33703985510917,229.77992501054072,230.4181341091737,69878500
2025-08-14,232.123291015625,234.4566858681212,230.1987431425788,233.39967872378062,51916300
2025-08-15,230.9366455078125,233.6190590405621,228.69299310222902,233.33985018068216,56038700
2025-08-18,230.23863220214844,232.46233685580373,229.46083388892833,231.04634466466607,37476200
2025-08-19,229.90956115722656,232.2130419457167,228.70298322789472,230.62753117126795,39402600
2025-08-20,225.3723907470703,229.81981519856654,225.13307755654054,229.33119207499826,42263900
2025-08-21,224.26553344726562,225.88097364743615,223.14869792378403,225.6316789169631,30621200
2025-08-22,227.11746215820312,228.44371192910324,224.77410085849388,225.53195134940427,42477800
2025-08-25,226.51914978027344,228.6531118971015,225.59176554347297,225.84106025439092,30983100
2025-08-26,228.6630859375,228.84258604761433,224.05612439304167,226.22996704217394,54575100
2025-08-27,229.8397674560547,230.24859923631865,227.6160475796746,227.96506627689797,31259500
2025-08-28,231.9039306640625,232.75153884501827,228.69301327644948,230.16884905542523,38074700
2025-08-29,231.485107421875,232.7216147258446,230.71727541448905,231.85405874294378,39418400
2025-09-02,229.0719451904297,230.19876225122124,226.32970313085187,228.6032698757151,44075600
2025-09-03,237.79725646972656,238.17618932549604,233.69885053091846,236.5408165177042,66427800
2025-09-04,239.10354614257812,239.2232027368954,236.0721290991865,237.77729643117493,47549400
2025-09-05,239.0137939453125,240.63920029193574,237.81718240373485,239.32291694518142,54870400
2025-09-08,237.2089080810547,239.47249309970456,235.67324414176576,238.62490021245955,48999500
2025-09-09,233.68887329101562,238.1063683630383,232.70166073618753,236.33139119913957,66313900
2025-09-10,226.1501922607422,231.76431424305812,225.31256565050364,231.53496736029473,83440800
2025-09-11,229.3810577392578,229.7998710451417,226.010588238333,226.23995033725743,50208600
2025-09-12,233.40966796875,233.84841389514688,228.3739115767776,228.5733443098202,55824200
2025-09-15,236.0322265625,237.5180285002954,234.3669397384463,236.33138325533858,42699500
2025-09-16,237.4781494140625,240.53949594661788,235.65332541334,236.51088466190768,63421100
2025-09-17,238.3157958984375,239.42266510979977,237.05934071942244,238.2958480596019,46508000
2025-09-18,237.2089080810547,240.51953392817583,235.98236714862816,239.2930082114909,44249600
2025-09-19,244.8074188232422,245.60516498271895,239.53234916144805,240.5494606794321,163741300
2025-09-22,255.35755920410156,255.9160073848096,247.42002368458668,247.5995237986898,105517400
2025-09-23,253.71221923828125,256.6140134777918,252.86462630601793,255.15814081026073,60275200
2025-09-24,251.59820556640625,255.01853710208397,250.33178410429736,254.49999981420794,42303700
2025-09-25,256.14532470703125,256.4444966190252,250.99989343760635,252.49566170312627,55202100
2025-09-26,254.73931884765625,256.87328100426123,253.06405044687503,253.38315498635407,46076300
2025-09-29,253.71221923828125,254.28061851263055,252.29622703166862,253.84185736381545,40127700
2025-09-30,253.9116668701172,255.1980209495745,252.39595068950493,254.1410137555297,37704300
2025-10-01,254.72933959960938,258.0599285933123,254.21080232618834,254.32049261064776,48713900
2025-10-02,256.40460205078125,257.45162766856953,253.43299812845933,255.85613542550084,42630200
2025-10-03,257.2920837402344,258.5086431914624,253.23357360959045,253.9515436206674,49155600
2025-10-06,255.96583557128906,258.33912604890287,254.3304629034206,257.2621558739689,44664100
2025-10-07,255.75645446777344,256.6738420114173,254.70939836699205,256.0855101139428,31955800
2025-10-08,257.3320007324219,257.7906945345413,255.38748958216482,255.79633660873378,36496900
2025-10-09,253.32330322265625,257.27213808351553,252.42584836214985,257.08267167133846,38322000
2025-10-10,244.57806396484375,255.6567217403356,243.3116425485481,254.2207817432353,61999100
2025-10-13,246.96133422851562,248.98560621270488,244.86725241658198,248.67648318296307,38142900
2025-10-14,247.07101440429688,248.14796941642882,244.00966795095763,245.90431694508948,35478000
2025-10-15,248.63658142089844,251.10959602979932,246.77186176083558,248.78616738422895,33893600
2025-10-16,246.75192260742188,248.33743345063007,244.43847540742667,247.54966879270205,39777000
2025-10-17,251.5782470703125,252.66518358811555,246.57242016484557,247.3203043073955,49147000
2025-10-20,261.50018310546875,263.63416054313814,254.90884523128253,255.168106265739,90483000
2025-10-21,262.0286560058594,264.5415659974475,261.0913055219307,261.1411827196178,46695900
2025-10-22,257.72088623046875,262.1084670888602,254.70938662410154,261.9090191460537,45015300
2025-10-23,258.84765625,259.8847307097371,257.2821086816683,259.2066564378435,32754900
2025-10-24,262.0785827636719,263.3848847726989,258.4488367256365,260.4531761824355,38253700
2025-10-27,268.0516662597656,268.36078929414754,263.90339825112477,264.13276036080543,44888200
2025-10-28,268.2411193847656,269.12862319727753,267.39351124836816,268.23113785786586,41534800
2025-10-29,268.93914794921875,270.6443152614699,266.35642794866993,268.5203194424725,51086700
2025-10-30,270.63433837890625,273.36662916750566,267.72259312931254,271.2226702585742,69886500
2025-10-31,269.6072692871094,276.53767519933945,268.40069127196034,276.2085891024436,86167100
2025-11-03,268.29095458984375,270.08589475979994,265.49886601188945,269.65711516237894,50194600
2025-11-04,269.2781982421875,270.72408938596277,266.86501191822913,267.5730004152706,49274800
2025-11-05,269.3779296875,270.9335263776032,266.17696342424256,267.8522167164328,43683100
2025-11-06,269.0089416503906,272.6287059365568,267.1342708755924,267.1342708755924,51204000
2025-11-07,267.7126159667969,271.5218466038475,266.0173996929098,269.03885049148494,48227400
2025-11-10,268.93035888671875,273.22240319845355,266.96401085683,268.46122924118225,41312400
2025-11-11,274.73956298828125,275.3983427074405,269.2996575494418,269.3096487524697,46208300
2025-11-12,272.9628601074219,275.2186787593472,271.19615348009904,274.49002155435767,48398000
2025-11-13,272.44384765625,276.1868935731559,271.5854266195937,273.6016697208788,49602800
2025-11-14,271.9048156738281,275.44821996704485,269.10002929321837,270.54732197227213,47431300
2025-11-17,266.9639892578125,269.98836893107386,265.237217022597,268.3214829895084,45018300
2025-11-18,266.9440612792969,270.2079864201871,264.8279974843966,269.48932037088264,45677300
2025-11-19,268.06195068359375,271.7051756343288,265.00762791735707,265.0375710636542,40424500
2025-11-20,265.7562561035156,274.91922505965954,265.42688147061517,270.327749378444,45823600
2025-11-21,270.98651123046875,272.8230952896135,265.17732758833057,265.4568071090486,59030800
2025-11-24,275.4083251953125,276.4863089537433,270.397615191446,270.397615191446,65585800
2025-11-25,276.4563903808594,279.8600705608694,274.73957871594786,274.75953066216096,46914200
2025-11-26,277.0352783203125,279.01161742605893,276.1170014953278,276.44637611579356,33431400
2025-11-28,278.3328857421875,278.4826014787427,275.4781737009374,276.7458380127342,20135600
2025-12-01,282.57501220703125,282.89442609469603,275.62792768573877,277.4944549964911,46587700
2025-12-02,285.6592712402344,286.86701880065203,282.10587559562896,282.47518456741903,53669500
2025-12-03,283.623046875,288.0847586222564,282.77461708045536,285.6692634925469,43538700
2025-12-04,280.179443359375,284.20196835267484,278.07334059490756,283.5731318378766,43989100
2025-12-05,278.26300048828125,280.6186397013617,277.53434330937836,280.01974631085085,47265800
2025-12-08,277.3746643066406,279.15136205700173,275.6378704438954,277.6142094762677,38211800
2025-12-09,276.66595458984375,279.5106752769474,276.40645748061854,277.64414811825674,32193300
2025-12-10,278.26300048828125,279.2312028389952,275.92734368017386,277.23491184461454,33038300
2025-12-11,277.514404296875,279.07150890817053,273.3022288840155,278.5824273392719,33248000
2025-12-12,277.7639465332031,278.70220580092337,276.30666253778065,277.38464634485007,39532900
2025-12-15,273.6016540527344,279.63046152672615,272.33402020742307,279.63046152672615,50409100
2025-12-16,274.1007385253906,274.9891026980292,271.2859911871425,272.3140798989353,37648600
2025-12-17,271.33587646484375,275.6478724530811,271.13626563598973,274.50001118897205,50138700
2025-12-18,271.68524169921875,273.12257373871984,266.4549687260805,273.1025913325419,51630700
2025-12-19,273.1625061035156,274.09077415448866,269.399477884542,271.6453053723066,144632000
2025-12-22,270.4674987792969,273.37210596231955,270.00836035897595,272.3539780142796,36571800
2025-12-23,271.85491943359375,271.99467443806464,269.06012395403746,270.3377490962612,29642000
2025-12-24,273.3022155761719,274.9192064044749,271.69521595033444,271.8349404799371,17910600
2025-12-26,272.8929748535156,274.859322715931,272.35396775197984,273.65157518449314,21521800
2025-12-29,273.2523498535156,273.8512128461511,271.8449608988494,272.1843267483383,23715200
2025-12-30,272.5735778808594,273.5717234473003,271.77507361210075,272.304089543875,22139600
2025-12-31,271.3558349609375,273.17246717497864,271.24605357156486,272.553621806917,27293600
