Date,Adj Close,Close,High,Low,Open,Volume,MA20,MA50,MA200,Daily Return,Volatility
2018-01-02,40.26707458496094,43.064998626708984,43.07500076293945,42.314998626708984,42.540000915527344,102223600,,,,,
2018-01-03,40.26005172729492,43.057498931884766,43.63750076293945,42.9900016784668,43.13249969482422,118071600,,,,-0.00017414826572337283,
2018-01-04,40.44706344604492,43.25749969482422,43.36750030517578,43.02000045776367,43.1349983215332,89738400,,,,0.004644969352628925,
2018-01-05,40.90756607055664,43.75,43.842498779296875,43.26250076293945,43.36000061035156,94640000,,,,0.01138531604115589,
2018-01-08,40.755638122558594,43.587501525878906,43.90250015258789,43.48249816894531,43.587501525878906,82271200,,,,-0.0037142508370535676,
2018-01-09,40.75096130371094,43.58250045776367,43.76499938964844,43.352500915527344,43.63750076293945,86336000,,,,-0.0001147362877008673,
2018-01-10,40.74160385131836,43.5724983215332,43.57500076293945,43.25,43.290000915527344,95839600,,,,-0.00022949890725432187,
2018-01-11,40.97303009033203,43.81999969482422,43.872501373291016,43.622501373291016,43.647499084472656,74670800,,,,0.00568021992828216,
2018-01-12,41.396121978759766,44.272499084472656,44.34000015258789,43.912498474121094,44.04499816894531,101672400,,,,0.01032632115015475,
2018-01-16,41.18574905395508,44.04750061035156,44.84749984741211,44.03499984741211,44.474998474121094,118263600,,,,-0.0050821272522202365,
2018-01-17,41.8659782409668,44.775001525878906,44.8125,43.76750183105469,44.037498474121094,137547200,,,,0.01651628141089967,
2018-01-18,41.90337371826172,44.814998626708984,45.025001525878906,44.5625,44.842498779296875,124773600,,,,0.0008932908870358247,
2018-01-19,41.71638107299805,44.6150016784668,44.89500045776367,44.352500915527344,44.65250015258789,129700400,,,,-0.0044627235160282774,
2018-01-22,41.37508773803711,44.25,44.44499969482422,44.150001525878906,44.32500076293945,108434400,,,,-0.008181142322873924,
2018-01-23,41.38443374633789,44.2599983215332,44.86000061035156,44.20500183105469,44.32500076293945,130756400,,,,0.0002259507691120266,
2018-01-24,40.72523880004883,43.55500030517578,44.32500076293945,43.29999923706055,44.3125,204420400,,,,-0.015928559491481753,
2018-01-25,39.998252868652344,42.77750015258789,43.73749923706055,42.63249969482422,43.627498626708984,166116000,,,,-0.017850996375621597,
2018-01-26,40.09176254272461,42.877498626708984,43.0,42.51499938964844,43.0,156572000,,,,0.002337641838920046,
2018-01-29,39.26192092895508,41.9900016784668,42.540000915527344,41.76750183105469,42.540000915527344,202561600,,,,-0.020698431034159137,
2018-01-30,39.030494689941406,41.74250030517578,41.842498779296875,41.17499923706055,41.38249969482422,184192800,43.583499908447266,,,-0.005894293007802864,
2018-01-31,39.13801956176758,41.85749816894531,42.11000061035156,41.625,41.717498779296875,129915600,43.523124885559085,,,0.0027549347290840576,0.009461576749445711
2018-02-01,39.21984100341797,41.94499969482422,42.154998779296875,41.689998626708984,41.79249954223633,188923200,43.46749992370606,,,0.0020904623951898404,0.009490253063429262
2018-02-02,37.518096923828125,40.125,41.70000076293945,40.025001525878906,41.5,346375200,43.310874938964844,,,-0.043390146812870234,0.013249544609056836
2018-02-05,36.580726623535156,39.122501373291016,40.970001220703125,39.0,39.775001525878906,290954000,43.07950000762939,,,-0.024984389450691147,0.013566972460814999
2018-02-06,38.1094970703125,40.75749969482422,40.93000030517578,38.5,38.70750045776367,272975200,42.93799991607666,,,0.04179176341340529,0.017207154587667674
2018-02-07,37.29367446899414,39.8849983215332,40.849998474121094,39.76750183105469,40.772499084472656,206434400,42.75312480926514,,,-0.021407136841659957,0.017658341770992052
2018-02-08,36.267478942871094,38.787498474121094,40.25,38.75749969482422,40.0724983215332,217562000,42.51387481689453,,,-0.027516607586757447,0.018369197369791247
2018-02-09,36.71107482910156,39.102500915527344,39.47249984741211,37.560001373291016,39.26750183105469,282690400,42.27799987792969,,,0.008121236320935088,0.018456267210562455
2018-02-12,38.18977355957031,40.6775016784668,40.97249984741211,39.377498626708984,39.625,243278000,42.098250007629396,,,0.04027877312353767,0.020867278273352628
2018-02-13,38.57234191894531,41.084999084472656,41.1875,40.412498474121094,40.48749923706055,130196800,41.95012493133545,,,0.0100177589377759,0.02109868064260214
2018-02-14,39.283504486083984,41.842498779296875,41.8849983215332,40.720001220703125,40.7599983215332,162579600,41.80349979400635,,,0.0184373788902068,0.021197615520239833
2018-02-15,40.60260009765625,43.247501373291016,43.272499084472656,42.25,42.4474983215332,204588800,41.72512493133545,,,0.03357836254964108,0.022731663129109292
2018-02-16,40.471153259277344,43.10749816894531,43.70500183105469,42.942501068115234,43.09000015258789,160704400,41.649749755859375,,,-0.003237255330366118,0.022725003911061213
2018-02-20,40.33502197265625,42.962501525878906,43.564998626708984,42.85499954223633,43.01250076293945,135722000,41.58537483215332,,,-0.003363606083056414,0.022675633203018068
2018-02-21,40.151939392089844,42.76750183105469,43.529998779296875,42.752498626708984,43.20750045776367,149886400,41.5107500076294,,,-0.0045388347488741765,0.022684539381669082
2018-02-22,40.48758316040039,43.125,43.48749923706055,42.9275016784668,42.95000076293945,123967600,41.4892499923706,,,0.008359108052594433,0.02251928976386532
2018-02-23,41.191707611083984,43.875,43.912498474121094,43.3849983215332,43.41749954223633,135249600,41.54412498474121,,,0.017391304347825987,0.022448739402054826
2018-02-26,42.006168365478516,44.74250030517578,44.84749984741211,44.0525016784668,44.087501525878906,152648800,41.637375068664554,,,0.019772086727653182,0.022818181148939378
2018-02-27,41.870025634765625,44.59749984741211,45.119998931884766,44.540000915527344,44.775001525878906,155712400,41.76774997711182,,,-0.0032407768178949192,0.022214889053476152
2018-02-28,41.806663513183594,44.529998779296875,45.154998779296875,44.51250076293945,44.814998626708984,151128400,41.90712490081787,,,-0.0015135617096515563,0.022141446830796982
2018-03-01,41.07435607910156,43.75,44.94499969482422,43.165000915527344,44.6349983215332,195208000,42.001749992370605,,,-0.01751625422589309,0.02263439035934313
2018-03-02,41.35835266113281,44.0525016784668,44.07500076293945,43.11249923706055,43.20000076293945,153816000,42.10712509155273,,,0.006914324079241085,0.02265597609471989
2018-03-05,41.50153350830078,44.20500183105469,44.435001373291016,43.630001068115234,43.8025016784668,113605600,42.31112518310547,,,0.003461781891547666,0.01989354967700636
2018-03-06,41.4663200378418,44.16749954223633,44.5625,44.032501220703125,44.477500915527344,95154000,42.563375091552736,,,-0.0008483720679774986,0.018670806773294704
2018-03-07,41.08141326904297,43.75749969482422,43.962501525878906,43.567501068115234,43.73500061035156,126814000,42.713375091552734,,,-0.009282840361384603,0.01696855293684224
2018-03-08,41.52970504760742,44.23500061035156,44.279998779296875,43.76750183105469,43.869998931884766,95096400,42.93087520599365,,,0.010912436013427618,0.01596139657728833
2018-03-09,42.243221282958984,44.994998931884766,45.0,44.34749984741211,44.4900016784668,128740800,43.24125022888184,,,0.01718092711759467,0.014149683460662825
2018-03-12,42.651615142822266,45.43000030517578,45.59749984741211,45.0525016784668,45.0724983215332,128828400,43.557625198364256,,,0.009667771610563536,0.014157226719211418
2018-03-13,42.24086380004883,44.99250030517578,45.875,44.810001373291016,45.647499084472656,126774000,43.77337512969971,,,-0.009630200243475606,0.012385677736431329
2018-03-14,41.88175582885742,44.61000061035156,45.130001068115234,44.45249938964844,45.08000183105469,117473600,43.949625205993655,43.080149993896484,,-0.008501410062339176,0.012689255949977909
2018-03-15,41.9310417175293,44.662498474121094,45.060001373291016,44.51750183105469,44.625,90975200,44.09062519073486,43.112099990844726,,0.0011768182705953478,0.012249321199862554
2018-03-16,41.78318405151367,44.505001068115234,44.779998779296875,44.404998779296875,44.662498474121094,157618800,44.153500175476076,43.141050033569336,,-0.0035263904032847293,0.010038363842256396
2018-03-19,41.144775390625,43.82500076293945,44.36750030517578,43.415000915527344,44.33000183105469,133787200,44.18937530517578,43.15240005493164,,-0.015279188604782501,0.010677123463414212
2018-03-20,41.13069534301758,43.810001373291016,44.20000076293945,43.73500061035156,43.810001373291016,78597600,44.231750297546384,43.15360008239746,,-0.0003422564606346823,0.010635217335703029
2018-03-21,40.198890686035156,42.817501068115234,43.772499084472656,42.814998626708984,43.7599983215332,148219600,44.23425025939942,43.13820007324219,,-0.02265465131395461,0.011837986572657475
2018-03-22,39.630882263183594,42.212501525878906,43.16999816894531,42.150001525878906,42.5,165963200,44.18862533569336,43.11080009460449,,-0.014129725629570933,0.012080282664945012
2018-03-23,38.71318054199219,41.23500061035156,42.47999954223633,41.23500061035156,42.09749984741211,164115200,44.05662536621094,43.06405014038086,,-0.023156668763827604,0.01223293716378635
2018-03-26,40.55094528198242,43.192501068115234,43.275001525878906,41.61000061035156,42.01750183105469,150164800,43.97912540435791,43.05150016784668,,0.04747181832882674,0.015952574714000713
2018-03-27,39.511173248291016,42.084999084472656,43.787498474121094,41.72999954223633,43.41999816894531,163690400,43.85350036621094,43.00775016784668,,-0.0256410709325684,0.016832810754995597
2018-03-28,39.07461929321289,41.619998931884766,42.505001068115234,41.29750061035156,41.8125,166674000,43.708000373840335,42.959200134277346,,-0.011049071229740193,0.01693035366395323
2018-03-29,39.3797492980957,41.94499969482422,42.9375,41.724998474121094,41.95249938964844,153594000,43.617750358581546,42.90260009765625,,0.007808764326768802,0.016752417285747355
2018-04-02,39.12156677246094,41.66999816894531,42.23500061035156,41.11750030517578,41.65999984741211,150347200,43.49862518310547,42.839700088500976,,-0.006556240979370909,0.01664678286002094
2018-04-03,39.52293014526367,42.09749984741211,42.1875,41.220001220703125,41.90999984741211,121112000,43.39325008392334,42.789350051879886,,0.010259219996447966,0.01684623984485095
2018-04-04,40.278690338134766,42.90250015258789,43.002498626708984,41.192501068115234,41.220001220703125,138422000,43.33000011444092,42.76240005493164,,0.01912228298814922,0.017515746423332167
2018-04-05,40.55801010131836,43.20000076293945,43.557498931884766,43.02000045776367,43.14500045776367,107732800,43.30212516784668,42.741200103759766,,0.006934342038190433,0.01750247743925219
2018-04-06,39.520572662353516,42.095001220703125,43.119998931884766,42.04999923706055,42.74250030517578,140021200,43.19512519836426,42.712000122070314,,-0.025578692655586432,0.018140911827823843
2018-04-09,39.91254425048828,42.51250076293945,43.272499084472656,42.462501525878906,42.470001220703125,116070800,43.071000289916995,42.70670013427734,,0.00991803136071634,0.01779945234300097
2018-04-10,40.66361618041992,43.3125,43.5,42.88249969482422,43.25,113634400,42.965125274658206,42.71540016174316,,0.018817976423488814,0.01824565983103522
2018-04-11,40.4734992980957,43.11000061035156,43.47999954223633,42.92499923706055,43.057498931884766,89726400,42.87100028991699,42.73780014038086,,-0.00467531058351367,0.018173339971132838
2018-04-12,40.872493743896484,43.53499984741211,43.75,43.2599983215332,43.352500915527344,91557200,42.81725025177002,42.77365013122559,,0.009858483670688978,0.018289870570746877
2018-04-13,41.010990142822266,43.682498931884766,43.959999084472656,43.462501525878906,43.69499969482422,100497200,42.7682502746582,42.810150146484375,,0.0033880575396723067,0.01831078210720906
2018-04-16,41.266822814941406,43.95500183105469,44.04750061035156,43.70750045776367,43.75749969482422,86313600,42.740750312805176,42.85035018920898,,0.006238262595618549,0.018368574485690816
2018-04-17,41.83482360839844,44.560001373291016,44.73500061035156,44.102500915527344,44.122501373291016,106421600,42.77750034332276,42.93905021667481,,0.01376406590907897,0.01828338152502923
2018-04-18,41.74093246459961,44.459999084472656,44.70500183105469,44.220001220703125,44.45249938964844,83018000,42.81000022888183,43.04580017089844,,-0.002244216466256721,0.018295617368186582
2018-04-19,40.55801010131836,43.20000076293945,43.84749984741211,43.165000915527344,43.439998626708984,139235200,42.829125213623044,43.094650192260744,,-0.028340043802952963,0.018720022686337198
2018-04-20,38.8962287902832,41.43000030517578,42.80500030517578,41.35749816894531,42.650001525878906,261964400,42.79000015258789,43.125550231933595,,-0.04097223209500789,0.020690920709554497
2018-04-23,38.783573150634766,41.310001373291016,41.72999954223633,41.022499084472656,41.70750045776367,146062000,42.79375019073486,43.17600028991699,,-0.0028964260439499068,0.02002031754615131
2018-04-24,38.243743896484375,40.73500061035156,41.58250045776367,40.30500030517578,41.41749954223633,134768000,42.67087516784668,43.208650283813476,,-0.013919165911991938,0.01686124023592907
2018-04-25,38.41038513183594,40.912498474121094,41.35499954223633,40.602500915527344,40.654998779296875,113528400,42.6122501373291,43.213350219726564,,0.004357379676199757,0.016035379014108814
2018-04-26,38.54417037963867,41.05500030517578,41.432498931884766,40.842498779296875,41.029998779296875,111852000,42.584000205993654,43.21275024414062,,0.0034830879650340485,0.015898471287736454
2018-04-27,38.09823226928711,40.58000183105469,41.08250045776367,40.157501220703125,41.0,142623200,42.515750312805174,43.18750030517578,,-0.011569808076732913,0.015951912712039138
2018-04-30,38.78828430175781,41.314998626708984,41.814998626708984,40.459999084472656,40.532501220703125,169709600,42.49800033569336,43.14885025024414,,0.01811229084499022,0.01648757671975439
2018-05-01,39.6895637512207,42.275001525878906,42.29999923706055,41.317501068115234,41.602500915527344,214277600,42.5068754196167,43.13220031738281,,0.02323618373665659,0.01716625138543906
2018-05-02,41.44285583496094,44.14250183105469,44.4375,43.45000076293945,43.807498931884766,266157600,42.56887550354004,43.155800323486325,,0.04417504997681854,0.01937944017854359
2018-05-03,41.51795959472656,44.22249984741211,44.375,43.61000061035156,43.970001220703125,136272800,42.62000045776367,43.18490028381348,,0.0018122673849252369,0.01933909882653154
2018-05-04,43.1468505859375,45.95750045776367,46.0625,44.54249954223633,44.5625,224805200,42.813125419616696,43.24155029296875,,0.03923343583782257,0.020008168102245164
2018-05-07,43.45902633666992,46.290000915527344,46.91749954223633,46.1875,46.29499816894531,169805600,43.002000427246095,43.289850311279295,,0.00723495521844697,0.0199795301543418
2018-05-08,43.667903900146484,46.51250076293945,46.55500030517578,45.91749954223633,46.247501373291016,113611200,43.162000465393064,43.32525032043457,,0.004806650313490701,0.019692979762589994
2018-05-09,43.97539520263672,46.84000015258789,46.849998474121094,46.30500030517578,46.63750076293945,92844800,43.348500442504886,43.370100326538086,,0.007041104741230875,0.01960308806347325
2018-05-10,44.60440444946289,47.5099983215332,47.592498779296875,46.912498474121094,46.935001373291016,111957200,43.54725036621094,43.42970031738281,,0.014303974525249785,0.019693947042324005
2018-05-11,44.43475341796875,47.147499084472656,47.51499938964844,46.86249923706055,47.372501373291016,104848800,43.72050037384033,43.49765029907226,,-0.007629956848393515,0.0198817301228602
2018-05-14,44.331092834472656,47.037498474121094,47.38249969482422,46.96500015258789,47.252498626708984,83115200,43.87462520599365,43.55735023498535,,-0.002333116548864589,0.019923538352914598
2018-05-15,43.92818832397461,46.61000061035156,46.76750183105469,46.275001525878906,46.69499969482422,94780800,43.97712516784668,43.60545021057129,,-0.009088448102841373,0.019964164639195137
2018-05-16,44.338165283203125,47.04499816894531,47.1150016784668,46.5,46.51750183105469,76732400,44.10637512207031,43.66300018310547,,0.009332708708378323,0.019989013272554444
2018-05-17,44.05777359008789,46.747501373291016,47.227500915527344,46.59000015258789,47.0,69176000,44.28375015258789,43.722800216674806,,-0.006323664730221501,0.018738241685935214
2018-05-18,43.897560119628906,46.57749938964844,46.95249938964844,46.532501220703125,46.79750061035156,73190800,44.54112510681152,43.76965019226074,,-0.0036366004310063316,0.015607832442544694
2018-05-21,44.20857238769531,46.907501220703125,47.317501068115234,46.727500915527344,47.0,73603200,44.82100009918213,43.80790023803711,,0.00708500532186207,0.015467795455937622
2018-05-22,44.09782409667969,46.790000915527344,47.220001220703125,46.69499969482422,47.095001220703125,60962800,45.12375011444092,43.83510025024414,,-0.00250493635597715,0.014874493794291658
2018-05-23,44.38056945800781,47.09000015258789,47.125,46.439998626708984,46.587501525878906,80233600,45.432625198364256,43.877050247192386,,0.006411609984837474,0.014861962906371559
2018-05-24,44.331092834472656,47.037498474121094,47.209999084472656,46.5525016784668,47.192501068115234,92936000,45.731750106811525,43.92560020446777,,-0.0011149220279608185,0.014957079090474406
2018-05-25,44.43240737915039,47.14500045776367,47.412498474121094,46.912498474121094,47.057498931884766,69844000,46.060000038146974,43.975250244140625,,0.0022854528223206216,0.014364288794305074
2018-05-29,44.272186279296875,46.974998474121094,47.1875,46.717498779296875,46.900001525878906,90056400,46.34300003051758,44.024650192260744,,-0.0036059387420067646,0.014350421440472938
2018-05-30,44.177947998046875,46.875,47.0,46.69499969482422,46.93000030517578,74762000,46.57299995422363,44.08565017700195,,-0.002128759496952015,0.01391094284254246
2018-05-31,44.02950668334961,46.717498779296875,47.057498931884766,46.53499984741211,46.80500030517578,109931200,46.70174980163574,44.14380012512207,,-0.0033600260416666305,0.010574193468960418
2018-06-01,44.82353973388672,47.560001373291016,47.564998626708984,46.9375,46.997501373291016,93770000,46.86862487792969,44.23865013122558,,0.01803398332548367,0.01109633787125719
2018-06-04,45.19815444946289,47.95750045776367,48.35499954223633,47.837501525878906,47.90999984741211,105064800,46.968624877929685,44.35355010986328,,0.008357844259775149,0.007437395443016579
2018-06-05,45.546875,48.32749938964844,48.48500061035156,48.09000015258789,48.26750183105469,86264000,47.07049980163574,44.49540008544922,,0.007715142122776575,0.007455399532396264
2018-06-06,45.70472717285156,48.494998931884766,48.52000045776367,47.97999954223633,48.407501220703125,83734400,47.169624710083006,44.60145004272461,,0.003465926115602036,0.0074365647641081375
2018-06-07,45.58220672607422,48.3650016784668,48.54999923706055,48.084999084472656,48.53499984741211,85388800,47.24587478637695,44.72705009460449,,-0.002680632153442497,0.007415345364917915
2018-06-08,45.16752243041992,47.92499923706055,48.0,47.442501068115234,47.79249954223633,106627200,47.26662483215332,44.85315010070801,,-0.009097538015844786,0.0071517114680599205
2018-06-11,45.05678939819336,47.807498931884766,47.99250030517578,47.5525016784668,47.837501525878906,73234000,47.299624824523924,44.97040008544922,,-0.002451753928979006,0.006933866223773374
2018-06-12,45.3041877746582,48.06999969482422,48.15250015258789,47.787498474121094,47.84749984741211,67644400,47.351249885559085,45.0984001159668,,0.005490786357877919,0.006973257090760002
2018-06-13,44.93191146850586,47.67499923706055,48.220001220703125,47.61000061035156,48.10499954223633,86553600,47.40449981689453,45.209950103759766,,-0.008217192849414579,0.00690861966996921
2018-06-14,44.955482482910156,47.70000076293945,47.89250183105469,47.55500030517578,47.88750076293945,86440400,47.437249946594235,45.3059001159668,,0.0005244158632198292,0.006635060716380002
2018-06-15,44.49365997314453,47.209999084472656,47.540000915527344,47.064998626708984,47.50749969482422,246876800,47.46037483215332,45.38610008239746,,-0.01027257171130913,0.006908577301614056
2018-06-18,44.4701042175293,47.185001373291016,47.30500030517578,46.79999923706055,46.970001220703125,73939600,47.49074993133545,45.48790008544922,,-0.0005295003530271236,0.006844948490253279
2018-06-19,43.75148391723633,46.42250061035156,46.58250045776367,45.86249923706055,46.28499984741211,134314000,47.46649990081787,45.56610008239746,,-0.016159812244300742,0.007627174928665835
2018-06-20,43.942325592041016,46.625,46.79999923706055,46.432498931884766,46.587501525878906,82514800,47.4582498550415,45.63235008239746,,0.004362095686057943,0.007686124179927992
2018-06-21,43.69728469848633,46.3650016784668,47.087501525878906,46.23500061035156,46.8125,102847600,47.42199993133545,45.69745010375976,,-0.005576371507414524,0.00761471251415233
2018-06-22,43.57005310058594,46.22999954223633,46.537498474121094,46.17499923706055,46.529998779296875,108801600,47.38162498474121,45.75135009765625,,-0.002911725037058832,0.007629854274476604
2018-06-25,42.92209243774414,45.54249954223633,46.22999954223633,45.182498931884766,45.849998474121094,126652400,47.301499938964845,45.78855010986328,,-0.014871295842689536,0.008203160956005942
2018-06-26,43.4546012878418,46.10749816894531,46.63249969482422,45.6349983215332,45.747501373291016,98276800,47.258124923706056,45.8316000366211,,0.012405964371476896,0.008768761225269357
2018-06-27,43.390995025634766,46.040000915527344,46.81999969482422,46.00749969482422,46.307498931884766,101141200,47.21637496948242,45.86120002746582,,-0.0014639105589864254,0.00876509752700008
2018-06-28,43.70669174194336,46.375,46.5525016784668,45.95000076293945,46.025001525878906,69460800,47.199250030517575,45.899500045776364,,0.007276261464184142,0.008926726051694112
2018-06-29,43.61480712890625,46.27750015258789,46.79750061035156,45.727500915527344,46.5724983215332,90950800,47.13512496948242,45.961050033569336,,-0.00210242258570581,0.007812521698267695
2018-07-02,44.102535247802734,46.79499816894531,46.82500076293945,45.85499954223633,45.95500183105469,70925200,47.07699985504151,46.06834999084472,,0.011182497210331377,0.008019785515586254
2018-07-03,43.334434509277344,45.97999954223633,46.98749923706055,45.8849983215332,46.9474983215332,55819200,46.9596248626709,46.16174995422363,,-0.017416361974554873,0.008504349705406493
2018-07-05,43.68315124511719,46.349998474121094,46.602500915527344,46.06999969482422,46.314998626708984,66416800,46.85237483978271,46.27404991149902,,0.008046953796615242,0.008730809464271481
2018-07-06,44.28866958618164,46.99250030517578,47.10749816894531,46.29999923706055,46.35499954223633,69940800,46.78374977111817,46.395649948120116,,0.013861960133902063,0.009439978781740153
2018-07-09,44.903629302978516,47.64500045776367,47.66999816894531,47.32500076293945,47.375,79026400,46.76974983215332,46.527449951171874,,0.013885197602818922,0.009843353875719087
2018-07-10,44.84944534301758,47.587501525878906,47.81999969482422,47.54499816894531,47.6775016784668,63756400,46.75874996185303,46.66759994506836,,-0.0012068198411654407,0.009832607182274864
2018-07-11,44.267486572265625,46.970001220703125,47.44499969482422,46.90250015258789,47.125,75326000,46.70375003814697,46.78069999694824,,-0.012976102660905098,0.01013406090942635
2018-07-12,45.0096549987793,47.75749969482422,47.852500915527344,47.32749938964844,47.38249969482422,72164400,46.70787506103515,46.89034996032715,,0.016765987942405802,0.010733646877157759
2018-07-13,45.08034896850586,47.83250045776367,47.959999084472656,47.724998474121094,47.77000045776367,50055600,46.71450004577637,46.964149932861325,,0.0015704499485675871,0.010738159883624497
2018-07-16,44.981380462646484,47.727500915527344,48.162498474121094,47.60499954223633,47.880001068115234,60172400,46.7403751373291,47.03424995422363,,-0.0021951506032815704,0.010472414519131801
2018-07-17,45.10860824584961,47.86249923706055,47.967498779296875,47.29999923706055,47.4375,62138000,46.77425003051758,47.07234992980957,,0.0028285227372817356,0.010480312557955333
2018-07-18,44.861228942871094,47.599998474121094,47.95000076293945,47.48249816894531,47.94499969482422,65573600,46.83312492370605,47.098549880981444,,-0.005484476722356302,0.009824256520967689
2018-07-19,45.209930419921875,47.970001220703125,48.13750076293945,47.42250061035156,47.42250061035156,81147200,46.90037498474121,47.12769989013672,,0.00777316719417942,0.009909470205292977
2018-07-20,45.106266021728516,47.86000061035156,48.10749816894531,47.54249954223633,47.94499969482422,82704800,46.97512493133545,47.14809989929199,,-0.0022931125193319524,0.009813330327067651
2018-07-23,45.14631271362305,47.90250015258789,47.9900016784668,47.38999938964844,47.66999816894531,63957600,47.058749961853025,47.155949935913085,,0.0008879971102033757,0.009757319190093889
2018-07-24,45.47381591796875,48.25,48.415000915527344,48.01250076293945,48.11249923706055,74791600,47.19412498474121,47.17799995422363,,0.0072543154596353965,0.008988849677660837
2018-07-25,45.90264892578125,48.70500183105469,48.712501525878906,48.10749816894531,48.26499938964844,66839600,47.32400016784668,47.21135002136231,,0.009430089762791471,0.008847252620633073
2018-07-26,45.7589225769043,48.5525016784668,48.9900016784668,48.40250015258789,48.65250015258789,76304000,47.449625205993655,47.25020004272461,,-0.0031310983852721463,0.008897069909095149
2018-07-27,44.997886657714844,47.744998931884766,48.79750061035156,47.525001525878906,48.747501373291016,96096000,47.51812515258789,47.2642000579834,,-0.016631537380496275,0.009808925777748518
2018-07-30,44.74576950073242,47.477500915527344,48.04999923706055,47.26750183105469,47.974998474121094,84118000,47.578125190734866,47.278800048828124,,-0.005602639487730321,0.00990736158357836
2018-07-31,44.83530044555664,47.5724983215332,48.03499984741211,47.334999084472656,47.57500076293945,157492000,47.61700019836426,47.29870002746582,,0.002000893142519944,0.0096356730448745
2018-08-01,47.476558685302734,50.375,50.439998626708984,49.32749938964844,49.782501220703125,271742800,47.836750221252444,47.368050003051756,,0.058910121968479334,0.015402150005329065
2018-08-02,48.86434555053711,51.84749984741211,52.095001220703125,50.087501525878906,50.14500045776367,249616000,48.111625289916994,47.46919998168946,,0.029230766201729264,0.016345067930491414
2018-08-03,49.005714416503906,51.997501373291016,52.185001373291016,51.369998931884766,51.75749969482422,133789600,48.36187534332275,47.56735000610352,,0.0028931293952527692,0.016242038504444316
2018-08-06,49.260162353515625,52.26750183105469,52.3125,51.76750183105469,52.0,101701600,48.593000411987305,47.671950073242186,,0.005192566000918664,0.016113059908628595
2018-08-07,48.79836654663086,51.77750015258789,52.375,51.689998626708984,52.33000183105469,102349600,48.802500343322755,47.76460006713867,,-0.00937488231311756,0.01637368449003413
2018-08-08,48.83135986328125,51.8125,51.95249938964844,51.130001068115234,51.51250076293945,90102000,49.0446252822876,47.86135009765625,,0.0006759663426965101,0.015890699312042875
2018-08-09,49.21540832519531,52.220001220703125,52.44499969482422,51.79999923706055,52.38249969482422,93970400,49.267750358581544,47.968250122070316,,0.007864921026839555,0.015667942549179407
2018-08-10,49.06880187988281,51.88249969482422,52.275001525878906,51.66749954223633,51.84000015258789,98444800,49.47025032043457,48.07155014038086,,-0.006463070049586683,0.015851332105281515
2018-08-13,49.385643005371094,52.217498779296875,52.73749923706055,51.92499923706055,52.32749938964844,103563600,49.694750213623045,48.16470008850098,,0.006456880189719794,0.01578587738317401
2018-08-14,49.59370803833008,52.4375,52.63999938964844,52.064998626708984,52.540000915527344,82992000,49.92350025177002,48.254300079345704,,0.004213170409271827,0.01578063814186861
2018-08-15,49.70957565307617,52.560001373291016,52.685001373291016,52.08250045776367,52.30500030517578,115230400,50.17150039672852,48.338950119018556,,0.002336140611032489,0.015611234754669287
2018-08-16,50.43782043457031,53.33000183105469,53.45249938964844,52.86750030517578,52.9375,114001600,50.439500427246095,48.43565017700195,,0.01464993222307931,0.015748770984516956
2018-08-17,51.4450569152832,54.39500045776367,54.48749923706055,53.290000915527344,53.36000061035156,141708000,50.766250419616696,48.55625015258789,,0.019969971688409416,0.01595990936813907
2018-08-20,50.94379806518555,53.8650016784668,54.79499816894531,53.77750015258789,54.525001525878906,121150800,51.064375495910646,48.67505020141601,,-0.009743520081563428,0.01633074788433285
2018-08-21,50.844486236572266,53.7599983215332,54.29750061035156,53.50749969482422,54.20000076293945,104639200,51.33987541198731,48.79410018920898,,-0.0019493799992875704,0.016423152357149553
2018-08-22,50.84685134887695,53.76250076293945,54.09000015258789,53.459999084472656,53.525001525878906,76072400,51.59275035858154,48.907950210571286,,4.6548390706391274e-05,0.01644038978278759
2018-08-23,50.950904846191406,53.872501373291016,54.26250076293945,53.650001525878906,53.662498474121094,75532800,51.858750343322754,49.0319002532959,,0.0020460471293290983,0.01634482541005075
2018-08-24,51.10930633544922,54.040000915527344,54.224998474121094,53.77750015258789,54.150001525878906,73905600,52.17350044250488,49.15870025634766,,0.0031091844255699552,0.015523853024639524
2018-08-27,51.530174255371094,54.48500061035156,54.685001373291016,54.08250045776367,54.287498474121094,82100400,52.5238754272461,49.30420028686523,,0.008234635219933173,0.015270657111876773
2018-08-28,51.946311950683594,54.92499923706055,55.1349983215332,54.72999954223633,54.752498626708984,91107200,52.89150047302246,49.459000244140626,,0.008075591846931074,0.015226024950194402
2018-08-29,52.72184753417969,55.744998931884766,55.872501373291016,54.852500915527344,55.037498474121094,109019200,53.1600004196167,49.64545021057129,,0.01492944390012707,0.009471124117893836
2018-08-30,53.2065544128418,56.25749969482422,57.064998626708984,55.599998474121094,55.8125,195175200,53.380500411987306,49.83810020446777,,0.009193663517075068,0.0076760774162426505
2018-08-31,53.821292877197266,56.907501220703125,57.217498779296875,56.5,56.627498626708984,173360400,53.62600040435791,50.0489501953125,,0.011554042206015636,0.00784577533321821
2018-09-04,53.993896484375,57.09000015258789,57.29499816894531,56.657501220703125,57.102500915527344,109560400,53.86712532043457,50.26615020751953,,0.0032069398228711243,0.007849790308600491
2018-09-05,53.64159393310547,56.717498779296875,57.41749954223633,56.275001525878906,57.247501373291016,133332000,54.11412525177002,50.48965019226074,,-0.006524809463923753,0.007607713160573037
2018-09-06,52.75020980834961,55.775001525878906,56.837501525878906,55.32500076293945,56.557498931884766,137160000,54.31225032806397,50.683000259399414,,-0.01661739804650908,0.008942188782599078
2018-09-07,52.32461166381836,55.32500076293945,56.342498779296875,55.1775016784668,55.462501525878906,150479200,54.46750030517578,50.86870025634766,,-0.008068144341164318,0.009258509439127737
2018-09-10,51.62239074707031,54.58250045776367,55.462501525878906,54.11750030517578,55.23749923706055,158066000,54.60250034332275,51.03285026550293,,-0.013420701218917253,0.009747912190712646
2018-09-11,52.92753601074219,55.962501525878906,56.07500076293945,54.13999938964844,54.502498626708984,142996000,54.789750480651854,51.22655029296875,,0.025282848102261113,0.010973406525455021
2018-09-12,52.27024459838867,55.26750183105469,56.25,54.959999084472656,56.23500061035156,197114800,54.93125057220459,51.396000366210934,,-0.012419024809011248,0.011534489420985283
2018-09-13,53.532833099365234,56.602500915527344,57.087501525878906,55.64250183105469,55.880001068115234,166825600,55.133375549316405,51.608450393676755,,0.02415522757937505,0.012490988054013823
2018-09-14,52.92517852783203,55.959999084472656,56.709999084472656,55.630001068115234,56.4375,127997200,55.264875411987305,51.800650405883786,,-0.011351120898589695,0.01265275586877959
2018-09-17,51.515987396240234,54.470001220703125,55.73749923706055,54.317501068115234,55.537498474121094,148780400,55.26862545013428,51.950200424194335,,-0.02662612380533369,0.013523804907919967
2018-09-18,51.601104736328125,54.560001373291016,55.462501525878906,54.279998779296875,54.4474983215332,126286800,55.30337543487549,52.08850044250488,,0.001652288426123416,0.013323356496364633
2018-09-19,51.63184356689453,54.592498779296875,54.904998779296875,53.82500076293945,54.625,108495200,55.345000457763675,52.228600387573245,,0.0005956269279305815,0.013308609858283152
2018-09-20,52.02433395385742,55.00749969482422,55.56999969482422,54.787498474121094,55.060001373291016,106435200,55.40725040435791,52.38935035705566,,0.007601793741024432,0.013391490920148068
2018-09-21,51.4639778137207,54.415000915527344,55.34000015258789,54.3224983215332,55.19499969482422,384986800,55.43437538146973,52.522500381469726,,-0.010771236332936307,0.013654517250410276
2018-09-24,52.20403289794922,55.1974983215332,55.314998626708984,54.157501220703125,54.20500183105469,110773600,55.49225025177002,52.66980033874512,,0.01438017812809722,0.01399238541191566
2018-09-25,52.53505325317383,55.54750061035156,55.70500183105469,54.92499923706055,54.9375,98217600,55.54537525177002,52.826200332641605,,0.006340908545882762,0.013948281110878915
2018-09-26,52.11654281616211,55.10499954223633,55.9375,54.939998626708984,55.25,95938800,55.55437526702881,52.971050338745115,,-0.007966174233819068,0.013984718383783085
2018-09-27,53.18763732910156,56.23749923706055,56.61000061035156,55.8849983215332,55.95500183105469,120724800,55.579000282287595,53.14380035400391,,0.02055166870940983,0.014347003599245003
2018-09-28,53.374420166015625,56.435001373291016,56.459999084472656,56.005001068115234,56.1974983215332,91717600,55.58787536621094,53.31310035705567,,0.0035119295649674864,0.014222291527842585
2018-10-01,53.733795166015625,56.814998626708984,57.35499954223633,56.587501525878906,56.98749923706055,94403200,55.58325023651123,53.49220031738281,,0.006733361285923722,0.014060623876148596
2018-10-02,54.211429595947266,57.31999969482422,57.5,56.657501220703125,56.8125,99152800,55.594750213623044,53.68055030822754,,0.008888516770602095,0.014185404023610846
2018-10-03,54.871097564697266,58.01750183105469,58.36750030517578,57.44499969482422,57.51250076293945,114619200,55.659750366210936,53.87590034484863,,0.01216856489783713,0.014327434723224234
2018-10-04,53.90640640258789,56.997501373291016,58.087501525878906,56.682498931884766,57.69499969482422,128168000,55.720875358581544,54.04175033569336,,-0.01758090964919312,0.014392082675997295
2018-10-05,53.031578063964844,56.0724983215332,57.102500915527344,55.14500045776367,56.9900016784668,134322000,55.75825023651123,54.192150268554684,,-0.016228835115064677,0.014778659741907358
2018-10-08,52.90861892700195,55.942501068115234,56.20000076293945,55.04999923706055,55.5525016784668,118655600,55.82625026702881,54.3561003112793,,-0.002318378123131515,0.01442157779331049
2018-10-09,53.64159393310547,56.717498779296875,56.817501068115234,55.5625,55.90999984741211,107564000,55.864000129699704,54.54090026855469,,0.013853469122483641,0.01362703252770711
2018-10-10,51.15659713745117,54.09000015258789,56.587501525878906,54.01250076293945,56.3650016784668,167962400,55.805125045776364,54.67125030517578,,-0.04632606661540717,0.017035651536488082
2018-10-11,50.704994201660156,53.61249923706055,54.875,53.08000183105469,53.630001068115234,212497600,55.65562496185303,54.736000289916994,,-0.008827896361255583,0.01604651551775329
2018-10-12,52.51613998413086,55.52750015258789,55.720001220703125,54.209999084472656,55.10499954223633,161351600,55.63400001525879,54.809600296020506,,0.035719299468948584,0.018023380397162732
2018-10-15,51.39303207397461,54.34000015258789,55.45750045776367,54.317501068115234,55.290000915527344,123164000,55.627499961853026,54.85645027160645,,-0.021385799770146097,0.01765378623661659
2018-10-16,52.52558898925781,55.537498474121094,55.747501373291016,54.189998626708984,54.73249816894531,116736000,55.67637481689453,54.92185020446777,47.39988761901856,0.022037142402845156,0.01832798875159543
2018-10-17,52.29861068725586,55.29750061035156,55.65999984741211,54.834999084472656,55.57500076293945,91541600,55.71162490844726,54.992250213623045,47.46105012893677,-0.004321366110527358,0.018367324119799674
2018-10-18,51.076210021972656,54.005001068115234,54.935001373291016,53.25,54.46500015258789,130325200,55.661499977111816,55.036100234985355,47.51578763961792,-0.02337356169754945,0.019056871596219785
2018-10-19,51.854103088378906,54.82749938964844,55.314998626708984,54.35749816894531,54.51499938964844,132314800,55.68212490081787,55.08825019836426,47.57363763809204,0.015230039908633808,0.019223115739102483
2018-10-22,52.170928955078125,55.162498474121094,55.84000015258789,54.73500061035156,54.9474983215332,115168400,55.68037490844726,55.1538501739502,47.63070013046265,0.006110055869808839,0.01899768301965223
2018-10-23,52.662723541259766,55.682498931884766,55.8125,53.67499923706055,53.95750045776367,155071200,55.68712482452393,55.223150177001955,47.691175117492676,0.009426702418267485,0.01906310542899677
2018-10-24,50.85631561279297,53.772499084472656,56.057498931884766,53.6349983215332,55.650001525878906,163702000,55.620499801635745,55.24985015869141,47.74212511062622,-0.03430161871414161,0.020517827512137824
2018-10-25,51.9699592590332,54.95000076293945,55.345001220703125,54.1875,54.4275016784668,119423200,55.55612487792969,55.29765014648437,47.79901262283325,0.02189784180603227,0.02059438883431629
2018-10-26,51.14240646362305,54.07500076293945,55.04750061035156,53.16749954223633,53.974998474121094,189033600,55.43812484741211,55.31255012512207,47.85028762817383,-0.015923566657894184,0.020829748536371696
2018-10-29,50.18246078491211,53.060001373291016,54.92250061035156,51.522499084472656,54.79750061035156,183742000,55.250374984741214,55.28585014343262,47.89422513961792,-0.018770214985259326,0.02105119550882473
2018-10-30,50.433067321777344,53.32500076293945,53.79499816894531,52.317501068115234,52.787498474121094,146640000,55.050625038146975,55.27505012512207,47.94061264038086,0.004994334391062338,0.02095125936305908
2018-10-31,51.7476921081543,54.71500015258789,55.11249923706055,54.154998779296875,54.220001220703125,153435600,54.88549995422363,55.29415016174316,47.99031263351441,0.026066561083192274,0.02171136045147026
2018-11-01,52.542152404785156,55.55500030517578,55.59000015258789,54.20249938964844,54.76250076293945,233292800,54.81337490081787,55.33000015258789,48.04401264190674,0.015352282742306933,0.021772228741009467
2018-11-02,49.05698013305664,51.869998931884766,53.412498474121094,51.35749816894531,52.38750076293945,365314800,54.60324993133545,55.289950103759764,48.08028762817383,-0.06633068766174954,0.026068514503887537
2018-11-05,47.664344787597656,50.397499084472656,51.09749984741211,49.54249954223633,51.07500076293945,264654800,54.32599983215332,55.217100067138674,48.11102512359619,-0.028388276031117377,0.02664851487493909
2018-11-06,48.179786682128906,50.942501068115234,51.18000030517578,50.42250061035156,50.47999954223633,127531600,54.03724994659424,55.146250076293946,48.144437637329105,0.010814068030024382,0.02654462528665803
2018-11-07,49.64100646972656,52.48749923706055,52.51499938964844,51.032501220703125,51.49250030517578,133697600,53.957124900817874,55.09750007629395,48.189100131988525,0.030328274751950213,0.025789103688587223
2018-11-08,49.46780014038086,52.122501373291016,52.529998779296875,51.6875,52.494998931884766,101450400,53.88262500762939,55.02505012512207,48.23582513809204,-0.0069539960766851205,0.025763255495793263
2018-11-09,48.51397705078125,51.11750030517578,51.502498626708984,50.5625,51.38750076293945,137463200,53.66212501525879,54.9222501373291,48.27702514648438,-0.01928152029615038,0.024533612872865918
2018-11-12,46.07013702392578,48.54249954223633,49.962501525878906,48.4474983215332,49.75,204542000,53.37224998474121,54.75495010375977,48.309787635803225,-0.05037415263982947,0.026409426625555458
2018-11-13,45.60984802246094,48.057498931884766,49.29499816894531,47.86249923706055,47.907501220703125,187531600,52.998250007629395,54.574300079345704,48.341362628936764,-0.009991257453266678,0.02562467917538755
2018-11-14,44.32147216796875,46.70000076293945,48.619998931884766,46.48249816894531,48.474998474121094,243204000,52.56837501525879,54.37395011901855,48.36557514190674,-0.028247374480918963,0.026053386620633508
2018-11-15,45.415283203125,47.852500915527344,47.99250030517578,46.724998474121094,47.09749984741211,185915200,52.2607500076294,54.215500106811525,48.395112648010254,0.024678803720759257,0.02677503998473034
2018-11-16,45.91828155517578,48.38249969482422,48.74250030517578,47.3650016784668,47.625,147713200,51.938500022888185,54.07665008544922,48.436400146484374,0.011075675652406636,0.026619923340619817
2018-11-19,44.09844207763672,46.46500015258789,47.67499923706055,46.247501373291016,47.5,167701200,51.503625106811526,53.9143000793457,48.47311264038086,-0.03963208917131367,0.02748551146812731
2018-11-20,41.991512298583984,44.244998931884766,45.36750030517578,43.877498626708984,44.592498779296875,271300800,50.93175010681152,53.67995002746582,48.49055013656616,-0.04777792345664034,0.028514282850637993
2018-11-21,41.94405746459961,44.19499969482422,45.067501068115234,44.13750076293945,44.932498931884766,124496800,50.4528751373291,53.45849998474121,48.51210014343262,-0.0011300539782478358,0.02805088613527985
2018-11-23,40.878726959228516,43.0724983215332,44.150001525878906,43.025001525878906,43.73500061035156,94496000,49.859000015258786,53.18789993286133,48.533525142669674,-0.02539883201814963,0.027257712281164644
2018-11-26,41.43157196044922,43.654998779296875,43.73749923706055,42.564998626708984,43.560001373291016,179994000,49.33799991607666,52.94179992675781,48.556287631988525,0.013523721178542836,0.02780982011266317
2018-11-27,41.341407775878906,43.560001373291016,43.692501068115234,42.720001220703125,42.877498626708984,165549600,48.86299991607666,52.72359992980957,48.57070013046265,-0.002176094574784626,0.02779047166598647
2018-11-28,42.93109893798828,45.23500061035156,45.3224983215332,43.73249816894531,44.182498931884766,184250000,48.458499908447266,52.53709991455078,48.59145013809204,0.03845269018029884,0.029650104350726434
2018-11-29,42.601287841796875,44.88750076293945,45.70000076293945,44.42499923706055,45.665000915527344,167080000,47.967124938964844,52.342999954223636,48.606675148010254,-0.007682101088169024,0.028563525197112534
2018-11-30,42.37113571166992,44.64500045776367,45.08250045776367,44.25749969482422,45.0724983215332,158126000,47.421624946594235,52.13574996948242,48.61366264343262,-0.005402401582936811,0.027985925293467964
2018-12-03,43.85169982910156,46.20500183105469,46.23500061035156,45.3025016784668,46.1150016784668,163210000,47.13837509155273,51.97154998779297,48.62915016174316,0.0349423531704709,0.0264725084096961
2018-12-04,41.92271041870117,44.17250061035156,45.59749984741211,44.067501068115234,45.23749923706055,165377200,46.82712516784668,51.751050033569335,48.63520015716553,-0.043988770482789374,0.027398209642396438
2018-12-06,41.45528793334961,43.68000030517578,43.69499969482422,42.60499954223633,42.939998626708984,172393600,46.464000129699706,51.51370002746582,48.63976264953613,-0.011149477579278533,0.027118637540855563
2018-12-07,39.97712326049805,42.122501373291016,43.622501373291016,42.07500076293945,43.372501373291016,169126400,45.94575023651123,51.25405006408691,48.63475015640259,-0.03565702657974146,0.02630019294862548
2018-12-10,40.24048614501953,42.400001525878906,42.522499084472656,40.83250045776367,41.25,248104000,45.459625244140625,50.97730010986328,48.62737516403198,0.006587931474645314,0.026572141393501215
2018-12-11,40.010345458984375,42.157501220703125,42.9474983215332,41.75,42.915000915527344,189126800,45.01162528991699,50.691750106811526,48.61445016860962,-0.005719346614357357,0.026493907092302548
2018-12-12,40.12184524536133,42.275001525878906,42.97999954223633,42.255001068115234,42.599998474121094,142510800,44.69825038909912,50.40095016479492,48.60283767700195,0.002787174328968023,0.024761340685558682
2018-12-13,40.560791015625,42.73749923706055,43.14250183105469,42.38750076293945,42.622501373291016,127594400,44.43225040435791,50.10930015563965,48.59387517929077,0.010940217492328541,0.02505090398885954
2018-12-14,39.26294708251953,41.369998931884766,42.27000045776367,41.31999969482422,42.25,162814800,44.16575031280517,49.77635009765625,48.5819751739502,-0.03199766784645952,0.02524305351851775
2018-12-17,38.89755630493164,40.98500061035156,42.087501525878906,40.682498931884766,41.36249923706055,177151600,43.82237529754639,49.45610008239746,48.566637668609616,-0.009306220243493368,0.02421064296929229
2018-12-18,39.402931213378906,41.51750183105469,41.88249969482422,41.09749984741211,41.345001220703125,135366000,43.47912540435791,49.16500015258789,48.55320016860962,0.012992587843676517,0.0242914415413702
2018-12-19,38.17388153076172,40.22249984741211,41.86249923706055,39.772499084472656,41.5,196189200,43.16700038909912,48.85060012817383,48.533475170135496,-0.031191712567684604,0.023768582054017426
2018-12-20,37.21058654785156,39.20750045776367,40.52750015258789,38.82500076293945,40.099998474121094,259092000,42.91512546539307,48.500400161743165,48.51072517395019,-0.025234617278859672,0.022212489445832626
2018-12-21,35.76325225830078,37.682498931884766,39.540000915527344,37.407501220703125,39.21500015258789,382978400,42.589500427246094,48.1722501373291,48.47796266555786,-0.0388956579244758,0.02337050280902379
2018-12-24,34.837913513183594,36.70750045776367,37.88750076293945,36.647499084472656,37.037498474121094,148676800,42.271250534057614,47.83415016174317,48.436525173187256,-0.025874039720229502,0.023389700480370933
2018-12-26,37.29125213623047,39.29249954223633,39.307498931884766,36.68000030517578,37.07500076293945,234330000,42.05312557220459,47.509450149536136,48.40583766937256,0.07042155015286333,0.02891495834980406
2018-12-27,37.04923629760742,39.037498474121094,39.192501068115234,37.51750183105469,38.959999084472656,212468400,41.82700042724609,47.203400115966794,48.376062660217286,-0.006489815386805042,0.02890999221597753
2018-12-28,37.0682258605957,39.057498931884766,39.630001068115234,38.63750076293945,39.375,169165600,41.51812534332275,46.873800125122074,48.34830015182495,0.0005123396361303989,0.027091157662923214
2018-12-31,37.42649459838867,39.435001373291016,39.84000015258789,39.119998931884766,39.63249969482422,140014000,41.24550037384033,46.55655014038086,48.3221626663208,0.009665299922675619,0.027343692913642057
2019-01-02,37.469200134277344,39.47999954223633,39.712501525878906,38.557498931884766,38.72249984741211,148158800,40.987250328063965,46.26605010986328,48.29703765869141,0.0011410718239708295,0.027391620328616882
2019-01-03,33.737003326416016,35.54750061035156,36.43000030517578,35.5,35.994998931884766,365248800,40.45437526702881,45.880450134277346,48.255650157928464,-0.09960737025028876,0.032844898539013366
2019-01-04,35.17721176147461,37.064998626708984,37.13750076293945,35.95000076293945,36.13249969482422,234428400,40.09900016784668,45.5185001373291,48.22192514419556,0.04268930277240135,0.03416382569246926
2019-01-07,35.098915100097656,36.98249816894531,37.20750045776367,36.474998474121094,37.17499923706055,219111200,39.76412506103516,45.14450012207031,48.192750129699704,-0.002225831939036471,0.03418112286617731
2019-01-08,35.768001556396484,37.6875,37.95500183105469,37.130001068115234,37.38999938964844,164101200,39.542374992370604,44.822800140380856,48.17012512207031,0.01906312082634498,0.03401711316037745
2019-01-09,36.37538528442383,38.32749938964844,38.63249969482422,37.407501220703125,37.8224983215332,180396400,39.33874988555908,44.49035011291504,48.155587615966795,0.016981741682214002,0.034281621994785356
2019-01-10,36.491661071777344,38.45000076293945,38.49250030517578,37.71500015258789,38.125,143122800,39.1533748626709,44.17785011291504,48.131875114440916,0.003196174424155096,0.034322427138722335
2019-01-11,36.13339614868164,38.0724983215332,38.42499923706055,37.877498626708984,38.220001220703125,108092800,38.94324970245361,43.87810005187988,48.111812610626224,-0.009818008684413626,0.034306547678693906
2019-01-14,35.590057373046875,37.5,37.817501068115234,37.30500030517578,37.712501525878906,129756800,38.68137474060059,43.561600036621094,48.091212615966796,-0.015037056846080588,0.03417666384657568
2019-01-15,36.318458557128906,38.26750183105469,38.34749984741211,37.51250076293945,37.567501068115234,114843600,38.52624988555908,43.23265007019043,48.07282512664795,0.020466715494791732,0.03408553996619171
2019-01-16,36.76214599609375,38.73500061035156,38.970001220703125,38.25,38.27000045776367,122278800,38.413749885559085,42.896250076293946,48.058150138854984,0.01221660042928363,0.0342263133232364
2019-01-17,36.98043441772461,38.96500015258789,39.415000915527344,38.314998626708984,38.54999923706055,119284800,38.286124801635744,42.63815010070801,48.04248764038086,0.005937770455975322,0.034097048069109646
2019-01-18,37.20821762084961,39.20500183105469,39.470001220703125,38.994998931884766,39.375,135004000,38.23524990081787,42.41430015563965,48.02400014877319,0.006159416849145227,0.033465896958257135
2019-01-22,36.37303161621094,38.32500076293945,39.182498931884766,38.154998779296875,39.102500915527344,121576000,38.19112491607666,42.16195014953613,47.99962514877319,-0.022446142762788446,0.033364116672250844
2019-01-23,36.5201416015625,38.47999954223633,38.78499984741211,37.92499923706055,38.537498474121094,92522400,38.23099994659424,41.881800155639645,47.98155014038086,0.004044325537150728,0.0321286034595706
2019-01-24,36.23066329956055,38.17499923706055,38.619998931884766,37.935001373291016,38.52750015258789,101766000,38.304374885559085,41.602850112915036,47.95986263275147,-0.00792620345125028,0.031568067951964644
2019-01-25,37.431251525878906,39.439998626708984,39.532501220703125,38.58000183105469,38.869998931884766,134142000,38.31174983978271,41.369300079345706,47.94050012588501,0.03313685435310676,0.028271386203769712
2019-01-28,37.084842681884766,39.07500076293945,39.08250045776367,38.415000915527344,38.9474983215332,104768400,38.313624954223634,41.179950103759765,47.92032512664795,-0.009254510052704501,0.02831451559459492
2019-01-29,36.700462341308594,38.66999816894531,39.532501220703125,38.52750015258789,39.0625,166348800,38.29424991607666,40.99220008850098,47.896000118255614,-0.010364749483978586,0.028417424134967548
2019-01-30,39.2083625793457,41.3125,41.537498474121094,40.057498931884766,40.8125,244439200,38.38812484741211,40.884450073242185,47.88415012359619,0.06833467691179762,0.032248362148822096
2019-01-31,39.490718841552734,41.61000061035156,42.25,41.13999938964844,41.52750015258789,162958400,38.49462490081787,40.75960006713867,47.872425117492675,0.007201225061459926,0.032260082841649565
2019-02-01,39.50969314575195,41.630001068115234,42.244998931884766,41.48249816894531,41.7400016784668,130672400,38.798749923706055,40.624550094604494,47.857775115966795,0.00048066468325647094,0.021427030558131267
2019-02-04,40.63197326660156,42.8125,42.915000915527344,41.81999969482422,41.852500915527344,125982000,39.08612499237061,40.55150009155273,47.84953762054443,0.02840497001068898,0.020429724549771527
2019-02-05,41.32716751098633,43.54499816894531,43.77000045776367,43.087501525878906,43.21500015258789,144406400,39.41424999237061,40.537500076293945,47.85126260757446,0.017109446281934337,0.02040634122941974
2019-02-06,41.341407775878906,43.560001373291016,43.89250183105469,43.212501525878906,43.662498474121094,112958400,39.70787506103515,40.52480010986328,47.86191261291504,0.0003445448381349525,0.02032034757043436
2019-02-07,40.55842208862305,42.73500061035156,43.48500061035156,42.584999084472656,43.099998474121094,126966800,39.92825012207031,40.51805015563965,47.86903760910034,-0.01893941085698192,0.02101008472211796
2019-02-08,40.6060791015625,42.602500915527344,42.665000915527344,42.10499954223633,42.247501373291016,95280000,40.135875129699706,40.497000198364255,47.87837511062622,-0.003100495915100643,0.02109598711551833
2019-02-11,40.37255859375,42.35749816894531,42.8025016784668,42.3125,42.76250076293945,83973600,40.35012512207031,40.47295013427734,47.885600109100345,-0.0057509005649181155,0.020961276692254054
2019-02-12,40.720458984375,42.72249984741211,42.75,42.42499923706055,42.525001525878906,89134000,40.61125011444092,40.42270011901856,47.89393760681153,0.008617168016179066,0.020398258205159978
2019-02-13,40.55126953125,42.54499816894531,43.119998931884766,42.47999954223633,42.84749984741211,89960800,40.82512493133545,40.37585006713867,47.903762588500975,-0.004154758712640039,0.020268379286099824
2019-02-14,40.699005126953125,42.70000076293945,42.814998626708984,42.345001220703125,42.4275016784668,87342800,41.02337493896484,40.336950073242186,47.910687599182125,0.0036432624436515404,0.02020948150824981
2019-02-15,40.608455657958984,42.60499954223633,42.92499923706055,42.4375,42.8125,98507200,41.20537490844727,40.26495002746582,47.91233758926391,-0.0022248529041146714,0.02027343753957269
2019-02-19,40.729984283447266,42.73249816894531,42.86000061035156,42.372501373291016,42.4275016784668,75891200,41.3817497253418,40.2361499786377,47.90528757095337,0.002992574300642481,0.02027352435628689
2019-02-20,40.99210739135742,43.00749969482422,43.33000183105469,42.747501373291016,42.79750061035156,104457600,41.615874671936034,40.22269996643067,47.89921257019043,0.006435418888726563,0.019255645061215642
2019-02-21,40.760948181152344,42.76499938964844,43.092498779296875,42.57500076293945,42.95000076293945,68998800,41.83012466430664,40.23554992675781,47.883250064849854,-0.005638558551334882,0.019427084960941515
2019-02-22,41.21609115600586,43.24250030517578,43.25,42.845001220703125,42.89500045776367,75652800,42.0834997177124,40.25239990234375,47.868012561798096,0.011165694431014783,0.019202084604827526
2019-02-25,41.51633071899414,43.557498931884766,43.967498779296875,43.48749923706055,43.540000915527344,87493600,42.28937473297119,40.280399856567385,47.853237552642824,0.0072844683930379794,0.018150423564407884
2019-02-26,41.5401611328125,43.58250045776367,43.82500076293945,43.29249954223633,43.4275016784668,68280800,42.514749717712405,40.306549835205075,47.8369500541687,0.0005739890143372506,0.017871392390169355
2019-02-27,41.6688232421875,43.717498779296875,43.75,43.182498931884766,43.3025016784668,111341600,42.76712474822998,40.32614982604981,47.81798755645752,0.0030975350224347054,0.017487012109488602
2019-02-28,41.25897979736328,43.287498474121094,43.727500915527344,43.22999954223633,43.58000183105469,112861600,42.865874671936034,40.36449981689453,47.79868755340576,-0.009835885336134886,0.010041193901100495
2019-03-01,41.692657470703125,43.74250030517578,43.787498474121094,43.22249984741211,43.56999969482422,103544800,42.97249965667724,40.419649810791014,47.782212562561035,0.010511160198520164,0.010151418303423783
2019-03-04,41.90234375,43.962501525878906,44.4375,43.49250030517578,43.92250061035156,109744800,43.08912467956543,40.4685498046875,47.76897506713867,0.00502946148867256,0.010153553403033104
2019-03-05,41.82609176635742,43.88249969482422,44.0,43.6349983215332,43.98500061035156,78949600,43.14262466430664,40.541749801635746,47.75316257476807,-0.0018197743139706235,0.008199916770175364
2019-03-06,41.58542251586914,43.630001068115234,43.872501373291016,43.48500061035156,43.66749954223633,83241600,43.146874809265135,40.63019981384277,47.73757507324219,-0.005753970910156836,0.007432887087852614
2019-03-07,41.104095458984375,43.125,43.61000061035156,43.005001068115234,43.467498779296875,99185600,43.12512474060058,40.73904983520508,47.72031257629394,-0.01157462882769189,0.007878720073118739
2019-03-08,41.2017936706543,43.227500915527344,43.26750183105469,42.375,42.58000183105469,95997600,43.149749755859375,40.86944984436035,47.701912574768066,0.0023768328238225056,0.006584540032514448
2019-03-11,42.629119873046875,44.724998474121094,44.779998779296875,43.837501525878906,43.872501373291016,128044000,43.25587463378906,40.97809982299805,47.69158756256103,0.03464224225036916,0.009995258344789914
2019-03-12,43.108070373535156,45.227500915527344,45.66749954223633,44.842498779296875,45.0,129870400,43.39937477111816,41.10189987182617,47.68227506637573,0.011235381968699443,0.009980646823364905
2019-03-13,43.29869842529297,45.4275016784668,45.82500076293945,45.22999954223633,45.5625,124130000,43.534624862670896,41.22929992675781,47.67422508239746,0.004422105110627239,0.009907500314751539
2019-03-14,43.7800178527832,45.932498931884766,46.025001525878906,45.63999938964844,45.974998474121094,94318000,43.70399990081787,41.359249877929685,47.66816257476807,0.011116553514043392,0.009905774600222999
2019-03-15,44.34951400756836,46.529998779296875,46.83250045776367,45.935001373291016,46.212501525878906,156171600,43.895499801635744,41.5002498626709,47.66593757629394,0.013008215562104963,0.010112972918997624
2019-03-18,44.80226516723633,47.005001068115234,47.09749984741211,46.4474983215332,46.45000076293945,104879200,44.115499877929686,41.729399871826175,47.66658758163452,0.010208517113258653,0.010069447384012041
2019-03-19,44.447227478027344,46.63249969482422,47.247501373291016,46.47999954223633,47.087501525878906,126585600,44.31049995422363,41.92074989318848,47.66616258621216,-0.007924717898659783,0.010470435172597166
2019-03-20,44.835636138916016,47.040000915527344,47.372501373291016,46.182498931884766,46.557498931884766,124140800,44.51212501525879,42.12189994812012,47.66356258392334,0.008738566951588034,0.010506279486868796
2019-03-21,46.48694610595703,48.772499084472656,49.08250045776367,47.45249938964844,47.505001068115234,204136800,44.8125,42.34359992980957,47.66763757705689,0.03683031750055599,0.01245173670102744
2019-03-22,45.52427673339844,47.76250076293945,49.42250061035156,47.69499969482422,48.834999084472656,169630800,45.038500022888186,42.53229995727539,47.66481258392334,-0.020708356973546005,0.01381116645040254
2019-03-25,44.97382736206055,47.185001373291016,47.994998931884766,46.650001525878906,47.877498626708984,175381200,45.21987514495849,42.706999969482425,47.65826259613037,-0.012091062662626273,0.014318111643263163
2019-03-26,44.509178161621094,46.6974983215332,48.220001220703125,46.14500045776367,47.915000915527344,199202000,45.37562503814697,42.879499969482424,47.64992507934571,-0.010331737576970035,0.014663136025814176
2019-03-27,44.90950393676758,47.11750030517578,47.439998626708984,46.63750076293945,47.1875,119393600,45.54562511444092,43.071849975585934,47.64588758468628,0.008994100299563712,0.014712569650667322
2019-03-28,44.96906280517578,47.18000030517578,47.38999938964844,46.88249969482422,47.23749923706055,83121600,45.740250205993654,43.25009994506836,47.642750091552735,0.0013264710478100294,0.01437374689643687
2019-03-29,45.262149810791016,47.48749923706055,47.52000045776367,47.1349983215332,47.45750045776367,94256000,45.92750015258789,43.42514991760254,47.63983758926392,0.006517569518774025,0.014312162475903275
2019-04-01,45.569541931152344,47.810001373291016,47.91999816894531,47.095001220703125,47.90999984741211,111448000,46.1198751449585,43.6020499420166,47.64051259994507,0.006791305952341675,0.014322876261408385
2019-04-02,46.231971740722656,48.505001068115234,48.6150016784668,47.76250076293945,47.772499084472656,91062800,46.351000213623045,43.788049926757814,47.644537601470944,0.014536701001068852,0.014421668949073487
2019-04-03,46.54890060424805,48.837501525878906,49.125,48.287498474121094,48.3125,93087200,46.61137523651123,43.9982999420166,47.65267511367798,0.00685497269233637,0.014195206211501657
2019-04-04,46.62990951538086,48.92250061035156,49.092498779296875,48.28499984741211,48.6974983215332,76457200,46.90125026702881,44.2071499633789,47.66136260986328,0.0017404470297812669,0.013641430139281303
2019-04-05,46.94206619262695,49.25,49.275001525878906,48.98249816894531,49.11249923706055,74106400,47.20237522125244,44.428649978637694,47.675500106811526,0.006694248772294742,0.01360829780654676
2019-04-08,47.68075942993164,50.025001525878906,50.057498931884766,49.084999084472656,49.10499954223633,103526800,47.46737537384033,44.64035003662109,47.69250011444092,0.01573607159144985,0.012137145582839043
2019-04-09,47.53778076171875,49.875,50.712501525878906,49.807498931884766,50.08000183105469,143072800,47.69975032806396,44.8563500213623,47.710050106048584,-0.002998531160489981,0.012211634555442288
2019-04-10,47.804656982421875,50.154998779296875,50.185001373291016,49.54499816894531,49.66999816894531,86781200,47.93612518310547,45.086050033569336,47.729675102233884,0.0056140106124686895,0.012211712496451801
2019-04-11,47.40672302246094,49.73749923706055,50.25,49.61000061035156,50.212501525878906,83603200,48.12637519836426,45.254550018310546,47.75065010070801,-0.008324186071133277,0.012472892456944574
2019-04-12,47.38766098022461,49.717498779296875,50.03499984741211,49.0525016784668,49.79999923706055,111042800,48.285750198364255,45.416699981689455,47.76870010375976,-0.00040212029294728335,0.012326166667458087
2019-04-15,47.47343063354492,49.807498931884766,49.962501525878906,49.502498626708984,49.64500045776367,70146400,48.42587509155273,45.58024993896484,47.787537593841556,0.0018102309005409989,0.01222429078083854
2019-04-16,47.47819519042969,49.8125,50.342498779296875,49.63999938964844,49.8650016784668,102785600,48.58487510681152,45.72024993896484,47.804725093841554,0.00010040793499932477,0.011977058142651532
2019-04-17,48.40274429321289,50.782501220703125,50.845001220703125,49.65250015258789,49.8849983215332,115627200,48.77200012207031,45.865,47.82725009918213,0.01947304834535757,0.012460975135503281
2019-04-18,48.57670593261719,50.96500015258789,51.037498474121094,50.630001068115234,50.779998779296875,96783200,48.881625175476074,46.01309997558594,47.84810010910034,0.0035937365725964288,0.009763631151317214
2019-04-22,48.73634719848633,51.13249969482422,51.23500061035156,50.584999084472656,50.70750045776367,77758000,49.05012512207031,46.18104995727539,47.87386260986328,0.0032865602224043666,0.00813250867137416
2019-04-23,49.43928909301758,51.869998931884766,51.9375,50.974998474121094,51.10749816894531,93292000,49.284375,46.366399917602536,47.9014626121521,0.014423297148822956,0.007610797279811334
2019-04-24,49.363037109375,51.790000915527344,52.119998931884766,51.76250076293945,51.84000015258789,70162400,49.53900012969971,46.55504997253418,47.92545011520386,-0.0015422791209707132,0.006914698139713812
2019-04-25,48.91506576538086,51.31999969482422,51.939998626708984,51.279998779296875,51.70750045776367,74172800,49.74912509918213,46.72699996948242,47.94382511138916,-0.009075134435114762,0.007546054526085185
2019-04-26,48.68154525756836,51.07500076293945,51.25,50.529998779296875,51.224998474121094,74596400,49.94387512207031,46.89760002136231,47.96126260757446,-0.004773946479767366,0.007792187000208223
2019-04-29,48.755409240722656,51.15250015258789,51.49250030517578,50.96500015258789,51.099998474121094,88818800,50.12712516784668,47.066650009155275,47.98217510223389,0.0015173644344743664,0.007787469062969618
2019-04-30,47.816558837890625,50.16749954223633,50.849998474121094,49.77750015258789,50.76499938964844,186139600,50.24500007629395,47.21790000915527,47.994225101470946,-0.019256157712981836,0.009286394824349651
2019-05-01,50.16366195678711,52.630001068115234,53.82749938964844,52.307498931884766,52.470001220703125,259309200,50.451250076293945,47.41585006713867,48.0182126045227,0.04908559422631198,0.013779435959441576
2019-05-02,49.837223052978516,52.287498474121094,53.162498474121094,52.032501220703125,52.459999084472656,127985200,50.62374992370606,47.60145004272461,48.041012592315674,-0.006507744386150871,0.013965506250363587
2019-05-03,50.456764221191406,52.9375,52.959999084472656,52.557498931884766,52.72249984741211,83569600,50.824499893188474,47.80490005493164,48.06638759613037,0.012431298969114213,0.014098191198878014
2019-05-06,49.67757034301758,52.119998931884766,52.209999084472656,50.875,51.0724983215332,129772400,50.96799983978271,47.98245002746582,48.08898759841919,-0.015442759256013905,0.01473385162645649
2019-05-07,48.33840560913086,50.71500015258789,51.85499954223633,50.20750045776367,51.470001220703125,155054800,51.00249977111817,48.125600051879886,48.102712593078614,-0.026956999387760083,0.015833639654431044
2019-05-08,48.34794998168945,50.724998474121094,51.334999084472656,50.4375,50.474998474121094,105358000,51.04499969482422,48.26845001220703,48.11703758239746,0.00019714722474861723,0.015809365856356533
2019-05-09,47.82848358154297,50.18000030517578,50.41999816894531,49.165000915527344,50.099998474121094,139634400,51.04624977111816,48.39770004272461,48.1284250831604,-0.010744173195458284,0.01597830322400217
2019-05-10,47.16590118408203,49.29499816894531,49.712501525878906,48.192501068115234,49.35499954223633,164834800,51.024124717712404,48.51785003662109,48.133650074005125,-0.017636551033244685,0.01636898768056985
2019-05-13,44.42463684082031,46.43000030517578,47.369998931884766,45.712501525878906,46.9275016784668,229722400,50.85974979400635,48.57160003662109,48.122275066375735,-0.0581194435579554,0.02085668535980723
2019-05-14,45.127899169921875,47.165000915527344,47.42499923706055,46.352500915527344,46.602500915527344,146118800,50.72762489318848,48.63565002441406,48.11533756256104,0.015830295186744392,0.021265784414299164
2019-05-15,45.66849136352539,47.72999954223633,47.9375,46.505001068115234,46.567501068115234,106178800,50.62349987030029,48.712600021362306,48.115262565612795,0.01197919253136237,0.021506921874326523
2019-05-16,45.467559814453125,47.52000045776367,48.11750030517578,47.209999084472656,47.477500915527344,132125600,50.46037483215332,48.79040000915527,48.11547506332398,-0.004399729446609935,0.02091182580567609
2019-05-17,45.2092170715332,47.25,47.724998474121094,46.689998626708984,46.73249816894531,131516400,50.274624824523926,48.87290000915527,48.11386257171631,-0.005681827760158575,0.02085821837419068
2019-05-20,43.79553985595703,45.772499084472656,46.087501525878906,45.06999969482422,45.880001068115234,154449200,50.00662479400635,48.92379997253418,48.090850067138675,-0.03126986064608139,0.021675660792617162
2019-05-21,44.63513946533203,46.650001525878906,47.0,46.17499923706055,46.30500030517578,113459200,49.74562492370605,48.962300033569335,48.06486257553101,0.019170953278885294,0.021927531239089023
2019-05-22,43.72138595581055,45.69499969482422,46.4275016784668,45.63750076293945,46.165000915527344,118994400,49.440874862670896,48.971650009155276,48.03335006713867,-0.020471635580224024,0.022174848175793394
2019-05-23,42.97507095336914,44.915000915527344,45.1349983215332,44.45249938964844,44.95000076293945,146118800,49.12062492370605,48.961399993896485,47.99658756256103,-0.01706967468007714,0.022304755602144715
2019-05-24,42.81001281738281,44.74250030517578,45.53499984741211,44.654998779296875,45.04999923706055,94858800,48.80399990081787,48.93760002136231,47.961412563323975,-0.003840601287663059,0.022309325778143835
2019-05-28,42.63301467895508,44.557498931884766,45.147499084472656,44.477500915527344,44.72999954223633,111792800,48.474249839782715,48.898150024414065,47.9251375579834,-0.004134801855711578,0.02223998758264548
2019-05-29,42.42969512939453,44.345001220703125,44.837501525878906,44.0,44.10499954223633,113924800,48.18312492370605,48.84495002746582,47.8857625579834,-0.004769067301252372,0.022042563330490157
2019-05-30,42.64975357055664,44.57500076293945,44.807498931884766,44.16749954223633,44.48749923706055,84873600,47.780374908447264,48.80380004882812,47.84922506332398,0.005186594563198366,0.01811254304463337
2019-05-31,41.87713623046875,43.76750183105469,44.497501373291016,43.747501373291016,44.057498931884766,108174400,47.35437507629395,48.73835006713867,47.80697507858277,-0.018115511341867174,0.018243915768517898
2019-06-03,41.4537467956543,43.32500076293945,44.47999954223633,42.567501068115234,43.900001525878906,161584400,46.87375011444092,48.62940010070801,47.76141258239746,-0.010110265598966883,0.017553439805379007
2019-06-04,42.97028350830078,44.90999984741211,44.95750045776367,43.630001068115234,43.86000061035156,123872000,46.51325016021728,48.57235008239746,47.72316257476807,0.036583936677699436,0.020314249769426307
2019-06-05,43.66397476196289,45.6349983215332,46.247501373291016,45.28499984741211,46.06999969482422,119093600,46.25925006866455,48.541350021362305,47.68468755722046,0.016143363985401393,0.020396079492928442
2019-06-06,44.30503463745117,46.30500030517578,46.36750030517578,45.537498474121094,45.77000045776367,90105200,46.03825016021729,48.533500061035156,47.64423755645752,0.014681757604589007,0.02084493389281454
2019-06-07,45.48430633544922,47.537498474121094,47.97999954223633,46.442501068115234,46.627498626708984,122737600,45.90612506866455,48.54190002441406,47.612600040435794,0.026616956285983484,0.021888705011584162
2019-06-10,46.06557846069336,48.14500045776367,48.842498779296875,47.904998779296875,47.95249938964844,104883600,45.84862518310547,48.56120002746582,47.58452505111694,0.012779426834445218,0.021836155117256686
2019-06-11,46.598995208740234,48.70249938964844,49.0,48.400001525878906,48.71500015258789,107731600,45.9622501373291,48.58550003051758,47.55922504425049,0.011579580986271765,0.017328638378740827
2019-06-12,46.45068359375,48.54750061035156,48.99250030517578,48.34749984741211,48.48749923706055,73012800,46.031375122070315,48.60025001525879,47.53260004043579,-0.0031825631382240704,0.01708058748959588
2019-06-13,46.44110870361328,48.537498474121094,49.1974983215332,48.400001525878906,48.67499923706055,86698400,46.07175006866455,48.60089996337891,47.505087528228756,-0.0002060278305725527,0.01690670764100167
2019-06-14,46.10384750366211,48.185001373291016,48.397499084472656,47.57500076293945,47.88750076293945,75046000,46.10500011444092,48.58784996032715,47.47358753204346,-0.007262366457101654,0.016966612231394073
2019-06-17,46.37892150878906,48.47249984741211,48.7400016784668,48.04249954223633,48.224998474121094,58676400,46.16612510681152,48.578849945068356,47.44132503509522,0.005966555275029206,0.016931154244367065
2019-06-18,47.46968078613281,49.61249923706055,50.0724983215332,48.8025016784668,49.01250076293945,106204000,46.35812511444092,48.58609992980957,47.410662536621096,0.023518477347714173,0.015756232814201066
2019-06-19,47.33094787597656,49.467498779296875,49.970001220703125,49.32749938964844,49.91999816894531,84496800,46.498999977111815,48.57494987487793,47.376712532043456,-0.002922659813423767,0.015418801701447249
2019-06-20,47.71127700805664,49.8650016784668,50.15250015258789,49.50749969482422,50.092498779296875,86056000,46.70750007629395,48.57474990844727,47.34150003433228,0.008035637721312883,0.014415063031335735
2019-06-21,47.54862594604492,49.69499969482422,50.212501525878906,49.537498474121094,49.70000076293945,191202400,46.94650001525879,48.56554992675781,47.30452503204346,-0.003409244518605692,0.01364353282285312
2019-06-24,47.50078582763672,49.64500045776367,50.040000915527344,49.54249954223633,49.6349983215332,72881600,47.19162502288818,48.56369995117188,47.269162540435794,-0.0010061220921137037,0.013559614057167168
2019-06-25,46.780784606933594,48.89250183105469,49.814998626708984,48.8224983215332,49.60749816894531,84281200,47.40837516784668,48.54720001220703,47.23475004196167,-0.015157591293592287,0.0141733496363504
2019-06-26,47.792606353759766,49.95000076293945,50.247501373291016,49.337501525878906,49.442501068115234,104270000,47.68862514495849,48.550050048828126,47.20787504196167,0.021629061559150564,0.01446660341759454
2019-06-27,47.77825164794922,49.935001373291016,50.39250183105469,49.89250183105469,50.0724983215332,83598800,47.95662517547608,48.552500076293946,47.18463754653931,-0.00030028807646320654,0.014536046954983584
2019-06-28,47.342899322509766,49.47999954223633,49.875,49.26250076293945,49.66999816894531,124442400,48.24225006103516,48.52645004272461,47.1522250366211,-0.009111881817190803,0.013881301275967366
2019-07-01,48.21120834350586,50.38750076293945,51.122501373291016,50.162498474121094,50.79249954223633,109012000,48.595375061035156,48.514900054931644,47.127825031280516,0.018340768575158872,0.01357155942128624
2019-07-02,48.49346160888672,50.682498931884766,50.782501220703125,50.34000015258789,50.352500915527344,67740800,48.88400001525879,48.50590003967285,47.0982250213623,0.005854590215403022,0.011741440068663653
2019-07-03,48.89532470703125,51.102500915527344,51.11000061035156,50.67250061035156,50.81999969482422,45448000,49.15737514495849,48.4905500793457,47.073937530517576,0.008286923346203734,0.011518076606139398
2019-07-05,48.852264404296875,51.057498931884766,51.27000045776367,50.724998474121094,50.837501525878906,69062000,49.39500007629395,48.47590003967285,47.05687501907349,-0.0008806219428862949,0.011407099621023865
2019-07-08,47.845237731933594,50.005001068115234,50.349998474121094,49.602500915527344,50.20249938964844,101354400,49.51837520599365,48.449600067138675,47.03410001754761,-0.02061397220364547,0.011575006035102343
2019-07-09,48.13705825805664,50.310001373291016,50.377498626708984,49.70249938964844,49.79999923706055,82312000,49.62662525177002,48.434300079345704,47.01268753051758,0.00609939603361509,0.011360102859810269
2019-07-10,48.613059997558594,50.807498931884766,50.932498931884766,50.38999938964844,50.462501525878906,71588400,49.73187522888183,48.42740005493164,46.99168752670288,0.009888641324066194,0.011293209804668166
2019-07-11,48.2590446472168,50.4375,51.09749984741211,50.4275016784668,50.82749938964844,80767200,49.82637519836426,48.43280006408691,46.971800022125244,-0.007282368541321138,0.011431996725698938
2019-07-12,48.629825592041016,50.82500076293945,51.0,50.54999923706055,50.61249923706055,70380800,49.94075031280518,48.396700057983395,46.94993753433228,0.007682790838948295,0.01148879742933085
2019-07-15,49.08669662475586,51.3025016784668,51.467498779296875,51.0,51.022499084472656,67789600,50.096625328063965,48.377000122070314,46.92871253967285,0.009395000656360564,0.011356948643810958
2019-07-16,48.91685104370117,51.125,51.52750015258789,50.875,51.147499084472656,67467200,50.22925033569336,48.34075012207031,46.90881254196167,-0.0034599029805461035,0.011431478430429534
2019-07-17,48.641780853271484,50.837501525878906,51.272499084472656,50.817501068115234,51.01250076293945,56430000,50.290500450134275,48.31510017395019,46.88181255340576,-0.0056234420365983695,0.010457968412576235
2019-07-18,49.194332122802734,51.415000915527344,51.470001220703125,50.92499923706055,51.0,74162400,50.3878755569458,48.32910018920899,46.85671255111694,0.011359712265844868,0.010642451461693394
2019-07-19,48.4599723815918,50.647499084472656,51.625,50.59000015258789,51.4474983215332,83717200,50.42700042724609,48.32755020141602,46.82587505340576,-0.01492758567320962,0.011180565247033897
2019-07-22,49.567501068115234,51.80500030517578,51.807498931884766,50.90250015258789,50.912498474121094,89111600,50.532500457763675,48.360050201416016,46.79830005645752,0.022854064694736165,0.01215527943892173
2019-07-23,49.95499038696289,52.209999084472656,52.227500915527344,51.8224983215332,52.1150016784668,73420800,50.66075038909912,48.41835021972656,46.76926254272461,0.00781775459726064,0.012194715993457568
2019-07-24,49.91433334350586,52.16749954223633,52.287498474121094,51.79249954223633,51.91749954223633,59966400,50.824500274658206,48.53310020446777,46.74511253356933,-0.0008140115491587219,0.011497736678083133
2019-07-25,49.51963806152344,51.755001068115234,52.310001373291016,51.682498931884766,52.22249984741211,55638400,50.914750289916995,48.62490020751953,46.723525047302246,-0.007907192749139202,0.010902348958412985
2019-07-26,49.691871643066406,51.935001373291016,52.432498931884766,51.78499984741211,51.869998931884766,70475600,51.01475028991699,48.709000244140626,46.70348754882812,0.0034779306629495466,0.010896172165646603
2019-07-29,50.15591812133789,52.41999816894531,52.65999984741211,52.11000061035156,52.1150016784668,86693600,51.16175022125244,48.80700019836426,46.68200004577637,0.009338534376235108,0.010682889743621086
2019-07-30,49.94064712524414,52.19499969482422,52.540000915527344,51.82749938964844,52.189998626708984,135742800,51.25212516784668,48.905900192260745,46.672525043487546,-0.004292225905768721,0.010151650782489108
2019-07-31,50.95964050292969,53.2599983215332,55.342498779296875,52.82500076293945,54.10499954223633,277125600,51.3810001373291,49.05565017700195,46.67076253890991,0.020404227089488636,0.010946731409495113
2019-08-01,49.8569221496582,52.10749816894531,54.50749969482422,51.685001373291016,53.474998474121094,216071600,51.43125,49.16480010986328,46.6536625289917,-0.02163913234901349,0.01210398682712875
2019-08-02,48.80204772949219,51.005001068115234,51.60749816894531,50.407501220703125,51.38249969482422,163448400,51.42862510681152,49.2710001373291,46.63698753356934,-0.021158127708521213,0.013083316042708395
2019-08-05,46.24736404418945,48.334999084472656,49.662498474121094,48.14500045776367,49.497501373291016,209572000,51.34512500762939,49.339400100708005,46.600975036621094,-0.0523478468332329,0.017043602926586087
2019-08-06,47.12284469604492,49.25,49.51750183105469,48.5099983215332,49.07749938964844,143299200,51.29212493896485,49.429550094604494,46.570737533569336,0.018930401010833542,0.017580008237762918
2019-08-07,47.610809326171875,49.7599983215332,49.88999938964844,48.45500183105469,48.852500915527344,133457600,51.239749908447266,49.53360008239746,46.549512519836426,0.010355295868694547,0.017595404973752143
2019-08-08,48.66090774536133,50.85749816894531,50.88249969482422,49.84749984741211,50.04999923706055,108038000,51.26074981689453,49.66385002136231,46.52966251373291,0.02205586584469743,0.018245528671838374
2019-08-09,48.25991439819336,50.247501373291016,50.689998626708984,49.8224983215332,50.32500076293945,98478800,51.23187484741211,49.77730003356933,46.505087528228756,-0.011994235218333538,0.018372171291777102
2019-08-12,48.1374626159668,50.119998931884766,50.51250076293945,49.787498474121094,49.904998779296875,89927600,51.17274971008301,49.90434997558594,46.47727502822876,-0.0025374881918810432,0.018230246363023585
2019-08-13,50.1760139465332,52.24250030517578,53.03499984741211,50.119998931884766,50.255001068115234,188874000,51.228624725341795,50.08269996643067,46.469625034332275,0.04234839222912967,0.02062586490736221
2019-08-14,48.68252944946289,50.6875,51.61000061035156,50.647499084472656,50.790000915527344,146189600,51.22112464904785,50.19824996948242,46.448312530517576,-0.02976504371138844,0.021728394842889756
2019-08-15,48.440006256103516,50.435001373291016,51.28499984741211,49.91749954223633,50.8650016784668,108909600,51.17212467193603,50.29425003051758,46.430112533569336,-0.004981477222372077,0.021588627730791145
2019-08-16,49.58293533325195,51.625,51.790000915527344,50.959999084472656,51.06999969482422,110481600,51.2209997177124,50.40065002441406,46.42293752670288,0.023594698013415183,0.021971189268211965
2019-08-19,50.50737380981445,52.587501525878906,53.182498931884766,52.50749969482422,52.654998779296875,97654400,51.26012477874756,50.50165008544922,46.41925003051758,0.01864409735358663,0.021771942984188605
2019-08-20,50.50975799560547,52.59000015258789,53.337501525878906,52.58000183105469,52.720001220703125,107537200,51.27912483215332,50.590550079345704,46.40862503051758,4.75136988160596e-05,0.021712686403972396
2019-08-21,51.05721664428711,53.15999984741211,53.412498474121094,52.900001525878906,53.247501373291016,86141600,51.32874984741211,50.67970008850098,46.39665002822876,0.010838556629975127,0.021829112888729095
2019-08-22,51.013999938964844,53.1150016784668,53.61000061035156,52.6875,53.29750061035156,89014800,51.396749877929686,50.77105010986328,46.40287504196167,-0.0008464666868787107,0.0217314497304233
2019-08-23,48.656105041503906,50.65999984741211,53.01250076293945,50.25,52.35749816894531,187272000,51.332999801635744,50.8135001373291,46.40418754577637,-0.046220498041515845,0.024197707959594136
2019-08-26,49.58053207397461,51.622501373291016,51.79750061035156,51.26499938964844,51.46500015258789,104174400,51.293124961853025,50.8822501373291,46.40758754730225,0.018999240599643974,0.024508560765494344
2019-08-27,49.02106857299805,51.040000915527344,52.13750076293945,50.88249969482422,51.96500015258789,103493200,51.235375022888185,50.933600158691405,46.40035005569458,-0.0112838479784525,0.02461545554655878
2019-08-28,49.35003662109375,51.38249969482422,51.43000030517578,50.83000183105469,51.025001525878906,63755200,51.141500091552736,50.96900016784668,46.396650047302245,0.006710399160527514,0.0241803987385628
2019-08-29,50.18560791015625,52.252498626708984,52.33000183105469,51.665000915527344,52.125,83962000,51.148750114440915,51.02470016479492,46.402325038909915,0.01693181408168054,0.02402834546865667
2019-08-30,50.12078094482422,52.185001373291016,52.61249923706055,51.79999923706055,52.540000915527344,84573600,51.207750129699704,51.07110015869141,46.420537548065184,-0.001291751690195131,0.02349423630183091
2019-09-03,49.390846252441406,51.42499923706055,51.744998931884766,51.05500030517578,51.60749816894531,80092000,51.3622501373291,51.10570014953613,46.43737504959106,-0.014563612460101405,0.020237430420173928
2019-09-04,50.22882080078125,52.29750061035156,52.369998931884766,51.83000183105469,52.09749984741211,76752400,51.51462516784668,51.15875015258789,46.465362548828125,0.016966482960338647,0.02016221473119999
2019-09-05,51.210880279541016,53.31999969482422,53.49250030517578,52.877498626708984,53.0,95654800,51.69262523651123,51.24730010986328,46.49270004272461,0.019551586070831517,0.020436967765335746
2019-09-06,51.206077575683594,53.314998626708984,53.60499954223633,53.127498626708984,53.51250076293945,77449200,51.815500259399414,51.31460006713867,46.51736253738403,-9.379347606630617e-05,0.019982736564448322
2019-09-09,51.42458724975586,53.54249954223633,54.11000061035156,52.76750183105469,53.709999084472656,109237600,51.98025016784668,51.386750030517575,46.55275003433228,0.004267109094763688,0.019688346592316667
2019-09-10,52.03206253051758,54.17499923706055,54.19499969482422,52.9275016784668,53.46500015258789,127111600,52.18300018310547,51.48065002441406,46.60240003585815,0.011813040112654383,0.019723348625010243
2019-09-11,53.686431884765625,55.897499084472656,55.9275016784668,54.432498931884766,54.51750183105469,177158400,52.36575012207031,51.590849990844724,46.6609125328064,0.031795106076047075,0.018763567613252066
2019-09-12,53.56637954711914,55.772499084472656,56.60499954223633,55.71500015258789,56.20000076293945,128906800,52.62000007629395,51.69264999389648,46.724412536621095,-0.0022362360042459395,0.01712914268494757
2019-09-13,52.524288177490234,54.6875,55.1974983215332,54.255001068115234,55.0,159053200,52.832625007629396,51.76434997558594,46.77957504272461,-0.019454015908975553,0.01786009063573684
2019-09-16,52.80043029785156,54.974998474121094,55.032501220703125,54.38999938964844,54.432498931884766,84632400,53.00012493133545,51.842699966430665,46.83665002822876,0.005257114955357078,0.01727354902806079
2019-09-17,52.99250411987305,55.17499923706055,55.20500183105469,54.779998779296875,54.9900016784668,73274800,53.12949981689453,51.94609992980957,46.886350021362304,0.0036380312594934683,0.016893312162914745
2019-09-18,53.489540100097656,55.692501068115234,55.712501525878906,54.86000061035156,55.26499938964844,101360000,53.284624862670896,52.05374992370606,46.94037502288818,0.009379281163760966,0.016949586325117956
2019-09-19,53.05494689941406,55.2400016784668,55.939998626708984,55.092498779296875,55.502498626708984,88242400,53.38862495422363,52.1423999786377,46.9933500289917,-0.008124960829017258,0.017018752567380394
2019-09-20,52.27938461303711,54.432498931884766,55.63999938964844,54.36750030517578,55.345001220703125,221652400,53.45449981689453,52.22229995727539,47.03448751449585,-0.01461807968946538,0.017416478185447115
2019-09-23,52.51709747314453,54.68000030517578,54.959999084472656,54.412498474121094,54.73749923706055,76662000,53.65549983978271,52.29939994812012,47.087025012969974,0.0045469412234910855,0.01333692455562374
2019-09-24,52.26737976074219,54.41999816894531,55.622501373291016,54.29750061035156,55.25749969482422,124763200,53.79537467956543,52.36174987792969,47.14072500228882,-0.004754976861363613,0.012975192852545132
2019-09-25,53.07175827026367,55.25749969482422,55.375,54.28499984741211,54.63750076293945,87613600,54.006249618530276,52.44439987182617,47.20639999389648,0.015389591217531917,0.012829856393164269
2019-09-26,52.79801940917969,54.97249984741211,55.23500061035156,54.70750045776367,55.0,75334000,54.18574962615967,52.52709983825684,47.26926248550415,-0.005157668171489882,0.012974244547971971
2019-09-27,52.54110336303711,54.70500183105469,55.2400016784668,54.31999969482422,55.1349983215332,101408000,54.30837478637695,52.592899856567385,47.33199998855591,-0.004866033327571406,0.012695740141239897
2019-09-30,53.77766799926758,55.99250030517578,56.14500045776367,55.1974983215332,55.224998474121094,103909600,54.49874973297119,52.699799880981445,47.400587482452394,0.02353529715796876,0.01350650847916343
2019-10-01,53.92654037475586,56.147499084472656,57.05500030517578,56.04999923706055,56.26750183105469,139223200,54.7348747253418,52.78664985656738,47.46763748168945,0.002768206071386059,0.01281729261146051
2019-10-02,52.57471466064453,54.7400016784668,55.89500045776367,54.48249816894531,55.76499938964844,138449200,54.85699977874756,52.83724990844726,47.53448749542236,-0.025067855718530097,0.014049170328100859
2019-10-03,53.02131652832031,55.20500183105469,55.2400016784668,53.782501220703125,54.60749816894531,114426000,54.95124988555908,52.897999954223636,47.60558750152588,0.008494704755751092,0.01354637713295363
2019-10-04,54.507606506347656,56.752498626708984,56.872501373291016,55.97249984741211,56.40999984741211,138478800,55.12312488555908,52.99794990539551,47.68176248550415,0.028031822195933254,0.014743625204254344
2019-10-07,54.51961898803711,56.76499938964844,57.48249816894531,56.459999084472656,56.567501068115234,122306000,55.28424987792969,53.094549865722655,47.76447498321533,0.0002202680629390663,0.014756432998860496
2019-10-08,53.880916595458984,56.099998474121094,57.01499938964844,56.08250045776367,56.45500183105469,111820000,55.380499839782715,53.168149871826174,47.84893747329712,-0.011714981461773966,0.014955836310816177
2019-10-09,54.512420654296875,56.75749969482422,56.9474983215332,56.40999984741211,56.75749969482422,74770400,55.42349987030029,53.25939987182617,47.944312477111815,0.011720164680689482,0.01343708132924168
2019-10-10,55.24715042114258,57.522499084472656,57.61000061035156,56.82500076293945,56.98249816894531,113013600,55.510999870300296,53.34464988708496,48.04838747024536,0.013478384244579367,0.01370396167110417
2019-10-11,56.71662902832031,59.0525016784668,59.40999984741211,58.07749938964844,58.23749923706055,166795600,55.72924995422363,53.48354995727539,48.14718748092651,0.026598333145215314,0.013842245641623535
2019-10-14,56.63499450683594,58.967498779296875,59.532501220703125,58.66749954223633,58.724998474121094,96427600,55.92887496948242,53.642799911499026,48.24683748245239,-0.0014394462004801989,0.013889560437897798
2019-10-15,56.5029182434082,58.83000183105469,59.412498474121094,58.720001220703125,59.09749984741211,87360000,56.11162509918213,53.85269996643066,48.34569999694824,-0.002331741231840434,0.01395276643739334
2019-10-16,56.27482604980469,58.592498779296875,58.810001373291016,58.29999923706055,58.342498779296875,73903200,56.25662498474121,54.0395499420166,48.44148748397827,-0.004037107672372087,0.013967832796326957
2019-10-17,56.49333953857422,58.81999969482422,59.037498474121094,58.380001068115234,58.772499084472656,67585200,56.43562488555908,54.22074996948242,48.53818748474121,0.003882765204882066,0.013737219098873413
2019-10-18,56.76465606689453,59.102500915527344,59.39500045776367,58.5724983215332,58.647499084472656,97433600,56.66912498474121,54.38565002441406,48.65596248626709,0.004802808945406856,0.013079556551905087
2019-10-21,57.749107360839844,60.127498626708984,60.247501373291016,59.33000183105469,59.380001068115234,87247200,56.941499900817874,54.583249969482424,48.77127498626709,0.017342713003746235,0.013406043124486698
2019-10-22,57.617061614990234,59.9900016784668,60.54999923706055,59.904998779296875,60.290000915527344,82293600,57.22000007629394,54.780650024414065,48.8863125038147,-0.002286756498816156,0.013324130889354614
2019-10-23,58.39020538330078,60.79499816894531,60.810001373291016,60.30500030517578,60.525001525878906,75828800,57.496875,54.95169998168945,49.00184999465942,0.013418844273302755,0.013250085425665595
2019-10-24,58.48625564575195,60.89500045776367,61.20000076293945,60.45249938964844,61.127498626708984,69275200,57.793000030517575,55.15584999084473,49.1146875,0.0016449098088704428,0.013065158140864315
2019-10-25,59.20658874511719,61.64500045776367,61.682498931884766,60.720001220703125,60.790000915527344,73477200,58.13999996185303,55.38004997253418,49.23066249847412,0.012316282032384551,0.012931984141676213
2019-10-28,59.799659729003906,62.26250076293945,62.3125,61.68000030517578,61.85499954223633,96572800,58.453499984741214,55.59279998779297,49.35161251068115,0.010017037887749991,0.012309309995331755
2019-10-29,58.41661834716797,60.8224983215332,62.4375,60.64250183105469,62.24250030517578,142839600,58.687249946594235,55.75749992370606,49.46822500228882,-0.023127924894776886,0.013863782053034545
2019-10-30,58.4094123840332,60.814998626708984,61.32500076293945,60.3025016784668,61.189998626708984,124522000,58.99099979400635,55.92199989318848,49.58096248626709,-0.000123304616403197,0.012113362133405726
2019-10-31,59.73002624511719,62.189998626708984,62.29249954223633,59.314998626708984,61.810001373291016,139162000,59.340249633789064,56.10259986877441,49.69823747634888,0.022609554074644267,0.012703313005243789
2019-11-01,61.42521667480469,63.95500183105469,63.98249816894531,62.290000915527344,62.3849983215332,151125200,59.70037479400635,56.31939987182617,49.82318748474121,0.028380820764123404,0.012735295409571029
2019-11-04,61.82859802246094,64.375,64.4625015258789,63.845001220703125,64.3324966430664,103272000,60.080874824523924,56.59369987487793,49.94903747558594,0.006567088686117106,0.012660753430352615
2019-11-05,61.7397575378418,64.28250122070312,64.54750061035156,64.08000183105469,64.26249694824219,79897600,60.48999996185303,56.846899871826174,50.07882497787475,-0.0014368742415048485,0.012082763554728941
2019-11-06,61.76615524291992,64.30999755859375,64.37249755859375,63.842498779296875,64.19249725341797,75864400,60.867624855041505,57.1122998046875,50.207974967956545,0.0004277421906191403,0.012109471339405466
2019-11-07,62.47903823852539,64.85749816894531,65.0875015258789,64.52749633789062,64.68499755859375,94940400,61.234374809265134,57.38179977416992,50.34138746261597,0.008513460288234853,0.012005774714727514
2019-11-08,62.6500129699707,65.03500366210938,65.11000061035156,64.2125015258789,64.67250061035156,69986400,61.53349990844727,57.63744987487793,50.46936248779297,0.0027368538438174994,0.011003999723921425
2019-11-11,63.14613342285156,65.55000305175781,65.61750030517578,64.56999969482422,64.57499694824219,81821200,61.86262512207031,57.904749908447265,50.60173749923706,0.007918803115997797,0.010919158364895013
2019-11-12,63.088340759277344,65.48999786376953,65.69750213623047,65.2300033569336,65.38749694824219,87388800,62.195624923706056,58.18604988098144,50.73583749771118,-0.0009154109106738195,0.010871122715112097
2019-11-13,63.692832946777344,66.11750030517578,66.19499969482422,65.26750183105469,65.28250122070312,102734400,62.571875,58.46244987487793,50.85986249923706,0.009581653105434018,0.010671433097929343
2019-11-14,63.25210189819336,65.66000366210938,66.22000122070312,65.5250015258789,65.9375,89182800,62.91387519836426,58.70924995422363,50.98011251449585,-0.006919448571932718,0.011056692505638859
2019-11-15,64.00350952148438,66.44000244140625,66.44499969482422,65.75250244140625,65.91999816894531,100206400,63.2807502746582,58.971750030517576,51.104162521362305,0.01187935936328599,0.011143620704296269
2019-11-18,64.32620239257812,66.7750015258789,66.85749816894531,66.05750274658203,66.44999694824219,86703200,63.6131254196167,59.23640007019043,51.2239750289917,0.005042129322136768,0.01081502679280316
2019-11-19,64.13114929199219,66.57250213623047,67.0,66.34750366210938,66.9749984741211,76167200,63.942250442504886,59.48435012817383,51.339112548828126,-0.0030325628606681088,0.010843854585380308
2019-11-20,63.38457107543945,65.79750061035156,66.5199966430664,65.0999984741211,66.38500213623047,106234400,64.1923755645752,59.682350158691406,51.45030004501343,-0.011641466085997254,0.011291905942174697
2019-11-21,63.100372314453125,65.50250244140625,66.00250244140625,65.29499816894531,65.92250061035156,121395200,64.42275066375733,59.87695022583008,51.5641375541687,-0.004483425148506304,0.011441955886746812
2019-11-22,63.04499053955078,65.44499969482422,65.79499816894531,65.20999908447266,65.64749908447266,65325200,64.61275062561035,60.09210021972656,51.678350048065184,-0.0008778709887223846,0.011299442329566003
2019-11-25,64.150390625,66.59249877929688,66.61000061035156,65.62999725341797,65.67749786376953,84020400,64.82925052642823,60.32445022583008,51.799525051116944,0.0175337931060211,0.011662352277218247
2019-11-26,63.649471282958984,66.07250213623047,66.79000091552734,65.625,66.73500061035156,105207600,65.09175071716308,60.54240028381348,51.916275062561034,-0.007808636897524979,0.010242835237867051
2019-11-27,64.50440216064453,66.95999908447266,66.99500274658203,66.32749938964844,66.3949966430664,65235600,65.39900074005126,60.76775024414062,52.03835006713867,0.013432167990434563,0.010389308620865692
2019-11-29,64.36234283447266,66.8125,67.0,66.4749984741211,66.6500015258789,46617600,65.63012580871582,60.99920021057129,52.15891256332397,-0.002202794003724251,0.009612585631546678
2019-12-02,63.61817169189453,66.04000091552734,67.0625,65.86250305175781,66.81749725341797,94487200,65.73437576293945,61.23135025024414,52.27608757019043,-0.01156219396778535,0.008254002666797544
2019-12-03,62.483856201171875,64.86250305175781,64.88249969482422,64.07250213623047,64.57749938964844,114430400,65.75875091552734,61.435000305175784,52.38673759460449,-0.017830070373192175,0.009232017511112162
2019-12-04,63.03535461425781,65.43499755859375,65.82749938964844,65.16999816894531,65.26750183105469,67181600,65.81637573242188,61.65530029296875,52.49887508392334,0.008826278356527606,0.00940707932863777
2019-12-05,63.96016311645508,66.3949966430664,66.47250366210938,65.68250274658203,65.94750213623047,74424400,65.92062568664551,61.87805023193359,52.61702507019043,0.014671034160473884,0.00989354846954925
2019-12-06,65.19561767578125,67.67749786376953,67.75,66.82499694824219,66.87000274658203,106075600,66.06162567138672,62.132150192260745,52.739200057983396,0.01931623293239615,0.010560768718053504
2019-12-09,64.28286743164062,66.7300033569336,67.69999694824219,66.22750091552734,67.5,128042400,66.14637565612793,62.37265022277832,52.855062580108644,-0.014000140914535386,0.01116068106638819
2019-12-10,64.65855407714844,67.12000274658203,67.51750183105469,66.46499633789062,67.1500015258789,90420400,66.22487564086914,62.595200271606444,52.97275009155273,0.005844438334018376,0.011105891831371327
2019-12-11,65.21006774902344,67.69249725341797,67.7750015258789,67.125,67.20249938964844,78756800,66.33500061035156,62.826100234985354,53.09262508392334,0.00852941721408218,0.011209618244048454
2019-12-12,65.376220703125,67.86499786376953,68.13999938964844,66.83000183105469,66.94499969482422,137310400,66.42237548828125,63.088600158691406,53.21551258087158,0.002548297335017491,0.011059148510794833
2019-12-13,66.26490783691406,68.7874984741211,68.82499694824219,67.73249816894531,67.86499786376953,133587600,66.57875022888183,63.360250091552736,53.34073757171631,0.013593172318421942,0.011200848230210695
2019-12-16,67.39920043945312,69.96499633789062,70.19750213623047,69.24500274658203,69.25,128186000,66.75499992370605,63.624500045776365,53.47075004577637,0.01711790499566601,0.011491928774322977
2019-12-17,67.53169250488281,70.10250091552734,70.44249725341797,69.69999694824219,69.89250183105469,114158400,66.92137489318847,63.89125007629394,53.601850051879886,0.001965333878853448,0.01147881824028163
2019-12-18,67.37032318115234,69.93499755859375,70.4749984741211,69.77999877929688,69.94999694824219,116028400,67.08949966430664,64.1679500579834,53.733375034332276,-0.0023894062942980687,0.011463402600273795
2019-12-19,67.43775177001953,70.00499725341797,70.29499816894531,69.73750305175781,69.875,98369200,67.29987449645996,64.43290000915528,53.86777502059937,0.0010009251057108148,0.01097921762510152
2019-12-20,67.298095703125,69.86000061035156,70.6624984741211,69.63999938964844,70.55750274658203,275978000,67.51774940490722,64.67965003967285,54.00093751907349,-0.0020712327513066064,0.010903809543082132
2019-12-23,68.39627075195312,71.0,71.0625,70.09249877929688,70.13249969482422,98572000,67.79549942016601,64.91860000610352,54.13231252670288,0.01631834210833838,0.011231605199266439
2019-12-24,68.46128845214844,71.06749725341797,71.22250366210938,70.7300033569336,71.17250061035156,48478800,68.01924934387208,65.16059997558594,54.261512508392336,0.000950665541098239,0.010794522984385735
2019-12-26,69.819580078125,72.47750091552734,72.49500274658203,71.17500305175781,71.20500183105469,93121200,68.33949928283691,65.43354995727539,54.39676250457764,0.01984034497629028,0.011062454755162232
2019-12-27,69.7930908203125,72.44999694824219,73.49250030517578,72.02999877929688,72.77999877929688,146266000,68.61399917602539,65.71069992065429,54.52934999465943,-0.00037948283174404907,0.01091848411849539
2019-12-30,70.20732879638672,72.87999725341797,73.17250061035156,71.30500030517578,72.36499786376953,144114400,68.9173740386963,65.99189987182618,54.66109998703003,0.005935132136485333,0.010826236529704589
2019-12-31,70.7203140258789,73.4124984741211,73.41999816894531,72.37999725341797,72.48249816894531,100805600,69.28599891662597,66.27809982299804,54.79313747406006,0.007306548309154115,0.010162808701855926
2020-01-02,72.3338851928711,75.0875015258789,75.1500015258789,73.79750061035156,74.05999755859375,135480400,69.79724884033203,66.57729988098144,54.93541248321533,0.022816319926071804,0.00931083170426052
2020-01-03,71.63064575195312,74.35749816894531,75.1449966430664,74.125,74.2874984741211,146322800,70.24337387084961,66.86464981079102,55.07199996948242,-0.00972203551987938,0.010054027634622499
2020-01-06,72.20140075683594,74.94999694824219,74.98999786376953,73.1875,73.44750213623047,118387200,70.6711238861084,67.14774978637695,55.20288745880127,0.007968245219206693,0.009876041785457831
2020-01-07,71.86185455322266,74.59750366210938,75.2249984741211,74.37000274658203,74.95999908447266,108872000,71.01712417602539,67.42179985046387,55.33706247329712,-0.0047030460371630944,0.009645160018564771
2020-01-08,73.01782989501953,75.79750061035156,76.11000061035156,74.29000091552734,74.29000091552734,132079200,71.47049903869629,67.70484985351563,55.480124969482425,0.016086288271489613,0.00885199321127456
2020-01-09,74.56879425048828,77.40750122070312,77.60749816894531,76.55000305175781,76.80999755859375,170108400,71.98487396240235,68.00774986267089,55.633674983978274,0.021240813976545425,0.009448002518900916
2020-01-10,74.73736572265625,77.5824966430664,78.1675033569336,77.0625,77.6500015258789,140644800,72.47937393188477,68.34294982910156,55.78599996566773,0.0022607036734636488,0.009505303211115411
2020-01-13,76.33406829833984,79.23999786376953,79.26750183105469,77.7874984741211,77.91000366210938,121532000,73.04812393188476,68.71144981384278,55.946299953460695,0.02136437073337283,0.009973223009962095
2020-01-14,75.30332946777344,78.16999816894531,79.39250183105469,78.0425033569336,79.17500305175781,161954400,73.51724891662597,69.0310498046875,56.099712448120115,-0.013503277683875936,0.010941833902500269
2020-01-15,74.9806137084961,77.83499908447266,78.875,77.38749694824219,77.9625015258789,121923600,73.91074905395507,69.30864974975586,56.249837436676025,-0.004285519922216707,0.010892189989721926
2020-01-16,75.91985321044922,78.80999755859375,78.92500305175781,78.02249908447266,78.39749908447266,108829200,74.3461238861084,69.59734970092774,56.40136241912842,0.012526478905240834,0.010972619269475452
2020-01-17,76.76036071777344,79.68250274658203,79.68499755859375,78.75,79.06749725341797,137816400,74.83349914550782,69.90534973144531,56.555587425231934,0.011070996257037002,0.010847700592618838
2020-01-21,76.24017333984375,79.14250183105469,79.75499725341797,79.0,79.29750061035156,110843200,75.29037437438964,70.20199981689453,56.706687431335446,-0.006776907061324833,0.011192957393066942
2020-01-22,76.5123062133789,79.42500305175781,79.99749755859375,79.32749938964844,79.6449966430664,101832400,75.76862449645996,70.49334991455078,56.85756244659424,0.003569526034268966,0.011043314982941128
2020-01-23,76.88079833984375,79.80750274658203,79.88999938964844,78.9124984741211,79.4800033569336,104472000,76.20899963378906,70.78879989624023,57.00647495269775,0.004815859995308536,0.010801631445720947
2020-01-24,76.65921783447266,79.57749938964844,80.8324966430664,79.37999725341797,80.0625,146537600,76.63449974060059,71.06934982299805,57.15498744964599,-0.002881976618964499,0.010927677937049095
2020-01-27,74.40503692626953,77.23750305175781,77.94249725341797,76.22000122070312,77.51499938964844,161940000,76.87249984741212,71.3042999267578,57.2903999710083,-0.029405250929448234,0.012942681483782081
2020-01-28,76.50990295410156,79.42250061035156,79.5999984741211,78.04750061035156,78.1500015258789,162234000,77.22112503051758,71.57039993286133,57.43882497787476,0.02828933448469395,0.014057356617564767
2020-01-29,78.1114273071289,81.08499908447266,81.9625015258789,80.34500122070312,81.11250305175781,216229200,77.63137512207031,71.8788998413086,57.59566247940064,0.020932336067801982,0.014519197253882421
2020-01-30,77.99822998046875,80.96749877929688,81.02249908447266,79.6875,80.13500213623047,126743200,78.00912513732911,72.1694497680664,57.7514624786377,-0.0014491004070108504,0.014592041810235698
2020-01-31,74.53990936279297,77.37750244140625,80.66999816894531,77.07250213623047,80.23249816894531,199588400,78.12362518310547,72.38149978637695,57.88928749084473,-0.04433873334381144,0.017679103753889685
2020-02-03,74.3351821899414,77.16500091552734,78.37249755859375,75.55500030517578,76.07499694824219,173788400,78.26400032043458,72.59334976196288,58.021199989318845,-0.0027462960056099384,0.017510888988250876
2020-02-04,76.78926849365234,79.7125015258789,79.91000366210938,78.40750122070312,78.82749938964844,136616400,78.5021255493164,72.87164978027344,58.1649374961853,0.03301367951955725,0.018807572432201394
2020-02-05,77.41541290283203,80.36250305175781,81.19000244140625,79.73750305175781,80.87999725341797,118826800,78.79037551879883,73.16884979248047,58.31108751296997,0.008154323518098083,0.018740897392598495
2020-02-06,78.32096099853516,81.30249786376953,81.30500030517578,80.06500244140625,80.64250183105469,105425600,79.06562538146973,73.48599975585938,58.458250007629395,0.011696932976394514,0.01861592317665055
2020-02-07,77.25634002685547,80.00749969482422,80.8499984741211,79.5,80.59249877929688,117684000,79.19562530517578,73.75429977416992,58.59933750152588,-0.015928147387491265,0.01862557354180889
2020-02-10,77.623291015625,80.38749694824219,80.38749694824219,78.4625015258789,78.54499816894531,109348800,79.33587532043457,74.04059967041016,58.74467498779297,0.0047495204183034545,0.01863699081886295
2020-02-11,77.15497589111328,79.90249633789062,80.9749984741211,79.67749786376953,80.9000015258789,94323200,79.36900024414062,74.29944961547852,58.888812465667726,-0.006033284139495332,0.018134487831936177
2020-02-12,78.98724365234375,81.80000305175781,81.80500030517578,80.36750030517578,80.36750030517578,113730400,79.55050048828124,74.59919967651368,59.042049980163576,0.023747777614394394,0.018521453995195142
2020-02-13,78.42475891113281,81.21749877929688,81.55500030517578,80.8375015258789,81.04750061035156,94747600,79.71962547302246,74.90274963378906,59.19729997634888,-0.007121078859769314,0.018586353581782723
2020-02-14,78.4440689086914,81.23750305175781,81.49500274658203,80.7125015258789,81.18499755859375,80113600,79.84100074768067,75.23024963378906,59.34033748626709,0.0002463049559713326,0.01843274389690505
2020-02-18,77.00772094726562,79.75,79.9375,78.65249633789062,78.83999633789062,152531200,79.84437561035156,75.51654968261718,59.477649993896485,-0.018310546187148335,0.018811865474040054
2020-02-19,78.12301635742188,80.90499877929688,81.14250183105469,80.0,80.0,93984000,79.93250045776367,75.8067497253418,59.61748748779297,0.014482743314067292,0.01899596003770791
2020-02-20,77.321533203125,80.07499694824219,81.1624984741211,79.55249786376953,80.65750122070312,100566000,79.96500015258789,76.05469970703125,59.757262477874754,-0.010258968463974338,0.019158985034997966
2020-02-21,75.57136535644531,78.26249694824219,80.11250305175781,77.625,79.65499877929688,129554000,79.8877498626709,76.28534957885742,59.894999961853024,-0.02263503052234317,0.019811927784618488
2020-02-24,71.98170471191406,74.54499816894531,76.04499816894531,72.30750274658203,74.31500244140625,222195200,79.63612480163575,76.43384948730468,60.01409996032715,-0.047500385551912494,0.02240265615894325
2020-02-25,69.54354095458984,72.0199966430664,75.63249969482422,71.53250122070312,75.23750305175781,230673600,79.37524948120117,76.52039947509766,60.1232999420166,-0.033872179058296537,0.022699840800600994
2020-02-26,70.64673614501953,73.1624984741211,74.47000122070312,71.625,71.63249969482422,198054800,79.06224937438965,76.6263494873047,60.24263744354248,0.015863675150069367,0.021948988587302713
2020-02-27,66.02867889404297,68.37999725341797,71.5,68.23999786376953,70.2750015258789,320605600,78.42699928283692,76.61819946289063,60.35238742828369,-0.06536820530254006,0.025077454117695422
2020-02-28,65.99005126953125,68.33999633789062,69.60250091552734,64.09249877929688,64.31500244140625,426510000,77.79562416076661,76.58569946289063,60.45826240539551,-0.0005849797767482068,0.025090402849449786
2020-03-02,72.1337661743164,74.70249938964844,75.36000061035156,69.43000030517578,70.56999969482422,341397200,77.66187400817871,76.67769943237305,60.59312490463257,0.09310072274952952,0.03240785182377877
2020-03-03,69.84288024902344,72.33000183105469,76.0,71.44999694824219,75.9175033569336,319475600,77.42012405395508,76.72559951782226,60.71717491149902,-0.0317592795151177,0.033119176823641586
2020-03-04,73.08247375488281,75.68499755859375,75.8499984741211,73.28250122070312,74.11000061035156,219178400,77.21874885559082,76.83919952392579,60.85934989929199,0.04638456577639127,0.0340015706445472
2020-03-05,70.71192169189453,73.2300033569336,74.88749694824219,72.85250091552734,73.87999725341797,187572800,76.86212387084962,76.90659957885742,60.996637420654295,-0.03243699915243503,0.03456733261127204
2020-03-06,69.77287292480469,72.25749969482422,72.70500183105469,70.30750274658203,70.5,226176800,76.40987396240234,76.9317495727539,61.12467491149902,-0.013280125870939186,0.03441832817622087
2020-03-09,64.25438690185547,66.5425033569336,69.52249908447266,65.75,65.9375,286744800,75.73662414550782,76.84124969482421,61.22891242980957,-0.07909208541712087,0.03813921119492425
2020-03-10,68.88207244873047,71.33499908447266,71.61000061035156,67.34249877929688,69.28500366210938,285290000,75.28399925231933,76.81839965820312,61.3610124206543,0.07202157246522778,0.04212582613371509
2020-03-11,66.48978424072266,68.85749816894531,70.30500030517578,67.96499633789062,69.34750366210938,255598800,74.73174934387207,76.74654968261719,61.481587409973145,-0.03473051023093954,0.042644105168514496
2020-03-12,59.923583984375,62.057498931884766,67.5,62.0,63.98500061035156,418474000,73.74462413787842,76.53009971618653,61.56908740997314,-0.09875466605505201,0.0466701838576324
2020-03-13,67.10294342041016,69.49250030517578,69.9800033569336,63.23749923706055,66.22250366210938,370732000,73.15837421417237,76.45169975280761,61.69482490539551,0.11980826654731591,0.055298601221470386
2020-03-16,58.4703483581543,60.5525016784668,64.7699966430664,60.0,60.48749923706055,322423600,72.1241241455078,76.16099975585938,61.77471240997315,-0.12864695596573805,0.06163872071223662
2020-03-17,61.041290283203125,63.21500015258789,64.40249633789062,59.599998474121094,61.877498626708984,324056000,71.29737415313721,75.93814979553223,61.87194990158081,0.04397008216537346,0.06290475516379185
2020-03-18,59.546993255615234,61.66749954223633,62.5,59.279998779296875,59.942501068115234,300233600,70.33549919128419,75.67249984741211,61.96366239547729,-0.024479958975183402,0.06272062742088891
2020-03-19,59.09074020385742,61.19499969482422,63.209999084472656,60.65250015258789,61.84749984741211,271857200,69.39149932861328,75.4044497680664,62.04508739471436,-0.007662056203340817,0.06272626500727349
2020-03-20,55.33934020996094,57.310001373291016,62.95750045776367,57.0,61.79499816894531,401693200,68.34387454986572,75.0346997833252,62.10346240997315,-0.06348555177559367,0.06376502250227074
2020-03-23,54.16371154785156,56.092498779296875,57.125,53.15250015258789,57.02000045776367,336752800,67.4212495803833,74.60839973449707,62.15239990234375,-0.02124415572883842,0.06329728776554766
2020-03-24,59.59769821166992,61.720001220703125,61.92250061035156,58.57500076293945,59.09000015258789,287531200,66.90624980926513,74.2911498260498,62.22331241607666,0.10032540114763622,0.06783088813670365
2020-03-25,59.26939392089844,61.380001068115234,64.5625,61.07500076293945,62.6875,303602000,66.31712493896484,73.93394989013672,62.28948741912842,-0.0055087515531973,0.06764466106119055
2020-03-26,62.388328552246094,64.61000061035156,64.66999816894531,61.59000015258789,61.630001068115234,252087200,66.12862510681153,73.66274993896485,62.36902492523193,0.052622995862315225,0.0673916159705883
2020-03-27,59.80531311035156,61.935001373291016,63.967498779296875,61.76250076293945,63.1875,204216800,65.80837535858154,73.34474998474121,62.43596242904663,-0.04140224751262378,0.06800411826518657
2020-03-30,61.51202392578125,63.70249938964844,63.880001068115234,62.349998474121094,62.685001373291016,167976400,65.25837535858155,73.0426000213623,62.51178743362427,0.028537950709074167,0.06466701878616432
2020-03-31,61.386497497558594,63.5724983215332,65.62249755859375,63.0,63.900001525878906,197002000,64.82050018310547,72.72039993286133,62.58872491836548,-0.002040753021636643,0.06438334600873483
2020-04-01,58.15652084350586,60.227500915527344,62.18000030517578,59.782501220703125,61.625,176218400,64.04762535095215,72.34209991455079,62.64749992370606,-0.05261705130869221,0.06407397243250379
2020-04-02,59.12697219848633,61.23249816894531,61.287498474121094,59.224998474121094,60.084999084472656,165934000,63.447750091552734,71.97824981689453,62.70559991836548,0.016686683626928822,0.06408613835930266
2020-04-03,58.2772216796875,60.352500915527344,61.42499923706055,59.74250030517578,60.70000076293945,129880000,62.85250015258789,71.58914978027343,62.76002492904663,-0.014371408643005013,0.06409227714327011
2020-04-06,63.36117935180664,65.61750030517578,65.77749633789062,62.345001220703125,62.724998474121094,201820400,62.80625,71.30994979858399,62.838787422180175,0.08723746836966395,0.06503027094367295
2020-04-07,62.6273193359375,64.85749816894531,67.92500305175781,64.75,67.69999694824219,202887200,62.48237495422363,71.06234970092774,62.914599914550784,-0.011582308571582711,0.06289797339185292
2020-04-08,64.2302474975586,66.51750183105469,66.84249877929688,65.30750274658203,65.68499755859375,168895200,62.3653751373291,70.80424972534179,62.99896242141724,0.02559462990362782,0.06273576841234613
2020-04-09,64.69371795654297,66.99749755859375,67.51750183105469,66.17500305175781,67.17500305175781,161834800,62.61237506866455,70.52249969482422,63.089487400054935,0.0072160816976889475,0.058258134271613055
2020-04-13,65.9635009765625,68.3125,68.42500305175781,66.4574966430664,67.07749938964844,131022800,62.55337505340576,70.26939971923828,63.18129989624023,0.01962763520019828,0.05186376947057962
2020-04-14,69.29486083984375,71.76249694824219,72.0625,69.51249694824219,70.0,194994800,63.11387481689453,70.157099609375,63.29043737411499,0.050503157522300945,0.04313119487182342
2020-04-15,68.66239166259766,71.10749816894531,71.5824966430664,70.15750122070312,70.5999984741211,131154400,63.508499717712404,70.03594955444336,63.398574867248534,-0.009127313111321755,0.04252090532033172
2020-04-16,69.20796966552734,71.67250061035156,72.05000305175781,70.5875015258789,71.84500122070312,157125200,64.00874977111816,69.87514953613281,63.5049998664856,0.007945750532016405,0.04188117170947864
2020-04-17,68.26890563964844,70.69999694824219,71.73750305175781,69.21499633789062,71.17250061035156,215250000,64.48399963378907,69.6818994140625,63.60508735656738,-0.01356871399529369,0.042020714994111426
2020-04-20,66.85187530517578,69.23249816894531,70.41999816894531,69.2125015258789,69.48750305175781,130015200,65.08012447357177,69.44049942016602,63.69573734283447,-0.02075670215900005,0.03918161431425929
2020-04-21,64.78546142578125,67.09249877929688,69.3125,66.35749816894531,69.06999969482422,180991600,65.63012447357178,69.18219940185547,63.775912342071535,-0.03091033035419699,0.03964680077646959
2020-04-22,66.6515121459961,69.0250015258789,69.4749984741211,68.05000305175781,68.40249633789062,116862400,65.99537448883056,68.95494949340821,63.87101234436035,0.028803558993071077,0.033845367644596405
2020-04-23,66.39320373535156,68.75749969482422,70.4375,68.71749877929688,68.96749877929688,124814400,66.36424942016602,68.73204956054687,63.963249835968014,-0.0038754339028068685,0.033817728667255804
2020-04-24,68.30995178222656,70.74250030517578,70.75250244140625,69.25,69.30000305175781,126161200,66.67087440490722,68.51089950561523,64.06292484283448,0.028869586869241237,0.03249371187828791
2020-04-27,68.35824584960938,70.7925033569336,71.13500213623047,69.98750305175781,70.44999694824219,117087600,67.11374950408936,68.30239959716796,64.16469985961913,0.0007068318414262809,0.03063739158376882
2020-04-28,67.25018310546875,69.6449966430664,71.4574966430664,69.55000305175781,71.2699966430664,112004800,67.41087436676025,68.07054946899414,64.25879983901977,-0.016209438280229915,0.030626706584155398
2020-04-29,69.45903015136719,71.93250274658203,72.4175033569336,70.97250366210938,71.18250274658203,137280800,67.8288745880127,67.91419952392579,64.36194984436035,0.0328452324470514,0.031198311423209227
2020-04-30,70.92431640625,73.44999694824219,73.63249969482422,72.0875015258789,72.48999786376953,183064000,68.48999938964843,67.76509948730468,64.47357482910157,0.021096085131450115,0.028020341003119537
2020-05-01,69.78251647949219,72.26750183105469,74.75,71.4625015258789,71.5625,240616800,69.0417495727539,67.60894958496094,64.58072483062745,-0.01609932152918625,0.028582692465126566
2020-05-04,70.76986694335938,73.29000091552734,73.42250061035156,71.58000183105469,72.2925033569336,133568000,69.68862457275391,67.50949966430665,64.69009983062745,0.014148809057535017,0.02807820101212056
2020-05-05,71.83201599121094,74.38999938964844,75.25,73.61499786376953,73.76499938964844,147751200,70.12724952697754,67.5063996887207,64.80881233215332,0.015008847869833364,0.021515895836282557
2020-05-06,72.5731430053711,75.15750122070312,75.80999755859375,74.71749877929688,75.11499786376953,142333600,70.64224967956542,67.56914978027343,64.92557483673096,0.010317271640702286,0.02109981984828856
2020-05-07,73.32389831542969,75.93499755859375,76.2925033569336,75.49250030517578,75.80500030517578,115215200,71.11312446594238,67.62459976196288,65.04419982910156,0.010344893394040211,0.02068708382475458
2020-05-08,75.06912231445312,77.53250122070312,77.5875015258789,76.07250213623047,76.41000366210938,133838400,71.63987464904785,67.80764984130859,65.1710248374939,0.02103777854047717,0.02092960290423447
2020-05-11,76.2503662109375,78.75250244140625,79.26249694824219,76.80999755859375,77.0250015258789,145946400,72.16187477111816,68.0158999633789,65.30601234436035,0.015735352290909388,0.020829100242406785
2020-05-12,75.37896728515625,77.85250091552734,79.92250061035156,77.72750091552734,79.4574966430664,162301200,72.46637496948242,68.07889999389648,65.43559984207154,-0.011428227649636025,0.018553888495598834
2020-05-13,74.46882629394531,76.9124984741211,78.98750305175781,75.80249786376953,78.0374984741211,200622400,72.75662498474121,68.17054992675781,65.55806234359741,-0.012074145728808161,0.01867695708576383
2020-05-14,74.92631530761719,77.38500213623047,77.44750213623047,75.38249969482422,76.12750244140625,158929200,73.04225006103516,68.20455001831054,65.68401235580444,0.006143392445746132,0.018661750627380534
2020-05-15,74.48333740234375,76.92749786376953,76.9749984741211,75.05249786376953,75.0875015258789,166348400,73.35362510681152,68.27849990844726,65.80234985351562,-0.005912053496561764,0.0183582937637874
2020-05-18,76.23828125,78.73999786376953,79.125,77.58000183105469,78.2925033569336,135178400,73.82900009155273,68.40814987182617,65.93551235198974,0.023561145888427948,0.017830370573358637
2020-05-19,75.79771423339844,78.28500366210938,79.62999725341797,78.25250244140625,78.75749969482422,101729600,74.38862533569336,68.64299987792968,66.07191236495972,-0.005778438074729886,0.015819482307348823
2020-05-20,77.2718734741211,79.80750274658203,79.87999725341797,79.12999725341797,79.16999816894531,111504800,74.92775039672851,68.81244995117187,66.22927488327026,0.01944815754296969,0.015297368163891368
2020-05-21,76.69576263427734,79.2125015258789,80.22250366210938,78.96749877929688,79.66500091552734,102688800,75.45050048828125,69.01955001831055,66.37908739089966,-0.007455454690675767,0.015456301020683252
2020-05-22,77.1895523071289,79.72250366210938,79.80750274658203,78.8375015258789,78.94249725341797,81803200,75.89950065612793,69.37285011291505,66.52889991760254,0.006438404625611405,0.014591969310219784
2020-05-26,76.66670989990234,79.18250274658203,81.05999755859375,79.125,80.875,125522000,76.31900062561036,69.56665016174317,66.67052494049072,-0.006773506735514134,0.01483121801126208
2020-05-27,77.0007553100586,79.52749633789062,79.67749786376953,78.27249908447266,79.03500366210938,112945200,76.81312561035156,69.94615005493164,66.81692491531372,0.0043569422453433315,0.013915449791358
2020-05-28,77.03462982177734,79.5625,80.86000061035156,78.90750122070312,79.19249725341797,133560800,77.19462547302246,70.27310005187988,66.9641374206543,0.0004401454053155618,0.012534957216127376
2020-05-29,76.95960998535156,79.48500061035156,80.2874984741211,79.11750030517578,79.8125,153532400,77.49637565612792,70.62945007324218,67.10034992218017,-0.0009740693121563782,0.012015932759481896
2020-06-01,77.90603637695312,80.4625015258789,80.5875015258789,79.30249786376953,79.4375,80791200,77.90612564086913,71.01480010986329,67.24922492980957,0.012297929269941221,0.011160180585487926
2020-06-02,78.26669311523438,80.83499908447266,80.86000061035156,79.73249816894531,80.1875,87642800,78.2833755493164,71.48530006408691,67.40122491836547,0.004629455355348977,0.010970786285605516
2020-06-03,78.69756317138672,81.27999877929688,81.55000305175781,80.57499694824219,81.16500091552734,104491200,78.62787551879883,71.98905006408691,67.54949991226196,0.005505037420229231,0.010715856859905821
2020-06-04,78.01982116699219,80.58000183105469,81.40499877929688,80.19499969482422,81.09750366210938,87560400,78.89900054931641,72.36625007629395,67.68946241378784,-0.008612167307518348,0.011006383992721542
2020-06-05,80.24189758300781,82.875,82.9375,80.80750274658203,80.8375015258789,137250400,79.24600067138672,72.79615005493164,67.8408874130249,0.02848098928760323,0.012270488669420732
2020-06-08,80.71632385253906,83.36499786376953,83.4000015258789,81.83000183105469,82.5625,95654400,79.53762550354004,73.17125,67.9919124031067,0.005912493077158798,0.011644695118932392
2020-06-09,83.26518249511719,85.99749755859375,86.40249633789062,83.00250244140625,83.03500366210938,147712400,79.89987525939941,73.65249992370606,68.15632488250732,0.03157799750833212,0.012970119506855173
2020-06-10,85.40739440917969,88.20999908447266,88.69249725341797,86.52249908447266,86.9749984741211,166651600,80.41775016784668,74.14264991760254,68.34407487869262,0.025727510551937005,0.013228616882528138
2020-06-11,81.30692291259766,83.9749984741211,87.76499938964844,83.87000274658203,87.32749938964844,201662400,80.77087516784668,74.5506999206543,68.50583736419678,-0.0480104370741008,0.017585506065306643
2020-06-12,82.00889587402344,84.69999694824219,86.94999694824219,83.55500030517578,86.18000030517578,200146000,81.13662490844726,75.04014984130859,68.67413734436035,0.008633503867755632,0.017606182607919834
2020-06-15,83.0230941772461,85.74749755859375,86.41999816894531,83.1449966430664,83.3125,138808800,81.57762489318847,75.53044982910156,68.8459623336792,0.012367185927901092,0.017501826781107812
2020-06-16,85.2234115600586,88.0199966430664,88.30000305175781,86.18000030517578,87.86499786376953,165428800,82.04162483215332,76.08379974365235,69.02479982376099,0.026502220463282766,0.01767230847437564
2020-06-17,85.10479736328125,87.89749908447266,88.8499984741211,87.77249908447266,88.7874984741211,114406400,82.52224960327149,76.52939971923828,69.2033623123169,-0.0013917014685934648,0.017548671559851098
2020-06-18,85.13872528076172,87.93250274658203,88.36250305175781,87.30500030517578,87.85250091552734,96820400,82.92849960327149,76.99089981079102,69.3858998298645,0.0003982327423870391,0.017292879867957887
2020-06-19,84.65217590332031,87.43000030517578,89.13999938964844,86.2874984741211,88.66000366210938,264476000,83.33937454223633,77.40914978027344,69.56156232833862,-0.005714638224894375,0.017231145239733767
2020-06-22,86.86699676513672,89.71749877929688,89.86499786376953,87.7874984741211,87.83499908447266,135445200,83.8391242980957,77.8635498046875,69.74354982376099,0.0261637706294926,0.01786525999864274
2020-06-23,88.72115325927734,91.63249969482422,93.09500122070312,90.56749725341797,91.0,212155600,84.46162414550781,78.32994979858398,69.93513732910156,0.021344787155047618,0.017907195894714432
2020-06-24,87.1550521850586,90.01499938964844,92.19750213623047,89.62999725341797,91.25,192623200,84.9859992980957,78.6949998474121,70.11749982833862,-0.017652037329143666,0.018765041864063973
2020-06-25,88.31208038330078,91.20999908447266,91.25,89.39250183105469,90.17500305175781,137522400,85.56837425231933,79.09704986572265,70.30267482757569,0.013275561883319131,0.0187706447654794
2020-06-26,85.5986099243164,88.40750122070312,91.33000183105469,88.25499725341797,91.10250091552734,205256800,86.01449928283691,79.43174987792969,70.46522483825683,-0.030725774497311842,0.020533885328063557
2020-06-29,87.57135009765625,90.44499969482422,90.5425033569336,87.81999969482422,88.3125,130646000,86.51362419128418,79.82664993286133,70.6385873413086,0.02304666963762081,0.020858296866104045
2020-06-30,88.3023681640625,91.19999694824219,91.49500274658203,90.0,90.0199966430664,140223200,87.03187408447266,80.26599990844727,70.8211498260498,0.008347584233129979,0.020861323570926175
2020-07-01,88.13534545898438,91.02749633789062,91.83999633789062,90.97750091552734,91.27999877929688,110737200,87.51924896240234,80.74469985961915,71.00141231536865,-0.0018914541241646932,0.02094080034738463
2020-07-02,88.13534545898438,91.02749633789062,92.61750030517578,90.91000366210938,91.9625015258789,114041600,88.04162368774413,81.18474975585937,71.18067480087281,0.0,0.020714237419167506
2020-07-06,90.49301147460938,93.4625015258789,93.94499969482422,92.46749877929688,92.5,118655600,88.57099876403808,81.67884979248046,71.36952480316162,0.026750215989129744,0.020620181990842434
2020-07-07,90.21221160888672,93.17250061035156,94.65499877929688,93.05750274658203,93.85250091552734,112424400,89.06137390136719,82.12744979858398,71.55918729782104,-0.003102858481131565,0.020725828567691323
2020-07-08,92.31327056884766,95.34249877929688,95.375,94.08999633789062,94.18000030517578,117092000,89.52862396240235,82.61844970703125,71.7637372970581,0.023290114086561564,0.020260553846769815
2020-07-09,92.71024322509766,95.75250244140625,96.31749725341797,94.67250061035156,96.26249694824219,125642800,89.90574913024902,83.14059982299804,71.96909980773925,0.004300324276778955,0.019685663416632186
2020-07-10,92.87240600585938,95.91999816894531,95.9800033569336,94.70500183105469,95.33499908447266,90257200,90.50299911499023,83.62034973144532,72.17659980773925,0.0017492569203771957,0.015406161865106509
2020-07-13,92.44397735595703,95.47750091552734,99.95500183105469,95.25749969482422,97.26499938964844,191649200,91.0418743133545,84.06089981079101,72.37769981384277,-0.004613190803429701,0.015605941371617473
2020-07-14,93.97378540039062,97.05750274658203,97.25499725341797,93.87750244140625,94.83999633789062,170989200,91.60737457275391,84.55669982910156,72.58812482833862,0.016548420475024583,0.01572158203393978
2020-07-15,94.62008666992188,97.7249984741211,99.24749755859375,96.48999786376953,98.98999786376953,153198000,92.09262466430664,85.04539978027344,72.80322481155396,0.006877322295030686,0.014991873226064377
2020-07-16,93.45576477050781,96.52249908447266,97.40499877929688,95.90499877929688,96.5625,110577600,92.52387466430665,85.48804977416992,73.00587480545045,-0.012304931270650021,0.01544201511363887
2020-07-17,93.26697540283203,96.32749938964844,97.14749908447266,95.83999633789062,96.98750305175781,92186800,92.94362449645996,85.91144973754882,73.20677480697631,-0.0020202512022980956,0.015487736633452967
2020-07-20,95.23248291015625,98.35749816894531,98.5,96.0625,96.4175033569336,90318000,93.48999938964843,86.35989974975585,73.42486228942872,0.0210739279246257,0.015698099430424817
2020-07-21,93.91812133789062,97.0,99.25,96.74250030517578,99.17250061035156,103433200,93.8541244506836,86.7492497253418,73.63383728027344,-0.013801674444927303,0.015542253552132738
2020-07-22,94.18195343017578,97.27249908447266,97.9749984741211,96.60250091552734,96.69249725341797,89001600,94.13612442016601,87.11964965820313,73.83643728256226,0.0028092689120893244,0.014998212459141359
2020-07-23,89.8951187133789,92.84500122070312,97.07749938964844,92.01000213623047,96.99749755859375,197004400,94.27762451171876,87.41949966430664,74.01683729171754,-0.04551643995416055,0.018017462101081683
2020-07-24,89.67242431640625,92.61499786376953,92.97000122070312,89.1449966430664,90.98750305175781,185438800,94.34787445068359,87.73354965209961,74.19941228866577,-0.0024772831483609314,0.017828338466203655
2020-07-27,91.79769897460938,94.80999755859375,94.90499877929688,93.4800033569336,93.70999908447266,121214000,94.66799926757812,88.08204956054688,74.38967477798462,0.023700261787544585,0.01687235307052346
2020-07-28,90.28966522216797,93.25250244140625,94.55000305175781,93.24749755859375,94.36750030517578,103625600,94.80837440490723,88.40854965209961,74.56832479476928,-0.0164275409481468,0.01679111502303261
2020-07-29,92.02039337158203,95.04000091552734,95.2300033569336,93.7125015258789,93.75,90329200,95.00037460327148,88.73454971313477,74.74826229095459,0.01916837004180394,0.017187442710121886
2020-07-30,93.13385772705078,96.19000244140625,96.29750061035156,93.76750183105469,94.1875,158130000,95.25849990844726,89.0926496887207,74.93437480926514,0.01210018428872961,0.017296309916849568
2020-07-31,102.8839111328125,106.26000213623047,106.41500091552734,100.82499694824219,102.88500213623047,374336800,96.02012519836425,89.62169967651367,75.17152481079101,0.10468863124271488,0.028550537721448544
2020-08-03,105.47632598876953,108.9375,111.63749694824219,107.89250183105469,108.19999694824219,308151200,96.79387512207032,90.2161996459961,75.42324981689453,0.02519760784812375,0.028499336071689092
2020-08-04,106.18070983886719,109.66500091552734,110.79000091552734,108.38749694824219,109.13249969482422,173071600,97.61850013732911,90.81504959106445,75.67747482299805,0.006678149540124689,0.028381340251492918
2020-08-05,106.56558990478516,110.0625,110.39250183105469,108.89749908447266,109.37750244140625,121776800,98.35450019836426,91.43264953613281,75.93227481842041,0.0036246667683779155,0.02818379605111446
2020-08-06,110.28358459472656,113.90249633789062,114.4124984741211,109.79750061035156,110.40499877929688,202428800,99.26199989318847,92.12014953613281,76.20114980697632,0.03488923418867129,0.028819952835810864
2020-08-07,107.77619171142578,111.11250305175781,113.67500305175781,110.2925033569336,113.20500183105469,198045600,100.0216251373291,92.75114959716797,76.45676231384277,-0.02449457541173039,0.029754417711548194
2020-08-10,109.34272003173828,112.72750091552734,113.7750015258789,110.0,112.5999984741211,212403600,100.88412513732911,93.41599960327149,76.71642482757568,0.014534798689731954,0.02964233651118045
2020-08-11,106.09086608886719,109.375,112.48249816894531,109.10749816894531,111.97000122070312,187902400,101.5,93.9942495727539,76.95882482528687,-0.029739867275506704,0.030785775514180536
2020-08-12,109.61670684814453,113.01000213623047,113.2750015258789,110.29750061035156,110.49749755859375,165598000,102.26425018310547,94.63774963378906,77.2156498336792,0.03323430524553572,0.03136471153046457
2020-08-13,111.55667114257812,115.01000213623047,116.0425033569336,113.92749786376953,114.43000030517578,210082000,103.18862533569336,95.31234970092774,77.47938734054566,0.017697548554941767,0.031071355030121026
2020-08-14,111.45724487304688,114.90750122070312,115.0,113.04499816894531,114.83000183105469,165565200,104.1176254272461,95.9988996887207,77.7498123550415,-0.0008912347937002352,0.031050827957797178
2020-08-17,111.16625213623047,114.60749816894531,116.0875015258789,113.9625015258789,116.0625,119561600,104.9301254272461,96.6335496520996,78.01877485275268,-0.002610822170622251,0.03102989462380899
2020-08-18,112.09257507324219,115.5625,116.0,114.00749969482422,114.35250091552734,105633600,105.85825042724609,97.27749969482421,78.28563735961914,0.008332804103680092,0.030598677438696927
2020-08-19,112.23324584960938,115.7074966430664,117.1624984741211,115.61000061035156,115.98249816894531,145538000,106.78000030517578,97.87169967651367,78.5443998336792,0.0012547032390819446,0.030617801022724492
2020-08-20,114.72361755371094,118.2750015258789,118.39250183105469,115.73249816894531,115.75,126907200,108.05150032043457,98.4729997253418,78.8138998413086,0.02218961568871136,0.027875979093652616
2020-08-21,120.63563537597656,124.37000274658203,124.86750030517578,119.25,119.26249694824219,338054800,109.63925056457519,99.28089981079101,79.114337348938,0.05153245522782357,0.02894112600457781
2020-08-24,122.07845306396484,125.85749816894531,128.78500366210938,123.9375,128.69749450683594,345937600,111.19162559509277,100.10404983520507,79.42207485198975,0.011960242739515126,0.02887934146238765
2020-08-25,121.07696533203125,124.82499694824219,125.18000030517578,123.05249786376953,124.69750213623047,211495600,112.77025032043457,100.88559982299805,79.72191234588622,-0.00820373228234006,0.028469258826367812
2020-08-26,122.72348022460938,126.52249908447266,126.99250030517578,125.0824966430664,126.18000030517578,163022400,114.34437522888183,101.65564987182617,80.02934982299804,0.01359905610039247,0.028454162914962874
2020-08-27,121.25640106201172,125.01000213623047,127.48500061035156,123.8324966430664,127.14250183105469,155552400,115.78537521362304,102.39789993286132,80.3266498184204,-0.011954371429482857,0.02907494796679328
2020-08-28,121.05998992919922,124.80750274658203,126.44249725341797,124.57749938964844,126.01249694824219,187630000,116.71275024414062,103.13539993286133,80.62323734283447,-0.0016198655002642726,0.019769752257244373
2020-08-31,125.16539764404297,129.0399932861328,131.0,126.0,127.58000183105469,225702700,117.71787490844727,103.96759979248047,80.93784980773925,0.03391214827961697,0.02025282648469197
2020-09-01,130.1510772705078,134.17999267578125,134.8000030517578,130.52999877929688,132.75999450683594,151948100,118.94362449645996,104.85684967041016,81.28044975280761,0.039832607385921204,0.021403148919136975
2020-09-02,127.45450592041016,131.39999389648438,137.97999572753906,127.0,137.58999633789062,200119000,120.01049919128418,105.65219955444336,81.605249710083,-0.02071842995262474,0.022471482349740002
2020-09-03,117.25039672851562,120.87999725341797,128.83999633789062,120.5,126.91000366210938,257599600,120.35937423706055,106.26949951171875,81.8757746887207,-0.08006086097198728,0.029223952533905872
2020-09-04,117.32803344726562,120.95999908447266,123.69999694824219,110.88999938964844,120.06999969482422,332607200,120.85174903869628,106.86449951171875,82.14771217346191,0.0006618285313737537,0.0284928741508601
2020-09-08,109.43241882324219,112.81999969482422,118.98999786376953,112.68000030517578,113.94999694824219,231366600,120.85637397766114,107.35274948120117,82.38282466888428,-0.0672949690084228,0.03258037061536328
2020-09-09,113.79728698730469,117.31999969482422,119.13999938964844,115.26000213623047,117.26000213623047,176940500,121.25362396240234,107.89024948120117,82.64191215515137,0.039886545046732946,0.03289123894456204
2020-09-10,110.08230590820312,113.48999786376953,120.5,112.5,120.36000061035156,182274400,121.27762374877929,108.33604949951172,82.8821371459961,-0.03264577089172682,0.03311143021413933
2020-09-11,108.63705444335938,112.0,115.2300033569336,110.0,114.56999969482422,180860300,121.12712364196777,108.7554995727539,83.10917465209961,-0.01312889146018037,0.03299794813690011
2020-09-14,111.89616394042969,115.36000061035156,115.93000030517578,112.80000305175781,114.72000122070312,140150100,121.14974861145019,109.24214965820312,83.35561214447021,0.03000000544956749,0.03370869285002324
2020-09-15,112.07077026367188,115.54000091552734,118.83000183105469,113.61000061035156,118.33000183105469,184642000,121.1963737487793,109.6836996459961,83.59851215362549,0.0015603355081781345,0.03369973189498769
2020-09-16,108.76313781738281,112.12999725341797,116.0,112.04000091552734,115.2300033569336,154679000,121.02474861145019,110.06284957885742,83.82509963989258,-0.029513619829399818,0.034320499228532725
2020-09-17,107.02688598632812,110.33999633789062,112.19999694824219,108.70999908447266,109.72000122070312,178011000,120.75637359619141,110.36279953002929,84.04659961700439,-0.01596362221861003,0.034478208273274434
2020-09-18,103.63200378417969,106.83999633789062,110.87999725341797,106.08999633789062,110.4000015258789,287104900,120.18462333679199,110.58454940795899,84.25648708343506,-0.03172013880879665,0.034611190440478654
2020-09-21,106.77470397949219,110.08000183105469,110.19000244140625,103.0999984741211,104.54000091552734,195713800,119.47012329101562,110.86774948120117,84.47971210479736,0.030325773158183855,0.03309613138332425
2020-09-22,108.45272064208984,111.80999755859375,112.86000061035156,109.16000366210938,112.68000030517578,183055400,118.76774826049805,111.1943994140625,84.706787109375,0.015715803949514662,0.03321118798459141
2020-09-23,103.903564453125,107.12000274658203,112.11000061035156,106.7699966430664,111.62000274658203,150718700,117.88249855041504,111.3956494140625,84.90399963378906,-0.0419461131778841,0.03420508377831216
2020-09-24,104.97053527832031,108.22000122070312,110.25,105.0,105.16999816894531,167743300,116.96737365722656,111.60554946899414,85.11144962310792,0.010268842848365045,0.03410722063732169
2020-09-25,108.90864562988281,112.27999877929688,112.44000244140625,107.66999816894531,108.43000030517578,149981400,116.33087348937988,111.92069946289062,85.33724960327149,0.03751614778042578,0.03551078649581073
2020-09-28,111.50818634033203,114.95999908447266,115.31999969482422,112.77999877929688,115.01000213623047,137672400,115.83849830627442,112.29334945678711,85.57358711242676,0.023868902158110217,0.0360816985584448
2020-09-29,110.66429138183594,114.08999633789062,115.30999755859375,113.56999969482422,114.55000305175781,99382200,115.0909984588623,112.60799942016601,85.80471210479736,-0.007567873638749334,0.03499552456676544
2020-09-30,112.33263397216797,115.80999755859375,117.26000213623047,113.62000274658203,113.79000091552734,142675200,114.17249870300293,112.9841993713379,86.03982460021973,0.01507582852057543,0.03372055151289541
2020-10-01,113.2832260131836,116.79000091552734,117.72000122070312,115.83000183105469,117.63999938964844,116120400,113.44199905395507,113.37454940795898,86.27394962310791,0.008462165422616241,0.03371719767756608
2020-10-02,109.62643432617188,113.0199966430664,115.37000274658203,112.22000122070312,112.88999938964844,144712000,113.0489990234375,113.77804931640625,86.4885371017456,-0.032280197302059555,0.029582286306684306
2020-10-05,113.00192260742188,116.5,116.6500015258789,113.55000305175781,113.91000366210938,106243800,112.82599906921386,114.25574935913086,86.72136211395264,0.03079104105730912,0.030527208827060448
2020-10-06,109.76222229003906,113.16000366210938,116.12000274658203,112.25,115.69999694824219,161498200,112.84299926757812,114.62274948120117,86.93713714599609,-0.028669496462580435,0.027179190364232823
2020-10-07,111.62458038330078,115.08000183105469,115.55000305175781,114.12999725341797,114.62000274658203,96849000,112.73099937438965,115.05929946899414,87.16323715209961,0.016967109462795227,0.0258834857656363
2020-10-08,111.51786041259766,114.97000122070312,116.4000015258789,114.58999633789062,116.25,83477200,112.80499954223633,115.45789947509766,87.38308715820312,-0.0009558620837792908,0.024767258965075138
2020-10-09,113.45782470703125,116.97000122070312,117.0,114.91999816894531,115.27999877929688,100506900,113.05349960327149,115.8734994506836,87.61259967803954,0.017395842208966172,0.024795139104080627
2020-10-12,120.66472625732422,124.4000015258789,125.18000030517578,119.27999877929688,120.05999755859375,240226800,113.50549964904785,116.23629943847656,87.87221218109131,0.0635205627736688,0.027715186680136353
2020-10-13,117.46379089355469,121.0999984741211,125.38999938964844,119.6500015258789,125.2699966430664,262330500,113.78349952697754,116.47954940795898,88.1154621887207,-0.026527355396143704,0.028551919872206087
2020-10-14,117.5511245727539,121.19000244140625,123.02999877929688,119.62000274658203,121.0,150712000,114.23649978637695,116.71004943847656,88.35701221466064,0.000743220218160312,0.027536633464232952
2020-10-15,117.08551025390625,120.70999908447266,121.19999694824219,118.1500015258789,118.72000122070312,112559200,114.75499992370605,116.92299942016602,88.5934997177124,-0.00396075045188371,0.02720164006191967
2020-10-16,115.44625854492188,119.0199966430664,121.55000305175781,118.80999755859375,121.27999877929688,115393800,115.36399993896484,117.02534942626953,88.81316219329834,-0.014000517390639566,0.026218596621151682
2020-10-19,112.49755096435547,115.9800033569336,120.41999816894531,115.66000366210938,119.95999908447266,120639300,115.65900001525878,117.12269943237305,89.02127471923828,-0.025541870037600223,0.026436217985587478
2020-10-20,113.98161315917969,117.51000213623047,118.9800033569336,115.62999725341797,116.19999694824219,124423700,115.94400024414062,117.21834945678711,89.23407474517822,0.013191918736096486,0.026378001216541175
2020-10-21,113.3608169555664,116.87000274658203,118.70999908447266,116.44999694824219,116.66999816894531,89946000,116.43150024414062,117.36824951171874,89.44543724060058,-0.005446339698866431,0.024298660006299884
2020-10-22,112.27445220947266,115.75,118.04000091552734,114.58999633789062,117.44999694824219,101988000,116.80800018310546,117.42304946899414,89.64519973754882,-0.009583320957137431,0.024461665099709526
2020-10-23,111.58576202392578,115.04000091552734,116.55000305175781,114.27999877929688,116.38999938964844,82572600,116.946000289917,117.42364944458008,89.83336223602295,-0.006133901377733508,0.02319553820739444
2020-10-26,111.59548950195312,115.05000305175781,116.55000305175781,112.87999725341797,114.01000213623047,111850700,116.95050048828125,117.42649948120118,90.02069976806641,8.694485527538376e-05,0.02258833976612559
2020-10-27,113.09893035888672,116.5999984741211,117.27999877929688,114.54000091552734,115.48999786376953,92276800,117.07600059509278,117.46634948730468,90.20749977111817,0.01347236315731326,0.02269339417172608
2020-10-28,107.8610610961914,111.19999694824219,115.43000030517578,111.0999984741211,115.05000305175781,143937800,116.84550056457519,117.37909942626953,90.37264976501464,-0.046312192080151804,0.02479098328135196
2020-10-29,111.85733795166016,115.31999969482422,116.93000030517578,112.19999694824219,112.37000274658203,146129200,116.77200050354004,117.37134948730468,90.5600747680664,0.03705038542851469,0.026194569882443768
2020-10-30,105.59132385253906,108.86000061035156,111.98999786376953,107.72000122070312,111.05999755859375,190272600,116.56400070190429,117.18304946899414,90.71032478332519,-0.05601802897648289,0.028181824194642827
2020-11-02,105.50404357910156,108.7699966430664,110.68000030517578,107.31999969482422,109.11000061035156,122866900,116.17750053405761,116.87104934692383,90.85576225280762,-0.0008267863933540953,0.027142961829777514
2020-11-03,107.1238784790039,110.44000244140625,111.48999786376953,108.7300033569336,109.66000366210938,107624400,116.04150047302247,116.56269943237305,91.01224975585937,0.01535355198934174,0.026740380108816617
2020-11-04,111.49845886230469,114.94999694824219,115.58999633789062,112.3499984741211,114.13999938964844,138235500,116.03500022888184,116.36519943237305,91.1898747253418,0.04083660274481349,0.028077898849942183
2020-11-05,115.45597076416016,119.02999877929688,119.62000274658203,116.87000274658203,117.94999694824219,126387100,116.23800010681153,116.21534942626953,91.38598720550537,0.03549370978140831,0.029153257070383513
2020-11-06,115.32478332519531,118.69000244140625,119.19999694824219,116.12999725341797,118.31999969482422,114457900,116.32400016784668,116.08894943237304,91.58154972076416,-0.002856392013588449,0.028946446967167215
2020-11-09,113.02196502685547,116.31999969482422,121.98999786376953,116.05000305175781,120.5,154515300,115.92000007629395,115.9191993713379,91.7769622039795,-0.019968006553475526,0.02526030762289871
2020-11-10,112.68191528320312,115.97000122070312,117.58999633789062,114.12999725341797,115.55000305175781,138023400,115.66350021362305,115.6577995300293,91.95969970703125,-0.003008927742772949,0.024649772209593784
2020-11-11,116.10208892822266,119.48999786376953,119.62999725341797,116.44000244140625,117.19000244140625,112295000,115.57849998474121,115.36399963378906,92.15172470092773,0.03035264815051164,0.025682609573964205
2020-11-12,115.83003997802734,119.20999908447266,120.52999877929688,118.56999969482422,119.62000274658203,103162300,115.50349998474121,115.12019973754883,92.34293720245361,-0.0023432821516667923,0.025673321763095818
2020-11-13,115.8786392211914,119.26000213623047,119.66999816894531,117.87000274658203,119.44000244140625,81581900,115.51550025939942,115.08779983520508,92.55234970092773,0.00041945350341277,0.02547028887472706
2020-11-16,116.88912963867188,120.30000305175781,120.98999786376953,118.1500015258789,118.91999816894531,91183000,115.73150024414062,115.07459991455079,92.76802471160889,0.008720450250699674,0.02477560546596364
2020-11-17,116.00494384765625,119.38999938964844,120.66999816894531,118.95999908447266,119.55000305175781,74271000,115.82550010681152,115.20599990844727,92.96641220092773,-0.0075644525272193786,0.02472225675630019
2020-11-18,114.6834945678711,118.02999877929688,119.81999969482422,118.0,118.61000061035156,76322100,115.88349990844726,115.22019989013671,93.15474967956543,-0.011391243967704412,0.02484039084261962
2020-11-19,115.2762222290039,118.63999938964844,119.05999755859375,116.80999755859375,117.58999633789062,74113000,116.02799987792969,115.3231999206543,93.34143718719483,0.005168182806577715,0.024734982483456187
2020-11-20,114.0130844116211,117.33999633789062,118.7699966430664,117.29000091552734,118.63999938964844,73604300,116.14299964904785,115.4299998474121,93.52809967041016,-0.010957544322705348,0.024836914979115103
2020-11-23,110.62201690673828,113.8499984741211,117.62000274658203,113.75,117.18000030517578,127959300,116.08299942016602,115.3997998046875,93.69541217803955,-0.02974261098253128,0.025790026566863026
2020-11-24,111.90460968017578,115.16999816894531,115.8499984741211,112.58999633789062,113.91000366210938,113874200,116.01149940490723,115.39239974975585,93.87174968719482,0.011594200373434838,0.025740971103155957
2020-11-25,112.74020385742188,116.02999877929688,116.75,115.16999816894531,115.55000305175781,76499200,116.25299949645996,115.47039978027344,94.04289966583252,0.007467227785225905,0.023382351082750538
2020-11-27,113.28433227539062,116.58999633789062,117.48999786376953,116.22000122070312,116.56999969482422,46691300,116.31649932861328,115.59539978027344,94.21976215362548,0.0048263170256421795,0.021933582837705957
2020-11-30,115.67459106445312,119.05000305175781,120.97000122070312,116.80999755859375,116.97000122070312,169410200,116.8259994506836,115.83959991455077,94.40882465362549,0.021099637971836005,0.017815458144213835
2020-12-01,119.24053955078125,122.72000122070312,123.47000122070312,120.01000213623047,121.01000213623047,127728200,117.52349967956543,116.09239990234374,94.623674659729,0.030827367281542672,0.01868945164437796
2020-12-02,119.59032440185547,123.08000183105469,123.37000274658203,120.88999938964844,122.0199966430664,89004200,118.15549964904785,116.31779998779297,94.8345496749878,0.0029335121151452537,0.018575864377538664
2020-12-03,119.45427703857422,122.94000244140625,123.77999877929688,122.20999908447266,123.5199966430664,78967600,118.55499992370605,116.63419998168945,95.04887470245362,-0.0011374665873064016,0.016656728019270928
2020-12-04,118.78385925292969,122.25,122.86000061035156,121.5199966430664,122.5999984741211,78260400,118.71599998474122,116.91479995727539,95.26881221771241,-0.005612513646525374,0.014949323557625266
2020-12-07,120.24134063720703,123.75,124.56999969482422,122.25,122.30999755859375,86712000,118.9689998626709,117.14419998168945,95.51483722686767,0.012269938650306678,0.015102302619837584
2020-12-08,120.85346984863281,124.37999725341797,124.9800033569336,123.08999633789062,124.37000274658203,82225500,119.37199974060059,117.33259994506835,95.77663722991943,0.005090886896306879,0.014177760027089372
2020-12-09,118.32718658447266,121.77999877929688,125.94999694824219,121.0,124.52999877929688,115089200,119.66249961853028,117.48639999389648,96.01972473144531,-0.020903670457748325,0.015138939363966137
2020-12-10,119.74578094482422,123.23999786376953,123.87000274658203,120.1500015258789,120.5,81312200,119.84999961853028,117.635,96.29402473449707,0.011988824922872787,0.013867834450606463
2020-12-11,118.93932342529297,122.41000366210938,122.76000213623047,120.55000305175781,122.43000030517578,86939800,120.0099998474121,117.74740005493165,96.56437477111817,-0.00673477942264844,0.01396858392449358
2020-12-14,118.32718658447266,121.77999877929688,123.3499984741211,121.54000091552734,122.5999984741211,79184500,120.13599967956543,117.92260009765624,96.7997622680664,-0.005146678081568545,0.014044768961584493
2020-12-15,124.25422668457031,127.87999725341797,127.9000015258789,124.12999725341797,124.33999633789062,157243700,120.51499938964844,118.1502000427246,97.07751224517823,0.050090314791152,0.01777190307073803
2020-12-16,124.18620300292969,127.80999755859375,128.3699951171875,126.55999755859375,127.41000366210938,98208600,120.93599929809571,118.4431999206543,97.33813724517822,-0.0005473858017489563,0.01761662139693566
2020-12-17,125.05098724365234,128.6999969482422,129.5800018310547,128.0399932861328,128.89999389648438,94359800,121.46949920654296,118.71559982299804,97.61548721313477,0.006963456745552543,0.017271504975143123
2020-12-18,123.0688247680664,126.66000366210938,129.10000610351562,126.12000274658203,128.9600067138672,192541500,121.87049942016601,118.94939987182617,97.8874997329712,-0.015850764059871847,0.017856794965436996
2020-12-21,124.59429931640625,128.22999572753906,128.30999755859375,123.44999694824219,125.0199966430664,121251600,122.41499938964844,119.1745997619629,98.19593719482423,0.012395326227985448,0.017628828180181924
2020-12-22,128.14077758789062,131.8800048828125,134.41000366210938,129.64999389648438,131.61000061035156,168904800,123.31649971008301,119.32419982910156,98.49866222381591,0.028464550236973585,0.016425564594134166
2020-12-23,127.24689483642578,130.9600067138672,132.42999267578125,130.77999877929688,132.16000366210938,88223700,124.1060001373291,119.52139999389648,98.80917476654052,-0.006976024680639181,0.016704679196001587
2020-12-24,128.22830200195312,131.97000122070312,133.4600067138672,131.10000610351562,131.32000732421875,54930100,124.90300025939942,119.73699996948243,99.15873727798461,0.007712236217600754,0.01670545746031087
2020-12-28,132.81443786621094,136.69000244140625,137.33999633789062,133.50999450683594,133.99000549316406,124486200,125.90800056457519,120.05660003662109,99.49472478866578,0.035765713245766495,0.01792200701293947
2020-12-29,131.04603576660156,134.8699951171875,138.7899932861328,134.33999633789062,138.0500030517578,121047300,126.69900016784668,120.37360000610352,99.86631225585937,-0.013314853257091142,0.018260597511232983
2020-12-30,129.92864990234375,133.72000122070312,135.99000549316406,133.39999389648438,135.5800018310547,96452100,127.24900016784667,120.7283999633789,100.21883726119995,-0.008526684497060733,0.01759979901891645
2020-12-31,128.9278106689453,132.69000244140625,134.74000549316406,131.72000122070312,134.0800018310547,99116600,127.72950019836426,121.03199996948243,100.5739497756958,-0.007702653080273847,0.017807383930264473
2021-01-04,125.74085235595703,129.41000366210938,133.61000061035156,126.76000213623047,133.52000427246094,143301900,128.05300025939943,121.28279998779297,100.91502479553223,-0.024719260825586842,0.018906299589994856
2021-01-05,127.29549407958984,131.00999450683594,131.74000549316406,128.42999267578125,128.88999938964844,97664900,128.49099998474122,121.58799987792969,101.28352476119996,0.01236373386484213,0.018915850534683466
2021-01-06,123.01053619384766,126.5999984741211,131.0500030517578,126.37999725341797,127.72000122070312,155088000,128.63349990844728,121.81919982910156,101.63606225967408,-0.0336615236823381,0.02053146564381544
2021-01-07,127.2080078125,130.9199981689453,131.6300048828125,127.86000061035156,128.36000061035156,109578200,128.96049995422362,122.13659973144532,101.98206224441529,0.03412322074954277,0.021798056501674812
2021-01-08,128.30601501464844,132.0500030517578,132.6300048828125,130.22999572753906,132.42999267578125,105158200,129.47400016784667,122.44559982299805,102.33541225433349,0.008631262592551314,0.0210976610198792
2021-01-11,125.32303619384766,128.97999572753906,130.1699981689453,128.5,129.19000244140625,100384500,129.76100006103516,122.80119979858398,102.65726222991944,-0.023248824333729434,0.02187578174568435
2021-01-12,125.14813995361328,128.8000030517578,129.69000244140625,126.86000061035156,128.5,91951100,130.08050003051758,123.07079986572266,102.99158723831177,-0.0013955084644402538,0.021789510077062892
2021-01-13,127.17888641357422,130.88999938964844,131.4499969482422,128.49000549316406,128.75999450683594,88636800,130.53600006103517,123.51139984130859,103.32752473831177,0.016226679257536736,0.021904574908076065
2021-01-14,125.25503540039062,128.91000366210938,131.0,128.75999450683594,130.8000030517578,90221800,130.58750038146974,123.91419998168945,103.65421226501465,-0.015127173479807188,0.019364030776004754
2021-01-15,123.53521728515625,127.13999938964844,130.22000122070312,127.0,128.77999877929688,111598500,130.55400047302246,124.2481999206543,103.98877475738526,-0.013730542410815172,0.01962697746789451
2021-01-19,124.20565032958984,127.83000183105469,128.7100067138672,126.94000244140625,127.77999877929688,90757300,130.5105007171631,124.50580001831055,104.3217622756958,0.005427107477730786,0.019600947083157433
2021-01-20,128.2865753173828,132.02999877929688,132.49000549316406,128.5500030517578,128.66000366210938,104319500,130.77900047302245,124.76580001831054,104.68014976501465,0.0328561127128284,0.020551243005589297
2021-01-21,132.98931884765625,136.8699951171875,139.6699981689453,133.58999633789062,133.8000030517578,120150900,131.21100044250488,125.12939987182617,105.0364122390747,0.03665830782882318,0.021854689769642027
2021-01-22,135.126953125,139.07000732421875,139.85000610351562,135.02000427246094,136.27999877929688,114459400,131.57050056457518,125.58440002441407,105.40747478485108,0.016073736286376095,0.02127748939150074
2021-01-25,138.86778259277344,142.9199981689453,145.08999633789062,136.5399932861328,143.07000732421875,157611700,132.1685001373291,126.1233999633789,105.78948726654053,0.027683832904034755,0.02183731094101383
2021-01-26,139.10101318359375,143.16000366210938,144.3000030517578,141.3699951171875,143.60000610351562,98390600,132.7280002593994,126.5968000793457,106.1702997970581,0.0016792995818566414,0.021833794132379274
2021-01-27,138.0321807861328,142.05999755859375,144.3000030517578,140.41000366210938,143.42999267578125,140843800,132.9965000152588,127.05380004882812,106.53903728485108,-0.007683752971338942,0.020669036705203387
2021-01-28,133.20310974121094,137.08999633789062,141.99000549316406,136.6999969482422,139.52000427246094,142621100,133.10750007629395,127.41039993286132,106.86567478179931,-0.03498522670784365,0.022043636053179556
2021-01-29,128.2185516357422,131.9600067138672,136.74000549316406,130.2100067138672,135.8300018310547,177523800,133.01950035095214,127.64360000610351,107.16993732452393,-0.037420597863168426,0.02359625287924534
2021-02-01,130.33676147460938,134.13999938964844,135.3800048828125,130.92999267578125,133.75,106239800,133.09200019836425,127.93860000610351,107.48227481842041,0.01652010127968695,0.023822133690473948
2021-02-02,131.16265869140625,134.99000549316406,136.30999755859375,134.61000061035156,135.72999572753906,83305400,133.371000289917,128.27780014038086,107.80372486114501,0.0063367087176327,0.023070537442057018
2021-02-03,130.14242553710938,133.94000244140625,135.77000427246094,133.61000061035156,135.75999450683594,89880900,133.51750068664552,128.583800201416,108.12726238250733,-0.007778376242906226,0.023050775442923308
2021-02-04,133.49456787109375,137.38999938964844,137.39999389648438,134.58999633789062,136.3000030517578,84183100,134.05700073242187,128.98480026245116,108.47874988555908,0.025757778746879012,0.02210945093706202
2021-02-05,133.08102416992188,136.75999450683594,137.4199981689453,135.86000061035156,137.35000610351562,75693800,134.3490005493164,129.44300018310548,108.81742485046387,-0.004585522131241526,0.02103215187182919
2021-02-08,133.22698974609375,136.91000366210938,136.9600067138672,134.9199981689453,136.02999877929688,71297200,134.59200057983398,129.87780029296874,109.1581873703003,0.0010968789214593766,0.02098198371467991
2021-02-09,132.3511962890625,136.00999450683594,137.8800048828125,135.85000610351562,136.6199951171875,76774200,134.94350051879883,130.27740020751952,109.4845248413086,-0.006573728224378961,0.020243426369722352
2021-02-10,131.7478790283203,135.38999938964844,136.99000549316406,134.39999389648438,136.47999572753906,73046600,135.27300033569335,130.6534002685547,109.80751232147217,-0.004558452630158305,0.02029065373780827
2021-02-11,131.494873046875,135.1300048828125,136.38999938964844,133.77000427246094,135.89999389648438,64280000,135.48500061035156,130.97500030517577,110.1349373626709,-0.0019203376025409558,0.020058050691247702
2021-02-12,131.72840881347656,135.3699951171875,135.52999877929688,133.69000244140625,134.35000610351562,60145100,135.80800018310546,131.22800018310548,110.45212482452392,0.0017759951580194056,0.019660046257405372
2021-02-16,129.6071014404297,133.19000244140625,136.00999450683594,132.7899932861328,135.49000549316406,80576300,136.11050033569336,131.4302001953125,110.75082485198975,-0.016103957704172722,0.019770858520116116
2021-02-17,127.32022857666016,130.83999633789062,132.22000122070312,129.47000122070312,131.25,97918500,136.26100006103516,131.58820007324218,111.04368732452393,-0.017644012767020212,0.020258903118704326
2021-02-18,126.22065734863281,129.7100067138672,130.0,127.41000366210938,129.1999969482422,96856700,136.14500045776367,131.73740020751953,111.32578735351562,-0.008636423537534132,0.018945654513295208
2021-02-19,126.37635803222656,129.8699951171875,130.7100067138672,128.8000030517578,130.24000549316406,87668800,135.79500045776368,131.85980010986327,111.60318733215333,0.0012334314627955312,0.016802376675620484
2021-02-22,122.61048126220703,126.0,129.72000122070312,125.5999984741211,128.00999450683594,103916400,135.14150009155273,131.89220016479493,111.8573998260498,-0.029798993321709433,0.017260145587482834
2021-02-23,122.4742431640625,125.86000061035156,126.70999908447266,118.38999938964844,123.76000213623047,158273000,134.28850021362305,131.97380020141603,112.1070248413086,-0.0011111062670511318,0.015523203984828147
2021-02-24,121.97795867919922,125.3499984741211,125.55999755859375,122.2300033569336,124.94000244140625,111039900,133.39799995422362,132.01600021362304,112.34611232757568,-0.004052138358153767,0.0154222761473635
2021-02-25,117.73527526855469,120.98999786376953,126.45999908447266,120.54000091552734,124.68000030517578,148199500,132.34449996948243,131.98760009765624,112.5572998046875,-0.0347826139882379,0.01667098964700953
2021-02-26,117.99799346923828,121.26000213623047,124.8499984741211,121.19999694824219,122.58999633789062,164560400,131.55300025939943,131.9772001647949,112.77433731079101,0.002231624739467808,0.015521526889226511
2021-03-01,124.3523178100586,127.79000091552734,127.93000030517578,122.79000091552734,123.75,116307900,131.34449996948243,131.9754002380371,113.02872482299804,0.05385121774911972,0.018856732211729663
2021-03-02,121.75416564941406,125.12000274658203,128.72000122070312,125.01000213623047,128.41000366210938,102260900,130.8935001373291,131.92160034179688,113.26739982604981,-0.02089363917220921,0.018837333258137762
2021-03-03,118.77648162841797,122.05999755859375,125.70999908447266,121.83999633789062,124.80999755859375,112966300,130.2469997406006,131.7888003540039,113.49306232452392,-0.024456562666370862,0.019261224648412775
2021-03-04,116.89839172363281,120.12999725341797,123.5999984741211,118.62000274658203,121.75,178155000,129.55649948120117,131.6582002258301,113.70001232147217,-0.015811898605432195,0.01940876457552894
2021-03-05,118.1536865234375,121.41999816894531,121.94000244140625,117.56999969482422,120.9800033569336,153766600,128.75799942016602,131.5220002746582,113.91568729400635,0.01073837463598748,0.018410803041531903
2021-03-08,113.22978973388672,116.36000061035156,121.0,116.20999908447266,120.93000030517578,154376600,127.7379997253418,131.21160018920898,114.0984497833252,-0.04167351041756073,0.02005520203393026
2021-03-09,117.83255767822266,121.08999633789062,122.05999755859375,118.79000091552734,119.02999877929688,129525800,126.94699935913086,131.01419998168944,114.30783725738526,0.04064967087253768,0.022753041555695283
2021-03-10,116.7524185180664,119.9800033569336,122.16999816894531,119.44999694824219,121.69000244140625,111943300,126.14549980163574,130.77440002441406,114.50912475585938,-0.009166677797724065,0.022764605772128924
2021-03-11,118.67913818359375,121.95999908447266,123.20999908447266,121.26000213623047,122.54000091552734,103026500,125.47399978637695,130.4797999572754,114.72301223754883,0.016502714386902317,0.023315578164883277
2021-03-12,117.7741928100586,121.02999877929688,121.16999816894531,119.16000366210938,120.4000015258789,88105100,124.76899948120118,130.2030000305176,114.93052474975586,-0.007625453527034254,0.02331141579637238
2021-03-15,120.65454864501953,123.98999786376953,124.0,120.41999816894531,121.41000366210938,92403800,124.19999961853027,130.0083999633789,115.1526622390747,0.0244567389434609,0.02420516720437252
2021-03-16,122.19203186035156,125.56999969482422,127.22000122070312,124.72000122070312,125.69999694824219,115227900,123.81899948120117,129.86599990844726,115.38308723449707,0.012742978129499427,0.02431175240224323
2021-03-17,121.40381622314453,124.76000213623047,125.86000061035156,122.33999633789062,124.05000305175781,111932600,123.51499977111817,129.7729998779297,115.60457473754883,-0.006450565903976302,0.024076413096034803
2021-03-18,117.28763580322266,120.52999877929688,123.18000030517578,120.31999969482422,122.87999725341797,121229700,123.05599937438964,129.5633999633789,115.80304973602296,-0.033905124114334995,0.025079433709345237
2021-03-19,116.76211547851562,119.98999786376953,121.43000030517578,119.68000030517578,119.9000015258789,185549500,122.56199951171875,129.43119995117186,115.99659973144531,-0.004480220036475302,0.02505681487115031
2021-03-22,120.07067108154297,123.38999938964844,123.87000274658203,120.26000213623047,120.33000183105469,111912300,122.43149948120117,129.28059997558594,116.21064971923828,0.028335707862409354,0.025235285952726238
2021-03-23,119.2435531616211,122.54000091552734,124.23999786376953,122.13999938964844,123.33000183105469,95467100,122.26549949645997,129.09039993286132,116.40897472381592,-0.006888714468965329,0.02527273896564226
2021-03-24,116.85945892333984,120.08999633789062,122.9000015258789,120.06999969482422,122.81999969482422,88530500,122.00249938964843,128.91259994506837,116.59259971618653,-0.019993508726392273,0.025621912754980956
2021-03-25,117.34600830078125,120.58999633789062,121.66000366210938,119.0,119.54000091552734,98844700,121.9824993133545,128.74839981079103,116.765562210083,0.0041635441356262515,0.024438375010253477
2021-03-26,117.94931030273438,121.20999908447266,121.4800033569336,118.91999816894531,120.3499984741211,94071200,121.9799991607666,128.5547998046875,116.93056221008301,0.005141411107143501,0.0244602824005923
2021-03-29,118.12451171875,121.38999938964844,122.58000183105469,120.7300033569336,121.6500015258789,80819200,121.65999908447266,128.40439971923828,117.11763721466065,0.0014850285169158983,0.020976635019230735
2021-03-30,116.67456817626953,119.9000015258789,120.4000015258789,118.86000061035156,120.11000061035156,85671900,121.3989990234375,128.2595997619629,117.29363723754882,-0.012274469653688724,0.020661929081994594
2021-03-31,118.86405944824219,122.1500015258789,123.5199966430664,121.1500015258789,121.6500015258789,118323800,121.40349922180175,128.14599975585938,117.47564975738526,0.018765637792876655,0.02044049096189973
2021-04-01,119.69119262695312,123.0,124.18000030517578,122.48999786376953,123.66000366210938,75089100,121.54699935913087,127.96539978027344,117.65054977416992,0.006958644809685222,0.02013142705379686
2021-04-05,122.51318359375,125.9000015258789,126.16000366210938,123.06999969482422,123.87000274658203,88651200,121.77099952697753,127.74599990844726,117.84056228637695,0.02357724817787732,0.020643924555360543
2021-04-06,122.81481170654297,126.20999908447266,127.12999725341797,125.6500015258789,126.5,80171300,122.2634994506836,127.48879974365235,118.03194976806641,0.002462252222689809,0.01790513536475677
2021-04-07,124.45935821533203,127.9000015258789,127.91999816894531,125.13999938964844,125.83000183105469,83466700,122.603999710083,127.18839981079101,118.23429977416993,0.013390400551981152,0.01591302091930834
2021-04-08,126.85321044921875,130.36000061035156,130.38999938964844,128.52000427246094,128.9499969482422,88844600,123.12299957275391,126.93239974975586,118.43751228332519,0.019233769000189582,0.016049917885938802
2021-04-09,129.42218017578125,133.0,133.0399932861328,129.47000122070312,129.8000030517578,106686700,123.67499961853028,126.75119979858398,118.64434978485107,0.020251606146730827,0.016221157249571874
2021-04-12,127.70948791503906,131.24000549316406,132.85000610351562,130.6300048828125,132.52000427246094,91420000,124.18549995422363,126.63419998168945,118.85047481536866,-0.013233041404781432,0.016487457057944358
2021-04-13,130.81365966796875,134.42999267578125,134.66000366210938,131.92999267578125,132.44000244140625,91266500,124.70749969482422,126.68359970092773,119.0665747833252,0.024306515156183428,0.016477768115458077
2021-04-14,128.478271484375,132.02999877929688,135.0,131.66000366210938,134.94000244140625,87222800,125.03049964904785,126.6413996887207,119.28468727111816,-0.017853113347054084,0.0170511831601016
2021-04-15,130.8817901611328,134.5,135.0,133.63999938964844,133.82000732421875,89347100,125.51749954223632,126.63159957885742,119.50496227264404,0.018707878842231906,0.017271088548404635
2021-04-16,130.5509796142578,134.16000366210938,134.6699981689453,133.27999877929688,134.3000030517578,84922400,126.19899978637696,126.63599960327149,119.71976230621338,-0.002527853813313219,0.014920680662532918
2021-04-19,131.21266174316406,134.83999633789062,135.47000122070312,133.33999633789062,133.50999450683594,94264200,126.94149971008301,126.58499954223633,119.93882480621338,0.005068520104500429,0.014736956745980748
2021-04-20,129.5292205810547,133.11000061035156,135.52999877929688,131.80999755859375,135.02000427246094,94812300,127.42749977111816,126.51199966430664,120.14923732757569,-0.012829989428388311,0.014315130429717054
2021-04-21,129.9087371826172,133.5,133.75,131.3000030517578,132.36000061035156,68847100,127.97549972534179,126.44379959106445,120.3494248199463,0.002929902996470446,0.014092452860523444
2021-04-22,128.3907012939453,131.94000244140625,134.14999389648438,131.41000366210938,133.0399932861328,84566500,128.56800003051757,126.36239974975587,120.54326232910157,-0.011685374970739737,0.013443480305551328
2021-04-23,130.70668029785156,134.32000732421875,135.1199951171875,132.16000366210938,132.16000366210938,78657500,129.25450057983397,126.34099990844726,120.73814987182617,0.01803853902359487,0.013763014347776931
2021-04-26,131.0959014892578,134.72000122070312,135.05999755859375,133.55999755859375,134.8300018310547,66905100,129.9300006866455,126.33279983520508,120.93298736572265,0.002977917470767144,0.01377444292922548
2021-04-27,130.77479553222656,134.38999938964844,135.41000366210938,134.11000061035156,135.00999450683594,66015800,130.58000068664552,126.3131999206543,121.12533737182618,-0.002449538509980198,0.013860937420649965
2021-04-28,129.986572265625,133.5800018310547,135.02000427246094,133.0800018310547,134.30999755859375,107760100,131.2640007019043,126.32099990844726,121.3158498764038,-0.0060272160300057775,0.01351265159797168
2021-04-29,129.88922119140625,133.47999572753906,137.07000732421875,132.4499969482422,136.47000122070312,151101000,131.83050041198732,126.37379989624023,121.4979623413086,-0.0007486607437100501,0.013205648507614841
2021-04-30,127.92356872558594,131.4600067138672,133.55999755859375,131.07000732421875,131.77999877929688,109839500,132.25350074768068,126.40879989624024,121.66663738250732,-0.015133271488823707,0.013897412119757991
2021-05-03,128.9745635986328,132.5399932861328,134.07000732421875,131.8300018310547,132.0399932861328,75135100,132.58550033569335,126.46219985961915,121.84672485351562,0.008215324183090233,0.013128095690698394
2021-05-04,124.41071319580078,127.8499984741211,131.49000549316406,126.69999694824219,131.19000244140625,137564700,132.6675003051758,126.49919982910156,122.004337348938,-0.035385506636376296,0.015644051866301332
2021-05-05,124.65398406982422,128.10000610351562,130.4499969482422,127.97000122070312,129.1999969482422,84000900,132.67750053405763,126.54399993896484,122.15304988861084,0.0019554762016296134,0.015364704274104394
2021-05-06,126.2498779296875,129.74000549316406,129.75,127.12999725341797,127.88999938964844,78128300,132.64650077819823,126.63180007934571,122.31674991607666,0.01280249267375666,0.015008345084376599
2021-05-07,126.92244720458984,130.2100067138672,131.25999450683594,129.47999572753906,130.85000610351562,78973300,132.5070011138916,126.81620025634766,122.48143745422364,0.003622639130594907,0.014261785663415964
2021-05-10,123.64728546142578,126.8499984741211,129.5399932861328,126.80999755859375,129.41000366210938,88071200,132.28750076293946,126.92800018310547,122.65146244049072,-0.025804531652698692,0.01508438085321495
2021-05-11,122.73101806640625,125.91000366210938,126.2699966430664,122.7699966430664,123.5,126142800,131.86150131225585,126.8904002380371,122.81793746948242,-0.007410286348592199,0.013833821767725478
2021-05-12,119.6702880859375,122.7699966430664,124.63999938964844,122.25,123.4000015258789,112172300,131.39850120544435,126.8434001159668,122.95773746490478,-0.02493850311901713,0.014311910422479604
2021-05-13,121.81473541259766,124.97000122070312,126.1500015258789,124.26000213623047,124.58000183105469,105861300,130.9220012664795,126.90160018920898,123.11632495880127,0.017919724996269926,0.014248396898399945
2021-05-14,124.23213958740234,127.44999694824219,127.88999938964844,125.8499984741211,126.25,81918000,130.58650093078614,127.04800018310547,123.27837493896484,0.019844728361323005,0.0151821902140423
2021-05-17,123.0819091796875,126.2699966430664,126.93000030517578,125.16999816894531,126.81999969482422,74244600,130.15800094604492,127.1450001525879,123.42877490997314,-0.009258535374112142,0.015146634137440208
2021-05-18,121.6977767944336,124.8499984741211,126.98999786376953,124.77999877929688,126.55999755859375,63342900,129.7450008392334,127.31480010986328,123.5217248916626,-0.011245729046459818,0.015097509206723482
2021-05-19,121.54183197021484,124.69000244140625,124.91999816894531,122.86000061035156,123.16000366210938,92612000,129.30450096130372,127.38680023193359,123.60048740386964,-0.0012815060846637083,0.01503839607059939
2021-05-20,124.09565734863281,127.30999755859375,127.72000122070312,125.0999984741211,125.2300033569336,76857100,129.0730007171631,127.5334001159668,123.68871238708496,0.021012070461853494,0.015834993107924727
2021-05-21,122.26313018798828,125.43000030517578,128.0,125.20999908447266,127.81999969482422,79295400,128.62850036621094,127.60280014038086,123.76554988861083,-0.014767082628783457,0.015379131909745502
2021-05-24,123.89097595214844,127.0999984741211,127.94000244140625,125.94000244140625,126.01000213623047,63092900,128.24750022888185,127.72420013427734,123.83153739929199,0.01331418452429367,0.015770085910916436
2021-05-25,123.69600677490234,126.9000015258789,128.32000732421875,126.31999969482422,127.81999969482422,72009500,127.87300033569336,127.78240020751953,123.9104748916626,-0.0015735401309459052,0.015772292323377447
2021-05-26,123.64728546142578,126.8499984741211,127.38999938964844,126.41999816894531,126.95999908447266,56575900,127.53650016784668,127.80800018310546,123.98108737945557,-0.0003940350760958111,0.015760876683059852
2021-05-27,122.11691284179688,125.27999877929688,127.63999938964844,125.08000183105469,126.44000244140625,94625600,127.12650032043457,127.8184001159668,124.06061237335206,-0.012376820762394547,0.01590810776437161
2021-05-28,121.46383666992188,124.61000061035156,125.80000305175781,124.55000305175781,125.56999969482422,71311100,126.78400001525878,127.9000001525879,124.11861236572265,-0.005348005870638883,0.015665353989389764
2021-06-01,121.14216613769531,124.27999877929688,125.3499984741211,123.94000244140625,125.08000183105469,67637100,126.37100028991699,127.98580017089844,124.16496234893799,-0.002648277260559384,0.015459239616967017
2021-06-02,121.90248107910156,125.05999755859375,125.23999786376953,124.05000305175781,124.27999877929688,59278900,126.23150024414062,128.01920013427736,124.21572483062744,0.006276140867059743,0.013571225049832013
2021-06-03,120.42085266113281,123.54000091552734,124.8499984741211,123.12999725341797,124.68000030517578,76229200,126.00349998474121,128.03920013427734,124.26038734436035,-0.012154139395007202,0.013773904244734328
2021-06-04,122.71151733398438,125.88999938964844,126.16000366210938,123.8499984741211,124.06999969482422,75169300,125.81099967956543,128.1552001953125,124.3120248413086,0.019022166559055975,0.014183189442855446
2021-06-07,122.72127532958984,125.9000015258789,126.31999969482422,124.83000183105469,126.16999816894531,71057600,125.59549942016602,128.26140029907228,124.36298736572266,7.945139629006448e-05,0.014139086307008681
2021-06-08,123.54006958007812,126.73999786376953,128.4600067138672,126.20999908447266,126.5999984741211,74403800,125.58999938964844,128.3720002746582,124.4053123474121,0.006671932706195927,0.013032999188933312
2021-06-09,123.92021179199219,127.12999725341797,127.75,126.5199966430664,127.20999908447266,56877900,125.65099906921387,128.4868002319336,124.4191123199463,0.003077161087438496,0.012928140128254315
2021-06-10,122.92596435546875,126.11000061035156,128.19000244140625,125.94000244140625,127.0199966430664,71186400,125.81799926757813,128.61100021362304,124.42037483215331,-0.008023257021182562,0.011663570384218955
2021-06-11,124.13465881347656,127.3499984741211,127.44000244140625,126.0999984741211,126.52999877929688,53522400,125.93699913024902,128.7150001525879,124.43299983978271,0.009832668763525065,0.011191622230878348
2021-06-14,127.18560791015625,130.47999572753906,130.5399932861328,127.06999969482422,127.81999969482422,96906500,126.08849906921387,128.86460006713867,124.45278732299805,0.024577913552578545,0.01165161300090213
2021-06-15,126.36683654785156,129.63999938964844,130.60000610351562,129.38999938964844,129.94000244140625,62746300,126.25699920654297,128.93940002441406,124.47593730926513,-0.006437740384699686,0.01153432925302332
2021-06-16,126.86394500732422,130.14999389648438,130.88999938964844,128.4600067138672,130.3699951171875,91815000,126.52199897766113,129.0181999206543,124.50264976501465,0.003933928642679829,0.011152875754406363
2021-06-17,128.4625701904297,131.7899932861328,132.5500030517578,129.64999389648438,129.8000030517578,96721700,126.87699851989746,129.09599975585937,124.51639976501465,0.012600841079968284,0.011358840862332333
2021-06-18,127.16613006591797,130.4600067138672,131.50999450683594,130.24000549316406,130.7100067138672,108953300,127.03449897766113,129.09799987792968,124.49779983520507,-0.010091711359132227,0.010857177467367883
2021-06-21,128.9596710205078,132.3000030517578,132.41000366210938,129.2100067138672,130.3000030517578,79663300,127.37799911499023,129.08399993896484,124.50229988098144,0.014103911108376721,0.010525748744082849
2021-06-22,130.5972442626953,133.97999572753906,134.0800018310547,131.6199951171875,132.1300048828125,74783600,127.72199897766113,129.13879974365236,124.56779987335204,0.012698357044814257,0.010493985448649764
2021-06-23,130.3243408203125,133.6999969482422,134.32000732421875,133.22999572753906,133.77000427246094,60214200,128.0619987487793,129.12419982910157,124.63149986267089,-0.002089855114387973,0.010505658084500585
2021-06-24,130.04165649414062,133.41000366210938,134.63999938964844,132.92999267578125,134.4499969482422,68711000,128.3899990081787,129.1517999267578,124.73444988250732,-0.0021689849869261923,0.010540304259439984
2021-06-25,129.74923706054688,133.11000061035156,133.88999938964844,132.80999755859375,133.4600067138672,70783700,128.78149909973143,129.12399993896486,124.81339988708496,-0.00224872980678148,0.010014223147939073
2021-06-28,131.37704467773438,134.77999877929688,135.25,133.35000610351562,133.41000366210938,62111300,129.2899990081787,129.1363998413086,124.9198498916626,0.012546000760933262,0.010020659293108686
2021-06-29,132.88792419433594,136.3300018310547,136.49000549316406,134.35000610351562,134.8000030517578,64556100,129.8924991607666,129.16619995117188,125.04149990081787,0.011500245331623304,0.010027670596070936
2021-06-30,133.5020294189453,136.9600067138672,137.41000366210938,135.8699951171875,136.1699981689453,63261400,130.48749961853028,129.24320007324218,125.14949993133546,0.0046211756352296796,0.010020678135586613
2021-07-01,133.8041534423828,137.27000427246094,137.3300018310547,135.75999450683594,136.60000610351562,52485800,131.17399978637695,129.3186001586914,125.25814994812012,0.002263416642797056,0.00923995027631382
2021-07-02,136.42628479003906,139.9600067138672,140.0,137.75,137.89999389648438,78852600,131.87750015258788,129.47900024414062,125.39729999542236,0.01959643299833358,0.00928553959687441
2021-07-06,138.43426513671875,142.02000427246094,143.14999389648438,140.07000732421875,140.07000732421875,108181800,132.683500289917,129.63300018310548,125.55570003509521,0.01471847284778427,0.009423975696838855
2021-07-07,140.919921875,144.57000732421875,144.88999938964844,142.66000366210938,143.5399932861328,104911600,133.57500076293945,129.8300003051758,125.74435009002686,0.01795523852305836,0.009791584924189405
2021-07-08,139.62350463867188,143.24000549316406,144.05999755859375,140.6699981689453,141.5800018310547,105575500,134.38050117492676,130.00700042724608,125.9101501083374,-0.009199707848613237,0.010393563756084226
2021-07-09,141.4462432861328,145.11000061035156,145.64999389648438,142.64999389648438,142.75,99890800,135.33050117492675,130.23760040283204,126.0766501235962,0.013054977977341231,0.009952392145341904
2021-07-12,140.85165405273438,144.5,146.32000732421875,144.0,146.2100067138672,76299700,136.1880012512207,130.45800048828124,126.26355010986327,-0.004203711720665804,0.010239449625121367
2021-07-13,141.96286010742188,145.63999938964844,147.4600067138672,143.6300048828125,144.02999877929688,100827100,136.94600143432618,130.74160034179687,126.450650100708,0.007889269132515198,0.009317460336116953
2021-07-14,145.38426208496094,149.14999389648438,149.57000732421875,147.67999267578125,148.10000610351562,127050800,137.92150115966797,131.0738003540039,126.63500007629395,0.024100484218248397,0.009741781776868854
2021-07-15,144.73117065429688,148.47999572753906,150.0,147.08999633789062,149.24000549316406,106820300,138.8380012512207,131.48640029907227,126.80260005950927,-0.004492109932034749,0.010061895760350785
2021-07-16,142.69395446777344,146.38999938964844,149.75999450683594,145.8800048828125,148.4600067138672,93251400,139.5680015563965,131.8522001647949,126.96410007476807,-0.014075945568625792,0.010960632421145934
2021-07-19,138.8533935546875,142.4499969482422,144.07000732421875,141.6699981689453,143.75,121434600,140.16750106811523,132.10639999389647,127.0973000717163,-0.026914423511397723,0.012711558650395843
2021-07-20,142.45997619628906,146.14999389648438,147.10000610351562,142.9600067138672,143.4600067138672,96350000,140.86000061035156,132.42519973754884,127.24410003662109,0.025974005107115117,0.013440617288378585
2021-07-21,141.7289276123047,145.39999389648438,146.1300048828125,144.6300048828125,145.52999877929688,74993500,141.43100051879884,132.7961996459961,127.40600002288818,-0.005131714206784155,0.013499636281150083
2021-07-22,143.0935821533203,146.8000030517578,148.1999969482422,145.80999755859375,145.94000244140625,77338200,142.08600082397462,133.21399963378906,127.55750003814697,0.009628674099327439,0.013467237832359459
2021-07-23,144.80914306640625,148.55999755859375,148.72000122070312,146.9199981689453,147.5500030517578,71447400,142.84350051879883,133.72979965209962,127.73450000762939,0.011989063148829748,0.013455360401420783
2021-07-26,145.22830200195312,148.99000549316406,149.8300018310547,147.6999969482422,148.27000427246094,72434100,143.63750076293945,134.21019973754883,127.90405002593994,0.002894506876931713,0.013348627901174201
2021-07-27,143.06431579589844,146.77000427246094,149.2100067138672,145.5500030517578,149.1199951171875,104818600,144.23700103759765,134.5965998840332,128.06305004119872,-0.014900336524955593,0.014006263951208305
2021-07-28,141.3195343017578,144.97999572753906,146.97000122070312,142.5399932861328,144.80999755859375,118931200,144.66950073242188,134.97079986572265,128.20310001373292,-0.012196010716187922,0.014368344396686307
2021-07-29,141.96286010742188,145.63999938964844,146.5500030517578,144.5800018310547,144.69000244140625,56699500,145.10350036621094,135.38659988403322,128.30930000305176,0.0045523774421245555,0.014367989082095222
2021-07-30,142.17730712890625,145.86000061035156,146.3300018310547,144.11000061035156,144.3800048828125,70440600,145.53300018310546,135.80999984741212,128.4331000137329,0.001510582406104799,0.014371489102612737
2021-08-02,141.84593200683594,145.52000427246094,146.9499969482422,145.25,146.36000061035156,62880000,145.81100006103514,136.17419998168944,128.5547500228882,-0.002330977214232255,0.013877702215220333
2021-08-03,143.6394500732422,147.36000061035156,148.0399932861328,145.17999267578125,145.80999755859375,64786600,146.0779998779297,136.61279998779298,128.68800003051757,0.012644284523559701,0.013785420467365618
2021-08-04,143.23983764648438,146.9499969482422,147.7899932861328,146.27999877929688,147.27000427246094,56368300,146.19699935913087,137.0097999572754,128.82765003204346,-0.00278232668574363,0.013288146600620256
2021-08-05,143.3470458984375,147.05999755859375,147.83999633789062,146.1699981689453,146.97999572753906,46397700,146.38799896240235,137.41299987792968,128.98305000305174,0.0007485580989179397,0.013074647008355145
2021-08-06,142.66366577148438,146.13999938964844,147.11000061035156,145.6300048828125,146.35000610351562,54126800,146.4394989013672,137.79879989624024,129.12619998931885,-0.006255937605185613,0.012880078564869933
2021-08-09,142.6148681640625,146.08999633789062,146.6999969482422,145.52000427246094,146.1999969482422,48908700,146.5189987182617,138.21499984741212,129.27229995727538,-0.0003421585600564825,0.012835790345556838
2021-08-10,142.13653564453125,145.60000610351562,147.7100067138672,145.3000030517578,146.44000244140625,69023100,146.5169990539551,138.6347999572754,129.42154998779296,-0.00335403002709167,0.01274681867063399
2021-08-11,142.39036560058594,145.86000061035156,146.72000122070312,145.52999877929688,146.0500030517578,48493500,146.35249938964844,139.06639999389648,129.57564998626708,0.00178567648308392,0.011441913768943403
2021-08-12,145.3482666015625,148.88999938964844,149.0500030517578,145.83999633789062,146.19000244140625,72282600,146.3729995727539,139.5430000305176,129.74484996795655,0.020773335846824503,0.012397039202738895
2021-08-13,145.55323791503906,149.10000610351562,149.44000244140625,148.27000427246094,148.97000122070312,59375000,146.50849990844728,140.05420013427735,129.9073500061035,0.0014104823341263284,0.011932661593809792
2021-08-16,147.5252227783203,151.1199951171875,151.19000244140625,146.47000122070312,148.5399932861328,103296000,146.94199981689454,140.55880004882812,130.10694999694823,0.013547880154139325,0.010267355968258738
2021-08-17,146.6173553466797,150.19000244140625,151.67999267578125,149.08999633789062,150.22999572753906,92229700,147.1440002441406,141.04460006713867,130.28130001068115,-0.006154001494375949,0.008908502388475062
2021-08-18,142.87844848632812,146.36000061035156,150.72000122070312,146.14999389648438,149.8000030517578,86326000,147.19200057983397,141.43700012207032,130.46880001068115,-0.025501043803157875,0.010682502975672777
2021-08-19,143.2103271484375,146.6999969482422,148.0,144.5,145.02999877929688,86960300,147.1870002746582,141.8284001159668,130.65845001220703,0.002323014050784167,0.010472571544119805
2021-08-20,144.66493225097656,148.19000244140625,148.5,146.77999877929688,147.44000244140625,60549600,147.16850051879882,142.2700001525879,130.84720001220703,0.010156820205591055,0.010369850897707138
2021-08-23,146.1487274169922,149.7100067138672,150.19000244140625,147.88999938964844,148.30999755859375,60131800,147.204500579834,142.7172003173828,131.02100006103515,0.010257131030562805,0.010608696268515537
2021-08-24,146.0609130859375,149.6199951171875,150.86000061035156,149.14999389648438,149.4499969482422,48606400,147.3470001220703,143.10000030517577,131.1739500427246,-0.0006012396810035625,0.00999482927012971
2021-08-25,144.8308563232422,148.36000061035156,150.32000732421875,147.8000030517578,149.80999755859375,58991300,147.51600036621093,143.47440032958986,131.32230003356935,-0.008421297606974743,0.009765343461900793
2021-08-26,144.0303497314453,147.5399932861328,149.1199951171875,147.50999450683594,148.35000610351562,48597200,147.61100006103516,143.82220031738282,131.47840000152587,-0.005527145597501004,0.009842923742717356
2021-08-27,145.0651397705078,148.60000610351562,148.75,146.8300018310547,147.47999572753906,55802400,147.74800033569335,144.15840057373046,131.64155002593995,0.007184579541948732,0.009948886729453163
2021-08-30,149.47763061523438,153.1199951171875,153.49000549316406,148.61000061035156,149.0,90956700,148.12799987792968,144.61160034179687,131.80970001220703,0.03041715227469921,0.011882569499659875
2021-08-31,148.21832275390625,151.8300018310547,152.8000030517578,151.2899932861328,152.66000366210938,86453100,148.35149993896485,145.0022003173828,131.97280002593993,-0.008424721311841354,0.011880607719915991
2021-09-01,148.88214111328125,152.50999450683594,154.97999572753906,152.33999633789062,152.8300018310547,80313700,148.62949981689454,145.37280029296875,132.13904998779296,0.004478644981759983,0.011851770877833097
2021-09-02,149.99501037597656,153.64999389648438,154.72000122070312,152.39999389648438,153.8699951171875,71115500,148.95899963378906,145.77180023193358,132.3057999420166,0.007474915944589711,0.011911911773303011
2021-09-03,150.62957763671875,154.3000030517578,154.6300048828125,153.08999633789062,153.75999450683594,57808700,149.36699981689452,146.18960021972657,132.48034996032715,0.0042304535053308,0.011746921325143196
2021-09-07,152.9626922607422,156.69000244140625,157.25999450683594,154.38999938964844,154.97000122070312,82278300,149.89700012207032,146.66120025634766,132.67364997863768,0.01548930228372547,0.012054434860408384
2021-09-08,151.42030334472656,155.11000061035156,157.0399932861328,153.97999572753906,156.97999572753906,74420200,150.37249984741212,147.06780029296874,132.8559999847412,-0.010083616098260806,0.012348431524895974
2021-09-09,150.405029296875,154.07000732421875,156.11000061035156,153.9499969482422,155.49000549316406,57305700,150.78300018310546,147.42260040283202,133.03965003967286,-0.006704875778740793,0.012545467506169835
2021-09-10,145.4263458251953,148.97000122070312,155.47999572753906,148.6999969482422,155.0,140893200,150.7870002746582,147.66280029296874,133.21525005340575,-0.03310187486902216,0.014166153773838962
2021-09-13,145.9925537109375,149.5500030517578,151.4199981689453,148.75,150.6300048828125,102404300,150.80950012207032,147.9084002685547,133.38715007781983,0.003893413615506436,0.014188896412505727
2021-09-14,144.5965576171875,148.1199951171875,151.07000732421875,146.91000366210938,150.35000610351562,109296300,150.6595001220703,148.0716000366211,133.54760005950928,-0.009562072252685905,0.013988259731116885
2021-09-15,145.4849395751953,149.02999877929688,149.44000244140625,146.3699951171875,148.55999755859375,83281300,150.60149993896485,148.2117999267578,133.7098000717163,0.006143692223250508,0.014015820397901932
2021-09-16,145.25064086914062,148.7899932861328,148.97000122070312,147.22000122070312,148.44000244140625,68034100,150.7229995727539,148.2961996459961,133.8585000228882,-0.0016104508832446296,0.01271182256661029
2021-09-17,142.58558654785156,146.05999755859375,148.82000732421875,145.75999450683594,148.82000732421875,129868800,150.69099960327148,148.3525994873047,133.97520000457763,-0.018347979371765355,0.013411185263827898
2021-09-20,139.539794921875,142.94000244140625,144.83999633789062,141.27000427246094,143.8000030517578,123478900,150.4284996032715,148.30919952392577,134.07450000762938,-0.02136105141269684,0.01397821894302046
2021-09-21,140.0181121826172,143.42999267578125,144.60000610351562,142.77999877929688,143.92999267578125,75834000,150.1144989013672,148.28779937744142,134.17694995880126,0.003427943374884501,0.013752112791863082
2021-09-22,142.3805694580078,145.85000610351562,146.42999267578125,143.6999969482422,144.4499969482422,76404300,149.9259994506836,148.29199951171876,134.29494998931884,0.016872436389261614,0.014389315525032777
2021-09-23,143.3372802734375,146.8300018310547,147.0800018310547,145.63999938964844,146.64999389648438,64838200,149.84949951171876,148.24559967041014,134.41034999847412,0.0067192025130498045,0.014386383868323263
2021-09-24,143.4251251220703,146.9199981689453,147.47000122070312,145.55999755859375,145.66000366210938,53477900,149.81849975585936,148.2143997192383,134.52305000305176,0.0006129288072487249,0.014337082714747568
2021-09-27,141.9119415283203,145.3699951171875,145.9600067138672,143.82000732421875,145.47000122070312,74150700,149.65699920654296,148.19399963378908,134.6409999847412,-0.010549980064493591,0.014410250845871215
2021-09-28,138.5343017578125,141.91000366210938,144.75,141.69000244140625,143.25,108972300,149.09649963378905,148.1831997680664,134.73435001373292,-0.0238012765446467,0.013241488054795086
2021-09-29,139.4324188232422,142.8300018310547,144.4499969482422,142.02999877929688,142.47000122070312,74602000,148.64649963378906,148.1167999267578,134.83645000457764,0.006482969101571312,0.013380989213248606
2021-09-30,138.134033203125,141.5,144.3800048828125,141.27999877929688,143.66000366210938,89056700,148.09599990844725,148.03880004882814,134.93505001068115,-0.009311781936598096,0.013332460051190504
2021-10-01,139.2566680908203,142.64999389648438,142.9199981689453,139.11000061035156,141.89999389648438,94639600,147.54599990844727,147.95579986572267,135.00889999389648,0.00812716534617941,0.013361881460235392
2021-10-04,135.83018493652344,139.13999938964844,142.2100067138672,138.27000427246094,141.75999450683594,98322000,146.7879997253418,147.76739990234375,135.06555000305175,-0.02460564077824645,0.014010046957125022
2021-10-05,137.7532958984375,141.11000061035156,142.24000549316406,139.36000061035156,139.49000549316406,80861100,146.00899963378907,147.6097998046875,135.1276000213623,0.014158410445197056,0.013910091545104421
2021-10-06,138.62216186523438,142.0,142.14999389648438,138.3699951171875,139.47000122070312,83221100,145.35349960327147,147.51439971923827,135.20430000305177,0.00630713192402288,0.014084637260771153
2021-10-07,139.8814697265625,143.2899932861328,144.22000122070312,142.72000122070312,143.05999755859375,61732700,144.8144989013672,147.48059967041016,135.27959999084473,0.009084459761498742,0.01438272456624787
2021-10-08,139.500732421875,142.89999389648438,144.17999267578125,142.55999755859375,144.02999877929688,58773200,144.51099853515626,147.42579956054686,135.33469993591308,-0.00272174895611621,0.012586255552978435
2021-10-11,139.41285705566406,142.80999755859375,144.80999755859375,141.80999755859375,142.27000427246094,64452200,144.17399826049805,147.36479949951172,135.39394989013672,-0.0006297854565047167,0.01251518203188077
2021-10-12,138.143798828125,141.50999450683594,143.25,141.0399932861328,143.22999572753906,73035900,143.84349822998047,147.28459930419922,135.44164985656738,-0.009103025516294383,0.01250143763846032
2021-10-13,137.5580596923828,140.91000366210938,141.39999389648438,139.1999969482422,141.24000549316406,78762700,143.4374984741211,147.15559936523437,135.4627498626709,-0.004239918507647045,0.012351167757754782
2021-10-14,140.3402862548828,143.75999450683594,143.8800048828125,141.50999450683594,142.11000061035156,69907100,143.18599853515624,147.09179931640625,135.50719985961913,0.02022561046524851,0.013377320404354406
2021-10-15,141.3945770263672,144.83999633789062,144.89999389648438,143.50999450683594,143.77000427246094,67940300,143.1249984741211,147.04739929199218,135.56279983520508,0.007512533892058082,0.012918565942125055
2021-10-18,143.06387329101562,146.5500030517578,146.83999633789062,143.16000366210938,143.4499969482422,85589200,143.30549850463868,147.05559936523437,135.63209983825683,0.01180617755525204,0.012186095427032678
2021-10-19,145.2213592529297,148.75999450683594,149.1699981689453,146.5500030517578,147.00999450683594,76378900,143.5719985961914,147.1089993286133,135.72884979248047,0.01508011879261173,0.01256489850133386
2021-10-20,145.70945739746094,149.25999450683594,149.75,148.1199951171875,148.6999969482422,58418800,143.74249801635742,147.18219909667968,135.82009979248048,0.003361118704377386,0.012071116365679929
2021-10-21,145.92420959472656,149.47999572753906,149.63999938964844,147.8699951171875,148.80999755859375,61421000,143.87499771118163,147.25459899902344,135.93449977874755,0.0014739463272126496,0.01200226497903455
2021-10-22,145.1530303955078,148.69000244140625,150.17999267578125,148.63999938964844,149.69000244140625,58883400,143.9634979248047,147.2505990600586,136.02334980010986,-0.005284943194491021,0.012083510903634341
2021-10-25,145.1042022705078,148.63999938964844,149.3699951171875,147.6199951171875,148.67999267578125,50720600,144.12699813842772,147.24139892578125,136.10629978179932,-0.0003362906109138919,0.011796857837021349
2021-10-26,145.7680206298828,149.32000732421875,150.83999633789062,149.00999450683594,149.3300018310547,60893400,144.49749832153321,147.20539916992186,136.2079998397827,0.004574865025313457,0.010237685314004121
2021-10-27,145.3092498779297,148.85000610351562,149.72999572753906,148.49000549316406,149.36000061035156,56094900,144.79849853515626,147.17859924316406,136.3082498550415,-0.0031476104851951847,0.010271772215862117
2021-10-28,148.9407501220703,152.57000732421875,153.1699981689453,149.72000122070312,149.82000732421875,100077900,145.35199890136718,147.3027993774414,136.41664989471437,0.02499160946030532,0.011094102123974275
2021-10-29,146.2366180419922,149.8000030517578,149.94000244140625,146.41000366210938,147.22000122070312,124953200,145.70949935913086,147.36479949951172,136.5210998916626,-0.0181556278395828,0.012072054992336559
2021-11-01,145.41661071777344,148.9600067138672,149.6999969482422,147.8000030517578,148.99000549316406,74588300,146.20049972534179,147.38019958496093,136.6301999282837,-0.005607452074619768,0.01046612732428781
2021-11-02,146.45140075683594,150.02000427246094,151.57000732421875,148.64999389648438,148.66000366210938,69122000,146.64599990844727,147.3863995361328,136.74114994049071,0.007115987586049588,0.010202663263613515
2021-11-03,147.88641357421875,151.49000549316406,151.97000122070312,149.82000732421875,150.38999938964844,54511500,147.12050018310546,147.42379974365235,136.83844997406007,0.009798701365408391,0.01028965377593001
2021-11-04,147.36900329589844,150.9600067138672,152.42999267578125,150.63999938964844,151.5800018310547,60394600,147.50400085449218,147.47579986572265,136.90890003204345,-0.003498572579567205,0.010301387841167443
2021-11-05,147.89695739746094,151.27999877929688,152.1999969482422,150.05999755859375,151.88999938964844,65463900,147.92300109863282,147.55059997558592,136.96994998931885,0.0021197141706292832,0.010224846770566823
2021-11-08,147.07569885253906,150.44000244140625,151.57000732421875,150.16000366210938,151.41000366210938,55020900,148.30450134277345,147.58739990234375,137.00755001068114,-0.005552593499925207,0.010372549108197477
2021-11-09,147.4374542236328,150.80999755859375,151.42999267578125,150.05999755859375,150.1999969482422,56787900,148.76950149536134,147.54119995117188,137.04579998016357,0.0024594197765426262,0.009998075050719712
2021-11-10,144.612060546875,147.9199981689453,150.1300048828125,147.85000610351562,150.02000427246094,65187100,149.12000122070313,147.4629998779297,137.07509998321532,-0.01916318172822462,0.011083256111304545
2021-11-11,144.56321716308594,147.8699951171875,149.42999267578125,147.67999267578125,148.9600067138672,41000000,149.32550125122071,147.37019989013672,137.12899997711182,-0.0003380411869712274,0.01027562541253672
2021-11-12,146.63575744628906,149.99000549316406,150.39999389648438,147.47999572753906,148.42999267578125,63804000,149.58300170898437,147.2970001220703,137.2191499710083,0.014336988205730705,0.010595503844031622
2021-11-15,146.64556884765625,150.0,151.8800048828125,149.42999267578125,150.3699951171875,59222800,149.7555015563965,147.21100006103515,137.29844997406005,6.663448543164918e-05,0.010334051434358683
2021-11-16,147.62318420410156,151.0,151.49000549316406,149.33999633789062,149.94000244140625,59256200,149.86750183105468,147.09720001220703,137.37849994659425,0.006666666666666599,0.009902140174223266
2021-11-17,150.05752563476562,153.49000549316406,155.0,150.99000549316406,151.0,88807000,150.0790023803711,147.06480010986328,137.47624996185303,0.016490102603735624,0.010498502376280631
2021-11-18,154.33958435058594,157.8699951171875,158.6699981689453,153.0500030517578,153.7100067138672,137827700,150.4985023498535,147.14079986572267,137.57864994049072,0.02853599235957094,0.012120355318589831
2021-11-19,156.95962524414062,160.5500030517578,161.02000427246094,156.52999877929688,157.64999389648438,117305600,151.09150238037108,147.37239990234374,137.69759998321533,0.016976043690765552,0.012358275471375269
2021-11-22,157.41912841796875,161.02000427246094,165.6999969482422,161.0,161.67999267578125,117467900,151.71050262451172,147.60179992675782,137.8181499862671,0.002927444483147079,0.01232065187374789
2021-11-23,157.8003692626953,161.41000366210938,161.8000030517578,159.05999755859375,161.1199951171875,96041900,152.31500244140625,147.86760009765624,137.94515003204344,0.0024220555167078217,0.012325502705669664
2021-11-24,158.31854248046875,161.94000244140625,162.13999938964844,159.63999938964844,160.75,69463600,152.9695022583008,148.12580017089843,138.07790004730225,0.003283555958565998,0.012213359112658785
2021-11-26,153.30328369140625,156.80999755859375,160.4499969482422,156.36000061035156,159.57000732421875,76959800,153.18150177001954,148.28620025634766,138.18630001068115,-0.031678429081589354,0.013648174794562859
2021-11-29,156.65652465820312,160.24000549316406,161.19000244140625,158.7899932861328,159.3699951171875,88748200,153.70350189208983,148.56980041503905,138.31065006256102,0.02187365594013646,0.013554930144431886
2021-11-30,161.60340881347656,165.3000030517578,165.52000427246094,159.9199981689453,159.99000549316406,174048100,154.52050170898437,149.0170004272461,138.4712000656128,0.031577617231232535,0.014743602949951832
2021-12-01,161.0852508544922,164.77000427246094,170.3000030517578,164.52999877929688,167.47999572753906,152052500,155.25800170898438,149.4438006591797,138.64085010528564,-0.003206284147078464,0.01485768915776728
2021-12-02,160.0978240966797,163.75999450683594,164.1999969482422,157.8000030517578,158.74000549316406,136739200,155.87150115966796,149.8020004272461,138.81110004425048,-0.006129815739731703,0.015002124194250238
2021-12-03,158.22080993652344,161.83999633789062,164.9600067138672,159.72000122070312,164.02000427246094,118023100,156.41550064086914,150.10220031738282,138.970950050354,-0.011724464053185835,0.015327987450577263
2021-12-06,161.62295532226562,165.32000732421875,167.8800048828125,164.27999877929688,164.2899932861328,107497000,157.11750106811525,150.4702005004883,139.1675500869751,0.021502787105003085,0.015834074642392434
2021-12-07,167.3519287109375,171.17999267578125,171.5800018310547,168.33999633789062,169.0800018310547,120405400,158.15450057983398,150.98640045166016,139.39415004730225,0.035446316791349686,0.01706146433705274
2021-12-08,171.1647186279297,175.0800018310547,175.9600067138672,170.6999969482422,172.1300048828125,116998900,159.36800079345704,151.64980041503907,139.6428000640869,0.02278308985945654,0.017402680532430874
2021-12-09,170.6563262939453,174.55999755859375,176.75,173.9199981689453,174.91000366210938,108923700,160.70000076293945,152.28440032958986,139.91065006256105,-0.0029700951966102895,0.016440499121799693
2021-12-10,175.43699645996094,179.4499969482422,179.6300048828125,174.69000244140625,175.2100067138672,115402700,162.27900085449218,153.04340026855468,140.2016000366211,0.028013287454401015,0.016860513399067537
2021-12-13,171.80995178222656,175.74000549316406,182.1300048828125,175.52999877929688,181.1199951171875,153237000,163.56650085449218,153.70520050048827,140.4413500595093,-0.020674235264256824,0.01814016212809532
2021-12-14,170.4314727783203,174.3300018310547,177.74000549316406,172.2100067138672,175.25,139380400,164.78300094604492,154.4090005493164,140.68740005493163,-0.008023236702153325,0.01841701563691494
2021-12-15,175.2903289794922,179.3000030517578,179.5,172.30999755859375,175.11000061035156,131063300,166.1980010986328,155.17280059814453,140.97360008239747,0.02850915601733095,0.01899091228883943
2021-12-16,168.40777587890625,172.25999450683594,181.13999938964844,170.75,179.27999877929688,150185800,167.1365005493164,155.77800048828124,141.23425006866455,-0.039263850669816525,0.02170089277946587
2021-12-17,167.31283569335938,171.13999938964844,173.47000122070312,169.69000244140625,169.92999267578125,195432700,167.80000076293945,156.33500061035156,141.48285007476807,-0.006501771466984829,0.02119498456933742
2021-12-20,165.95387268066406,169.75,170.5800018310547,167.4600067138672,168.27999877929688,107499100,168.26000061035157,156.87200073242187,141.74980007171632,-0.00812200183829448,0.021145233584691142
2021-12-21,169.12142944335938,172.99000549316406,173.1999969482422,169.1199951171875,171.55999755859375,91185900,168.8585006713867,157.4756008911133,142.00930011749267,0.01908692484927288,0.02144877894265347
2021-12-22,171.71218872070312,175.63999938964844,175.86000061035156,172.14999389648438,173.0399932861328,92135300,169.57000045776368,158.15820098876952,142.28760009765625,0.01531876878626437,0.02159819175619298
2021-12-23,172.3378448486328,176.27999877929688,176.85000610351562,175.27000427246094,175.85000610351562,68356600,170.2870002746582,158.86560089111327,142.55920009613038,0.0036438134358485197,0.021597313519193456
2021-12-27,176.29730224609375,180.3300018310547,180.4199981689453,177.07000732421875,177.08999633789062,74919600,171.46300048828124,159.59700103759766,142.85570011138915,0.022974830268908786,0.020194412064535257
2021-12-28,175.280517578125,179.2899932861328,181.3300018310547,178.52999877929688,180.16000366210938,79144300,172.41549987792968,160.2860009765625,143.13220008850098,-0.00576725189575622,0.020083274287327917
2021-12-29,175.36854553222656,179.3800048828125,180.6300048828125,178.13999938964844,179.3300018310547,62348900,173.11949996948243,160.9426010131836,143.40125011444093,0.0005020447322792165,0.019167118400023442
2021-12-30,174.21490478515625,178.1999969482422,180.57000732421875,178.08999633789062,179.47000122070312,59773000,173.79099960327147,161.53140106201172,143.66845008850098,-0.006578257901939555,0.019250988794455016
2021-12-31,173.59902954101562,177.57000732421875,179.22999572753906,177.25999450683594,178.08999633789062,64062300,174.48150024414062,162.09760131835938,143.95365013122557,-0.0035352953693170708,0.01918705168441832
2022-01-03,177.93971252441406,182.00999450683594,182.8800048828125,177.7100067138672,177.8300018310547,104487900,175.4900001525879,162.7482012939453,144.2637501144409,0.025004150472947684,0.019336645647065304
2022-01-04,175.68136596679688,179.6999969482422,182.94000244140625,179.1199951171875,182.6300048828125,99310400,176.20899963378906,163.36840118408202,144.54530010223388,-0.012691597320536152,0.019411610001834487
2022-01-05,171.00827026367188,174.9199981689453,180.1699981689453,174.63999938964844,179.61000061035156,94537600,176.39599990844727,163.89400115966797,144.80720008850096,-0.02659988236212174,0.019137713690030176
2022-01-06,168.1536102294922,172.0,175.3000030517578,171.63999938964844,172.6999969482422,96904000,176.24199981689452,164.3476010131836,145.06675010681153,-0.016693335236175,0.01883388353054032
2022-01-07,168.3197784423828,172.1699981689453,174.13999938964844,171.02999877929688,172.88999938964844,86709100,176.12249984741212,164.81400085449218,145.3246501159668,0.0009883614473564784,0.018829774263110294
2022-01-10,168.33932495117188,172.19000244140625,172.5,168.1699981689453,169.0800018310547,106765600,175.7595001220703,165.20640075683593,145.57955013275148,0.00011618907285648739,0.017597794796658687
2022-01-11,171.1647186279297,175.0800018310547,175.17999267578125,170.82000732421875,172.32000732421875,76138300,175.72649993896485,165.71200073242187,145.8480001449585,0.016783781570778755,0.017489199504748372
2022-01-12,171.60467529296875,175.52999877929688,177.17999267578125,174.82000732421875,176.1199951171875,74805200,175.78649978637696,166.24340057373047,146.1261501312256,0.0025702361408266317,0.017394934840849467
2022-01-13,168.33932495117188,172.19000244140625,176.6199951171875,171.7899932861328,175.77999877929688,84505800,175.43099975585938,166.68680053710938,146.37635013580322,-0.019028065636177538,0.01659378834347352
2022-01-14,169.1996612548828,173.07000732421875,173.77999877929688,171.08999633789062,171.33999633789062,80440800,175.47150039672852,167.11840057373047,146.6267001724243,0.005110661887074208,0.01411501166613525
2022-01-18,166.00277709960938,169.8000030517578,172.5399932861328,169.41000366210938,171.50999450683594,90956700,175.40450057983398,167.4952005004883,146.8462001800537,-0.018894112983626976,0.014690903943108527
2022-01-19,162.51258850097656,166.22999572753906,171.0800018310547,165.94000244140625,170.0,94815000,175.22850036621094,167.79420043945314,147.04630016326905,-0.021024777738847034,0.015322642751279671
2022-01-20,160.83106994628906,164.50999450683594,169.67999267578125,164.17999267578125,166.97999572753906,91420500,174.80449981689452,168.0756002807617,147.22935012817382,-0.010347117036099251,0.014699156531467994
2022-01-21,158.7780303955078,162.41000366210938,166.3300018310547,162.3000030517578,164.4199981689453,122848900,174.14300003051758,168.30760040283204,147.38960014343263,-0.01276512622240289,0.014251264469196582
2022-01-24,158.00570678710938,161.6199951171875,162.3000030517578,154.6999969482422,160.02000427246094,162294600,173.4099998474121,168.58160034179687,147.53270011901856,-0.00486428500159064,0.014143584881399234
2022-01-25,156.2068328857422,159.77999877929688,162.75999450683594,157.02000427246094,158.97999572753906,115798400,172.38249969482422,168.81980041503905,147.6754000854492,-0.011384707297859231,0.012674798760970468
2022-01-26,156.118896484375,159.69000244140625,164.38999938964844,157.82000732421875,163.5,108275300,171.4025001525879,169.0138003540039,147.80170013427735,-0.0005632515870458432,0.012732140701587744
2022-01-27,155.6593475341797,159.22000122070312,163.83999633789062,158.27999877929688,162.4499969482422,121954600,170.3944999694824,169.19820037841797,147.93765014648437,-0.0029432100539642514,0.01266702756550569
2022-01-28,166.5209503173828,170.3300018310547,170.35000610351562,162.8000030517578,165.7100067138672,179935700,170.00100021362306,169.58480041503907,148.11680015563965,0.06977766942076213,0.02112458552901469
2022-01-31,170.87142944335938,174.77999877929688,175.0,169.50999450683594,170.16000366210938,115541600,169.86149978637695,170.0106002807617,148.31990013122558,0.026125737688043937,0.022036265686909258
2022-02-01,170.7052001953125,174.61000061035156,174.83999633789062,172.30999755859375,174.00999450683594,86213900,169.49150009155272,170.345400390625,148.5187501525879,-0.0009726408635577499,0.02119946525695672
2022-02-02,171.90768432617188,175.83999633789062,175.8800048828125,173.3300018310547,174.75,84914300,169.29850006103516,170.65120025634766,148.73240013122557,0.007044245594408194,0.02112819573753568
2022-02-03,169.033447265625,172.89999389648438,176.24000549316406,172.1199951171875,174.47999572753906,89418100,169.1974998474121,170.88880004882813,148.929400100708,-0.016719759455390393,0.020604140235449632
2022-02-04,168.7495574951172,172.38999938964844,174.10000610351562,170.67999267578125,171.67999267578125,82465400,169.21699981689454,171.1083999633789,149.13165008544922,-0.0029496502304173777,0.020257850748883602
2022-02-07,168.03500366210938,171.66000366210938,173.9499969482422,170.9499969482422,172.86000061035156,77251200,169.19150009155274,171.30279998779298,149.31835006713868,-0.004234559603942367,0.020282200775023268
2022-02-08,171.1380615234375,174.8300018310547,175.35000610351562,171.42999267578125,171.72999572753906,74829200,169.32350006103516,171.6632000732422,149.51890007019043,0.018466725511581794,0.020696578189594368
2022-02-09,172.5574188232422,176.27999877929688,176.64999389648438,174.89999389648438,176.0500030517578,71285000,169.38349990844728,171.98399993896484,149.72835006713868,0.008293753549481586,0.020440409039958383
2022-02-10,168.4853057861328,172.1199951171875,175.47999572753906,171.5500030517578,174.13999938964844,90865900,169.2129997253418,172.12039978027343,149.92105003356934,-0.02359884099680365,0.02112923807620062
2022-02-11,165.07879638671875,168.63999938964844,173.0800018310547,168.0399932861328,172.3300018310547,98670700,169.0354995727539,172.1977996826172,150.09685005187987,-0.020218427993619836,0.021184967840746475
2022-02-14,165.31373596191406,168.8800048828125,169.5800018310547,166.55999755859375,167.3699951171875,86185500,168.82599945068358,172.30019989013672,150.2839500427246,0.0014231824835904128,0.02114652781793806
2022-02-15,169.14112854003906,172.7899932861328,172.9499969482422,170.25,170.97000122070312,62527400,168.97549896240236,172.51919982910155,150.4852000427246,0.023152465006342826,0.021364692657742965
2022-02-16,168.90618896484375,172.5500030517578,173.33999633789062,170.0500030517578,171.85000610351562,61177400,169.29149932861327,172.66379974365233,150.7087000656128,-0.0013889128057177347,0.02073714747685285
2022-02-17,165.31373596191406,168.8800048828125,171.91000366210938,168.47000122070312,171.02999877929688,69589300,169.5099998474121,172.61779998779298,150.9126000595093,-0.021269186346200564,0.021219469469734742
2022-02-18,163.7670440673828,167.3000030517578,170.5399932861328,166.19000244140625,169.82000732421875,82772700,169.75449981689454,172.46220001220703,151.10040004730226,-0.009355766137921773,0.02111208714965421
2022-02-22,160.85003662109375,164.32000732421875,166.69000244140625,162.14999389648438,164.97999572753906,91162800,169.8895004272461,172.25740020751954,151.270950050354,-0.017812287347162448,0.02151830178470845
2022-02-23,156.6897735595703,160.07000732421875,166.14999389648438,159.75,165.5399932861328,90009200,169.90400085449218,171.86980041503907,151.4370500946045,-0.02586416632525068,0.022191501561566004
2022-02-24,159.3033905029297,162.74000549316406,162.85000610351562,152.0,152.5800018310547,141147500,170.05650100708007,171.60980041503908,151.62120010375978,0.01668019020913314,0.022488374575584967
2022-02-25,161.36880493164062,164.85000610351562,165.1199951171875,160.8699951171875,163.83999633789062,91974200,170.3380012512207,171.42020050048828,151.83160015106202,0.012965469700934706,0.022615780233841774
2022-02-28,161.6331024169922,165.1199951171875,165.4199981689453,162.42999267578125,163.05999755859375,95056600,170.07750091552734,171.13660034179688,152.03235012054444,0.0016377858882354879,0.016041171722775957
2022-03-01,159.75364685058594,163.1999969482422,166.60000610351562,161.97000122070312,164.6999969482422,83474400,169.4985008239746,170.955400390625,152.21110012054444,-0.011627896231359958,0.014801309340136966
2022-03-02,163.04269409179688,166.55999755859375,167.36000061035156,162.9499969482422,164.38999938964844,79724800,169.09600067138672,170.8638003540039,152.41255012512207,0.02058823941900667,0.015736707212740373
2022-03-03,162.71966552734375,166.22999572753906,168.91000366210938,165.5500030517578,168.47000122070312,76678400,168.61550064086913,170.79340026855468,152.61945011138917,-0.001981279033932526,0.015585153554959947
2022-03-04,159.72427368164062,163.1699981689453,165.5500030517578,162.10000610351562,164.49000549316406,83737200,168.12900085449218,170.5970001220703,152.81185009002687,-0.01840821534766368,0.01566949203634831
2022-03-07,155.9359893798828,159.3000030517578,165.02000427246094,159.0399932861328,163.36000061035156,96418800,167.47450103759766,170.2702001953125,152.97180011749268,-0.02371756548762427,0.016354814203812604
2022-03-08,154.11529541015625,157.44000244140625,162.8800048828125,155.8000030517578,158.82000732421875,131148300,166.7635009765625,169.8934002685547,153.13185012817382,-0.011676086470301161,0.016449274005470523
2022-03-09,159.5089111328125,162.9499969482422,163.41000366210938,159.41000366210938,161.47999572753906,91454900,166.16950073242188,169.54580017089845,153.31110012054444,0.034997423916368176,0.017990509268141136
2022-03-10,155.17250061035156,158.52000427246094,160.38999938964844,155.97999572753906,160.1999969482422,105342000,165.28150100708007,169.130400390625,153.46920013427734,-0.027186209013482565,0.018522415240836018
2022-03-11,151.46249389648438,154.72999572753906,159.27999877929688,154.5,158.92999267578125,96970100,164.41200103759766,168.63740020751953,153.60860012054442,-0.02390870831928371,0.018538796583381034
2022-03-14,147.4392852783203,150.6199951171875,154.1199951171875,150.10000610351562,151.4499969482422,108732100,163.5110008239746,168.08580017089844,153.73530010223388,-0.026562403695717718,0.01886167496661863
2022-03-15,151.81491088867188,155.08999633789062,155.57000732421875,150.3800048828125,150.89999389648438,92964300,162.8215003967285,167.63619995117188,153.88770008087158,0.029677342754030223,0.020400147745381573
2022-03-16,156.2198944091797,159.58999633789062,160.0,154.4600067138672,157.0500030517578,102300200,162.1615005493164,167.18779998779297,154.06425006866456,0.02901541109199557,0.020848852264692384
2022-03-17,157.22813415527344,160.6199951171875,161.0,157.6300048828125,158.61000061035156,75615400,161.56500015258788,166.80619995117186,154.24205005645751,0.006454030972694147,0.020969206076170338
2022-03-18,160.51715087890625,163.97999572753906,164.47999572753906,159.75999450683594,160.50999450683594,123511700,161.31999969482422,166.58739990234375,154.44425003051757,0.020918943546848645,0.02119437595218193
2022-03-21,161.88758850097656,165.3800048828125,166.35000610351562,163.00999450683594,163.50999450683594,95811400,161.22399978637696,166.455,154.6417000579834,0.008537682593916074,0.021212227053904877
2022-03-22,165.25497436523438,168.82000732421875,169.4199981689453,164.91000366210938,165.50999450683594,81532000,161.44899978637696,166.38800018310548,154.8563000869751,0.0208005946295855,0.02129755708017951
2022-03-23,166.6156005859375,170.2100067138672,172.63999938964844,167.64999389648438,167.99000549316406,98062700,161.95599975585938,166.34840026855468,155.07365013122558,0.008233617636201895,0.02032883974378868
2022-03-24,170.39407348632812,174.07000732421875,174.13999938964844,170.2100067138672,171.05999755859375,90131400,162.52249984741212,166.32820037841796,155.30835018157958,0.02267787120671727,0.020579733801344893
2022-03-25,171.0303497314453,174.72000122070312,175.27999877929688,172.75,173.8800048828125,80546200,163.0159996032715,166.3120004272461,155.55140018463135,0.003734094727035453,0.02046114143059777
2022-03-28,171.89181518554688,175.60000610351562,175.72999572753906,172.0,172.1699981689453,90371900,163.54000015258788,166.3802005004883,155.79265022277832,0.005036657947940837,0.020462383016043594
2022-03-29,175.1808319091797,178.9600067138672,179.00999450683594,176.33999633789062,176.69000244140625,100589400,164.32800064086913,166.49800048828126,156.03505027770996,0.019134399166084615,0.02043895018196172
2022-03-30,174.01597595214844,177.77000427246094,179.61000061035156,176.6999969482422,178.5500030517578,92633200,164.8885009765625,166.65740051269532,156.27570030212402,-0.006649544014093012,0.02023934182322094
2022-03-31,170.92269897460938,174.61000061035156,178.02999877929688,174.39999389648438,177.83999633789062,103049300,165.30750122070313,166.82500061035157,156.49800033569335,-0.017775797863323284,0.02076402863223903
2022-04-01,170.62904357910156,174.30999755859375,174.8800048828125,171.94000244140625,174.02999877929688,78751300,165.86450119018554,167.02100067138673,156.71060035705565,-0.0017181321270783867,0.020200182822941597
2022-04-04,174.6718292236328,178.44000244140625,178.49000549316406,174.44000244140625,174.57000732421875,76468400,166.82150115966797,167.34160064697267,156.95050033569336,0.023693448113463633,0.019611191220496
2022-04-05,171.36317443847656,175.05999755859375,178.3000030517578,174.4199981689453,177.5,73401800,167.70250091552734,167.6104006958008,157.16430030822755,-0.018941968373500706,0.020016482339223686
2022-04-06,168.20140075683594,171.8300018310547,173.6300048828125,170.1300048828125,172.36000061035156,89058800,168.14650115966796,167.85140075683594,157.35355033874512,-0.018450792714411857,0.019431581138384686
2022-04-07,168.50482177734375,172.13999938964844,173.36000061035156,169.85000610351562,171.16000366210938,77594700,168.82750091552734,168.10040069580077,157.54575035095215,0.0018040944846089424,0.01811055074123257
2022-04-08,166.49813842773438,170.08999633789062,171.77999877929688,169.1999969482422,171.77999877929688,76575500,169.59550094604492,168.31780059814454,157.72915031433106,-0.01190892912179875,0.01730834043179752
2022-04-11,162.24978637695312,165.75,169.02999877929688,165.5,168.7100067138672,72246700,170.35200119018555,168.22620056152343,157.8923503112793,-0.025515882364234077,0.017209564199853016
2022-04-12,164.11947631835938,167.66000366210938,169.8699951171875,166.63999938964844,168.02000427246094,79265200,170.9805015563965,168.0838006591797,158.05675033569335,0.01152340067637625,0.016290232547663527
2022-04-13,166.80160522460938,170.39999389648438,171.0399932861328,166.77000427246094,167.38999938964844,70618900,171.52100143432617,167.99960052490235,158.2271002960205,0.016342539511671417,0.015494249674194856
2022-04-14,161.7994842529297,165.2899932861328,171.27000427246094,165.0399932861328,170.6199951171875,75329400,171.75450134277344,167.7886004638672,158.36875022888182,-0.02998826756681583,0.01716814221883854
2022-04-18,161.58416748046875,165.07000732421875,166.60000610351562,163.57000732421875,163.9199981689453,69023900,171.80900192260742,167.6320007324219,158.50775024414062,-0.0013309091345490298,0.01655872128859593
2022-04-19,163.86495971679688,167.39999389648438,167.82000732421875,163.91000366210938,165.02000427246094,67723800,171.910001373291,167.5322006225586,158.6449501800537,0.014115141872437453,0.016747774417933365
2022-04-20,163.69851684570312,167.22999572753906,168.8800048828125,166.10000610351562,168.75999450683594,67929800,171.83050079345702,167.4436004638672,158.7710001373291,-0.0010155207595194948,0.016069196383838642
2022-04-21,162.9056396484375,166.4199981689453,171.52999877929688,165.91000366210938,168.91000366210938,87227800,171.64100036621093,167.275400390625,158.88025009155274,-0.004843614060203949,0.015967277601687507
2022-04-22,158.3734130859375,161.7899932861328,167.8699951171875,161.5,166.4600067138672,84882400,171.02699966430663,166.98560028076173,158.97300003051757,-0.02782120498590701,0.0160180166869253
2022-04-25,159.4403839111328,162.8800048828125,163.1699981689453,158.4600067138672,161.1199951171875,96046400,170.43499984741212,166.80080047607422,159.06185005187987,0.006737200333224225,0.016103531388048535
2022-04-26,153.48883056640625,156.8000030517578,162.33999633789062,156.72000122070312,162.25,95623200,169.49499969482423,166.5640005493164,159.12335006713866,-0.03732810442527357,0.01765034254709421
2022-04-27,153.263671875,156.57000732421875,159.7899932861328,155.3800048828125,155.91000366210938,88063200,168.3754997253418,166.31780059814454,159.1780001068115,-0.001466809458308127,0.016713493723605272
2022-04-28,160.18435668945312,163.63999938964844,164.52000427246094,158.92999267578125,159.25,130216800,167.66899948120118,166.13480072021486,159.25045013427734,0.04515546870218534,0.020318968789349696
2022-04-29,154.32081604003906,157.64999389648438,166.1999969482422,157.25,161.83999633789062,131747600,166.8209991455078,165.83680053710938,159.29630012512206,-0.036604775821961866,0.021401308598229266
2022-05-02,154.6243133544922,157.9600067138672,158.22999572753906,153.27000427246094,156.7100067138672,123055300,166.00349960327148,165.61840057373047,159.35415016174318,0.0019664626031408172,0.021445756062619444
2022-05-03,156.1121826171875,159.47999572753906,160.7100067138672,156.32000732421875,158.14999389648438,88966500,165.0554992675781,165.4620004272461,159.43930015563964,0.009622619328101267,0.020682701838854917
2022-05-04,162.51409912109375,166.02000427246094,166.47999572753906,159.25999450683594,159.6699981689453,108256500,164.60349960327147,165.49600036621095,159.53865020751954,0.0410083315784322,0.022847382342151643
2022-05-05,153.4594268798828,156.77000427246094,164.0800018310547,154.9499969482422,163.85000610351562,130525300,163.8504997253418,165.43000030517578,159.59550025939942,-0.05571617733980727,0.025581251116165903
2022-05-06,154.1848907470703,157.27999877929688,159.44000244140625,154.17999267578125,156.00999450683594,116124600,163.1074996948242,165.32080017089845,159.6479002380371,0.0032531383104996703,0.02560138379602483
2022-05-09,149.0675506591797,152.05999755859375,155.8300018310547,151.49000549316406,154.92999267578125,131577900,162.20599975585938,165.065,159.6654002380371,-0.03318922470255159,0.026369722462075997
2022-05-10,151.4693603515625,154.50999450683594,156.74000549316406,152.92999267578125,155.52000427246094,115366700,161.64399948120118,164.85279998779296,159.69300018310548,0.01611204121779708,0.026329161356653245
2022-05-11,143.61700439453125,146.5,155.4499969482422,145.80999755859375,153.5,142689800,160.58599929809571,164.51880004882813,159.69165016174315,-0.05184127106082803,0.0282126138136909
2022-05-12,139.75454711914062,142.55999755859375,146.1999969482422,138.8000030517578,142.77000427246094,182602000,159.19399948120116,164.03880004882814,159.67955017089844,-0.026894214617107504,0.02803892489520153
2022-05-13,144.2150115966797,147.11000061035156,148.10000610351562,143.11000061035156,144.58999633789062,113990900,158.2849998474121,163.65640014648437,159.68690017700195,0.03191640803646689,0.028944599753003574
2022-05-16,142.67591857910156,145.5399932861328,147.52000427246094,144.17999267578125,145.5500030517578,86643800,157.30849914550782,163.30380004882812,159.68530014038086,-0.010672335787539122,0.028950711296582474
2022-05-17,146.30308532714844,149.24000549316406,149.77000427246094,146.67999267578125,148.86000061035156,78336300,156.4004997253418,163.10260009765625,159.7039001464844,0.02542264929033622,0.029467449823590595
2022-05-18,138.0487823486328,140.82000732421875,147.36000061035156,139.89999389648438,146.85000610351562,109742900,155.0800003051758,162.7702001953125,159.67120018005372,-0.056419176219683176,0.031571568139656565
2022-05-19,134.6470947265625,137.35000610351562,141.66000366210938,136.60000610351562,139.8800048828125,136095600,153.6265007019043,162.25820037841797,159.6232002258301,-0.024641393553644142,0.03177446609281447
2022-05-20,134.88232421875,137.58999633789062,140.6999969482422,132.61000061035156,139.08999633789062,137426100,152.4165008544922,161.83960021972655,159.57585021972656,0.0017472895792529641,0.03154312801619355
2022-05-23,140.2937469482422,143.11000061035156,143.25999450683594,137.64999389648438,137.7899932861328,117726300,151.42800064086913,161.60720031738282,159.5607002258301,0.04011922682885327,0.03318187492588141
2022-05-24,137.59786987304688,140.36000061035156,141.97000122070312,137.3300018310547,140.80999755859375,104132700,150.60600051879882,161.4020004272461,159.5320502471924,-0.019215987619813357,0.032520197575930734
2022-05-25,137.7547149658203,140.52000427246094,141.7899932861328,138.33999633789062,138.42999267578125,92482700,149.80350036621093,161.1106005859375,159.5066502380371,0.0011399519906925004,0.032540392397509395
2022-05-26,140.95053100585938,143.77999877929688,144.33999633789062,137.13999938964844,137.38999938964844,90601500,148.81050033569335,160.79440063476562,159.49625022888185,0.02319950475175747,0.031101857531150703
2022-05-27,146.69520568847656,149.63999938964844,149.67999267578125,145.25999450683594,145.38999938964844,90978500,148.41000061035157,160.57480072021485,159.50000022888185,0.04075671623385313,0.03189378882912543
2022-05-31,145.91098022460938,148.83999633789062,150.66000366210938,146.83999633789062,149.07000732421875,103718400,147.95400009155273,160.27200073242187,159.4987001800537,-0.005346184543042365,0.03188643617227237
2022-06-01,145.7835235595703,148.7100067138672,151.74000549316406,147.67999267578125,149.89999389648438,74286600,147.41550064086914,159.93860076904298,159.4866502380371,-0.0008733514325567349,0.0317628640339472
2022-06-02,148.23428344726562,151.2100067138672,151.27000427246094,146.86000061035156,147.8300018310547,72348100,146.67500076293945,159.58640075683593,159.49175025939942,0.016811242600575316,0.030430995146531126
2022-06-03,142.51907348632812,145.3800048828125,147.97000122070312,144.4600067138672,146.89999389648438,88570300,146.10550079345703,159.08980072021484,159.48685028076173,-0.03855566147871903,0.02911601376740624
2022-06-06,143.26409912109375,146.13999938964844,148.57000732421875,144.89999389648438,147.02999877929688,71598400,145.54850082397462,158.53120056152343,159.48405029296876,0.005227641225136415,0.0291429472808705
2022-06-07,145.7835235595703,148.7100067138672,149.0,144.10000610351562,144.35000610351562,67808200,145.3810012817383,158.0110006713867,159.48665031433106,0.017585926747997416,0.028605101555312408
2022-06-08,145.04827880859375,147.9600067138672,149.8699951171875,147.4600067138672,148.5800018310547,53950200,145.05350189208986,157.45820068359376,159.47790031433107,-0.005043372780172639,0.02833979612984878
2022-06-09,139.83297729492188,142.63999938964844,147.9499969482422,142.52999877929688,147.0800018310547,69473000,144.86050186157226,156.73180053710936,159.44300033569337,-0.0359557115626985,0.027056403266408128
2022-06-10,134.431396484375,137.1300048828125,140.75999450683594,137.05999755859375,140.27999877929688,91437900,144.5890022277832,155.9190005493164,159.38685035705566,-0.038628677302390724,0.027765763765749397
2022-06-13,129.2847137451172,131.8800048828125,135.1999969482422,131.44000244140625,132.8699951171875,122207100,143.82750244140624,155.06440063476563,159.30855041503906,-0.03828483784046022,0.027746850543636216
2022-06-14,130.14739990234375,132.75999450683594,133.88999938964844,131.47999572753906,133.1300048828125,84784300,143.1885025024414,154.23340057373048,159.22935035705567,0.006672653862921818,0.02783383102572595
2022-06-15,132.7648162841797,135.42999267578125,137.33999633789062,132.16000366210938,134.2899932861328,91533000,142.49800186157228,153.37320037841798,159.14090034484863,0.020111466401181888,0.02756018000782908
2022-06-16,127.50054168701172,130.05999755859375,132.38999938964844,129.0399932861328,132.0800018310547,108123900,141.96000137329102,152.47320037841797,159.03205032348632,-0.039651446559871295,0.026114111455208443
2022-06-17,128.97097778320312,131.55999755859375,133.0800018310547,129.80999755859375,130.07000732421875,134520300,141.6705009460449,151.66780029296876,158.9273003387451,0.011533138767930717,0.025834305779107534
2022-06-21,133.19619750976562,135.8699951171875,137.05999755859375,133.32000732421875,133.4199981689453,81000500,141.58450088500976,150.94240020751954,158.83840034484862,0.032760699593918474,0.0269664510823815
2022-06-22,132.68643188476562,135.35000610351562,137.75999450683594,133.91000366210938,134.7899932861328,73409200,141.19650115966797,150.24760040283203,158.7436503601074,-0.003827107031419197,0.025236103782309862
2022-06-23,135.54898071289062,138.27000427246094,138.58999633789062,135.6300048828125,136.82000732421875,72433800,141.09200134277344,149.69800048828125,158.6515503692627,0.021573683319320303,0.025459551570964436
2022-06-24,138.8722686767578,141.66000366210938,141.91000366210938,139.77000427246094,139.89999389648438,89116800,141.14900131225585,149.17800048828124,158.5843003845215,0.024517243689154977,0.026065317513427787
2022-06-27,138.8722686767578,141.66000366210938,143.49000549316406,140.97000122070312,142.6999969482422,70207900,141.0430015563965,148.60320068359374,158.52225036621093,0.0,0.025523281472211928
2022-06-28,134.7352752685547,137.44000244140625,143.4199981689453,137.32000732421875,142.1300048828125,67083400,140.43300170898436,148.04620086669922,158.46460037231446,-0.029789645006425114,0.024380763895277147
2022-06-29,136.4901123046875,139.22999572753906,140.6699981689453,136.6699981689453,137.4600067138672,66242400,139.9525016784668,147.52940063476564,158.41300033569337,0.013023815878466127,0.024670030514911494
2022-06-30,134.0294952392578,136.72000122070312,138.3699951171875,133.77000427246094,137.25,98964500,139.3530014038086,146.91580078125,158.35600036621094,-0.01802768500939822,0.02488799509289928
2022-07-01,136.19595336914062,138.92999267578125,139.0399932861328,135.66000366210938,136.0399932861328,71051600,138.7390007019043,146.34980072021483,158.30550033569335,0.016164360995803317,0.024860070750529456
2022-07-05,138.77423095703125,141.55999755859375,141.61000061035156,136.92999267578125,137.77000427246094,73353800,138.54800033569336,145.8526007080078,158.26935035705566,0.018930432746441683,0.02395262028605735
2022-07-06,140.10743713378906,142.9199981689453,144.1199951171875,141.0800018310547,141.35000610351562,74064300,138.3870002746582,145.47520080566406,158.25365036010743,0.009607238159132114,0.024032968913039725
2022-07-07,143.469970703125,146.35000610351562,146.5500030517578,143.27999877929688,143.2899932861328,66253700,138.2690002441406,145.14460083007813,158.27070037841796,0.02399949607133145,0.024332641174968382
2022-07-08,144.14637756347656,147.0399932861328,147.5500030517578,145.0,145.25999450683594,64547800,138.2229995727539,144.94940063476562,158.28875038146973,0.004714637197412497,0.024334907805751354
2022-07-11,142.01910400390625,144.8699951171875,146.63999938964844,143.77999877929688,145.6699981689453,63141600,138.33449935913086,144.715400390625,158.28385032653807,-0.014757877230874183,0.0231189833979835
2022-07-12,142.98959350585938,145.86000061035156,148.4499969482422,145.0500030517578,145.75999450683594,77588800,138.7709991455078,144.35980041503908,158.27900032043456,0.006833751132270249,0.02116675970802446
2022-07-13,142.62689208984375,145.49000549316406,146.4499969482422,142.1199951171875,142.99000549316406,71185600,139.45149917602538,144.11660064697264,158.27185035705565,-0.0025366455206311533,0.01885275603837358
2022-07-14,145.54823303222656,148.47000122070312,148.9499969482422,143.25,144.0800018310547,78140700,140.23699951171875,143.9268005371094,158.28735038757324,0.0204824772494705,0.01916399817233226
2022-07-15,147.2147674560547,150.1699981689453,150.86000061035156,148.1999969482422,149.77999877929688,76259900,140.97399978637696,143.7406005859375,158.32865036010742,0.011450103955445545,0.018919468688081455
2022-07-18,144.17581176757812,147.07000732421875,151.57000732421875,146.6999969482422,150.74000549316406,81420900,141.8245002746582,143.36160064697265,158.34985038757324,-0.020643210245224752,0.016910646707449704
2022-07-19,148.02842712402344,151.0,151.22999572753906,146.91000366210938,147.9199981689453,82982400,142.7965003967285,143.24620056152344,158.39735038757325,0.026721917998667744,0.01748916955180989
2022-07-20,150.0283203125,153.0399932861328,153.72000122070312,150.3699951171875,151.1199951171875,64823400,143.65500030517578,143.16140045166014,158.44930038452148,0.013509889312137924,0.016502138549492895
2022-07-21,152.29286193847656,155.35000610351562,155.57000732421875,151.94000244140625,154.5,65086600,144.65500030517578,143.2272006225586,158.53035041809082,0.015094177461599134,0.016445505697957483
2022-07-22,151.05764770507812,154.08999633789062,156.27999877929688,153.41000366210938,155.38999938964844,66675400,145.44599990844728,143.2188006591797,158.59525039672852,-0.008110780277571505,0.01640458962496856
2022-07-25,149.94009399414062,152.9499969482422,155.0399932861328,152.27999877929688,154.00999450683594,53623900,146.0104995727539,143.34780059814454,158.65000038146974,-0.0073982699509488326,0.016010947404334577
2022-07-26,148.61663818359375,151.60000610351562,153.08999633789062,150.8000030517578,152.25999450683594,55138700,146.50749969482422,143.52860076904298,158.69155044555663,-0.0088263541788981,0.016245861834405798
2022-07-27,153.70448303222656,156.7899932861328,157.3300018310547,152.16000366210938,152.5800018310547,78620700,147.47499923706056,143.7222006225586,158.7610004425049,0.034234742570348864,0.015632744884493656
2022-07-28,154.25352478027344,157.35000610351562,157.63999938964844,154.41000366210938,156.97999572753906,81378700,148.38099975585936,143.95840087890625,158.83370048522949,0.0035717382573059453,0.015575014570776306
2022-07-29,159.31195068359375,162.50999450683594,163.6300048828125,159.5,161.24000549316406,101786900,149.670499420166,144.2238006591797,158.9387004852295,0.03279306134837845,0.015551204620740616
2022-08-01,158.3316192626953,161.50999450683594,163.58999633789062,160.88999938964844,161.00999450683594,67829400,150.79949951171875,144.63760040283202,159.04170043945314,-0.00615346768692393,0.01579316799466908
2022-08-02,156.8611602783203,160.00999450683594,162.41000366210938,159.6300048828125,160.10000610351562,59907000,151.72199935913085,145.09080017089843,159.12295043945312,-0.009287350944318873,0.015993965150072405
2022-08-03,162.86074829101562,166.1300048828125,166.58999633789062,160.75,160.83999633789062,82507500,152.88249969482422,145.66160034179688,159.22940048217774,0.038247675683253046,0.01751847270955891
2022-08-04,162.5469970703125,165.80999755859375,167.19000244140625,164.42999267578125,166.00999450683594,55474100,153.85549926757812,146.11560028076173,159.32570045471192,-0.0019262464022948844,0.017205061030683942
2022-08-05,162.32122802734375,165.35000610351562,165.85000610351562,163.0,163.2100067138672,56697000,154.77099990844727,146.615400390625,159.40865051269532,-0.0027742082012610636,0.017324762238983524
2022-08-08,161.8500213623047,164.8699951171875,167.80999755859375,164.1999969482422,166.3699951171875,60276900,155.77099990844727,147.10240020751954,159.48670051574706,-0.0029029995077690662,0.01677015652007522
2022-08-09,161.89910888671875,164.9199981689453,165.82000732421875,163.25,164.02000427246094,63135500,156.72399978637696,147.5252001953125,159.5639005279541,0.0003032877615012364,0.01682922677216195
2022-08-10,166.1399688720703,169.24000549316406,169.33999633789062,166.89999389648438,167.67999267578125,70170500,157.91149978637696,147.91720031738282,159.66665054321288,0.026194563256017656,0.017256730372727784
2022-08-11,165.40371704101562,168.49000549316406,170.99000549316406,168.19000244140625,170.05999755859375,57149200,158.9125,148.3102005004883,159.76590057373048,-0.0044315763156265175,0.01718673741019024
2022-08-12,168.94760131835938,172.10000610351562,172.1699981689453,169.39999389648438,169.82000732421875,68039400,160.0090003967285,148.77800048828124,159.87980056762694,0.021425606817361276,0.017480699250979594
2022-08-15,170.01763916015625,173.19000244140625,173.38999938964844,171.35000610351562,171.52000427246094,54091700,161.31500015258788,149.21760040283203,160.0015005493164,0.006333505515595528,0.01623316504141849
2022-08-16,169.8605194091797,173.02999877929688,173.7100067138672,171.66000366210938,172.77999877929688,56377100,162.41650009155273,149.77060028076173,160.1038005065918,-0.0009238620004263787,0.01575470930391957
2022-08-17,171.35269165039062,174.5500030517578,176.14999389648438,172.57000732421875,172.77000427246094,79542000,163.49200057983398,150.3388003540039,160.2275505065918,0.00878462857992468,0.01568641895662509
2022-08-18,170.96002197265625,174.14999389648438,174.89999389648438,173.1199951171875,173.75,62290100,164.43199996948243,150.84760009765625,160.3535004425049,-0.0022916594000563784,0.01567921244859518
2022-08-19,168.378173828125,171.52000427246094,173.74000549316406,171.30999755859375,173.02999877929688,70346300,165.30350036621093,151.31880004882814,160.46100044250488,-0.015101864577650947,0.0160794955814844
2022-08-22,164.5005645751953,167.57000732421875,169.86000061035156,167.13999938964844,169.69000244140625,69026800,166.03450088500978,151.81740020751954,160.54140045166017,-0.023029365962279114,0.01708738294609193
2022-08-23,164.16677856445312,167.22999572753906,168.7100067138672,166.64999389648438,167.0800018310547,54147100,166.81600036621094,152.41940002441407,160.62275039672852,-0.0020290719210975805,0.016870153380067705
2022-08-24,164.46128845214844,167.52999877929688,168.11000061035156,166.25,167.32000732421875,53841500,167.35300064086914,153.13239990234376,160.7040003967285,0.001793954789346408,0.015413241568156611
2022-08-25,166.91546630859375,170.02999877929688,170.13999938964844,168.35000610351562,168.77999877929688,51218200,167.98700027465821,153.87779998779297,160.80195037841796,0.014922700520600518,0.0156262537174015
2022-08-26,160.62290954589844,163.6199951171875,171.0500030517578,163.55999755859375,170.57000732421875,78961000,168.0425003051758,154.44160003662108,160.86600036621093,-0.03769925135640162,0.016702306426702344
2022-08-29,158.42396545410156,161.3800048828125,162.89999389648438,159.82000732421875,161.14999389648438,73314000,168.0360008239746,155.06800018310548,160.93330039978028,-0.013690198638440787,0.01694296313497182
2022-08-30,155.99917602539062,158.91000366210938,162.55999755859375,157.72000122070312,162.1300048828125,77906200,167.9810012817383,155.61500030517578,160.9885004425049,-0.015305497248539135,0.01717029701463812
2022-08-31,154.34011840820312,157.22000122070312,160.5800018310547,157.13999938964844,160.30999755859375,87991100,167.5355010986328,156.04200042724608,161.02465042114258,-0.010634965719336975,0.014711727816202124
2022-09-01,155.0666046142578,157.9600067138672,158.4199981689453,154.6699981689453,156.63999938964844,74229900,167.14300155639648,156.49420043945312,161.0644504547119,0.004706815210650195,0.014803362371066747
2022-09-02,152.95594787597656,155.80999755859375,160.36000061035156,154.97000122070312,159.75,76957800,166.6660011291504,156.84500030517577,161.08850044250488,-0.013611098150736467,0.015017738050371248
2022-09-06,151.6994171142578,154.52999877929688,157.08999633789062,153.69000244140625,156.47000122070312,73714800,166.14900131225585,157.10240020751954,161.09370040893555,-0.008215126110989845,0.015065451084180755
2022-09-07,153.1032257080078,155.9600067138672,156.6699981689453,153.61000061035156,154.82000732421875,87449600,165.70100173950195,157.38840026855468,161.08415046691894,0.00925391798269981,0.015303707686960249
2022-09-08,151.6306915283203,154.4600067138672,156.36000061035156,152.67999267578125,154.63999938964844,84923800,164.9620018005371,157.7288003540039,161.05370048522948,-0.009617850316921195,0.013765555041672525
2022-09-09,154.48741149902344,157.3699951171875,157.82000732421875,154.75,155.47000122070312,68028800,164.40600128173827,158.09160034179686,161.03545043945311,0.01883975318420772,0.014719290065441553
2022-09-12,160.4364013671875,163.42999267578125,164.25999450683594,159.3000030517578,159.58999633789062,104956000,163.97250061035157,158.62580017089843,161.04555038452148,0.038507960517385253,0.0166046981329591
2022-09-13,151.02203369140625,153.83999633789062,160.5399932861328,153.3699951171875,159.89999389648438,122656600,163.00500030517577,158.92400024414061,161.0050503540039,-0.05867953721882391,0.020662497626741272
2022-09-14,152.46510314941406,155.30999755859375,157.10000610351562,153.61000061035156,154.7899932861328,87965400,162.11900024414064,159.19900024414062,160.99755035400392,0.009555390377639084,0.020921259167872006
2022-09-15,149.5789794921875,152.3699951171875,155.24000549316406,151.3800048828125,154.64999389648438,90481100,161.0099998474121,159.38800018310548,160.95820030212403,-0.018929898188280392,0.020865599984611332
2022-09-16,147.93959045410156,150.6999969482422,151.35000610351562,148.3699951171875,151.2100067138672,162278800,159.8375,159.475,160.88520027160644,-0.010960151095764759,0.02086224223344467
2022-09-19,151.6503143310547,154.47999572753906,154.55999755859375,149.10000610351562,149.30999755859375,81474200,158.9854995727539,159.62380004882812,160.83375022888183,0.025082938658552933,0.021947372234158855
2022-09-20,154.02598571777344,156.89999389648438,158.0800018310547,153.0800018310547,153.39999389648438,107689800,158.45199890136718,159.86440002441407,160.79945022583007,0.01566544689199456,0.02197867685031561
2022-09-21,150.9042510986328,153.72000122070312,158.74000549316406,153.60000610351562,157.33999633789062,101696800,157.7764991760254,160.0216000366211,160.75885025024414,-0.02026764053209118,0.02230986947231315
2022-09-22,149.9422149658203,152.74000549316406,154.47000122070312,150.91000366210938,152.3800048828125,86652500,157.03699951171876,160.1666000366211,160.69595024108887,-0.006375199842290069,0.022273652620172533
2022-09-23,147.6745147705078,150.42999267578125,151.47000122070312,148.55999755859375,151.19000244140625,96029900,156.05699920654297,160.20579986572267,160.59220024108888,-0.015123823060790742,0.021914112786461725
2022-09-26,148.00831604003906,150.77000427246094,153.77000427246094,149.63999938964844,149.66000366210938,93339400,155.41449966430665,160.21779998779297,160.4706502532959,0.0022602646628622214,0.02064472906160541
2022-09-27,148.98016357421875,151.75999450683594,154.72000122070312,149.9499969482422,152.74000549316406,84442700,154.93349914550782,160.3115997314453,160.3566502380371,0.0065662280713738586,0.02063483881458045
2022-09-28,147.0953369140625,149.83999633789062,150.63999938964844,144.83999633789062,147.63999938964844,146691400,154.47999877929686,160.28839965820313,160.20860023498534,-0.012651543479456517,0.0205590144335468
2022-09-29,139.87014770507812,142.47999572753906,146.72000122070312,140.67999267578125,146.10000610351562,128138200,153.74299850463868,160.07719970703124,160.04230018615723,-0.049119065604851575,0.022994376695142104
2022-09-30,135.66854858398438,138.1999969482422,143.10000610351562,138.0,141.27999877929688,124925300,152.75499801635743,159.73419952392578,159.86165016174317,-0.030039296095161427,0.023555530885970254
2022-10-03,139.84068298339844,142.4499969482422,143.07000732421875,137.69000244140625,138.2100067138672,114311700,152.08699798583984,159.50139953613282,159.6774001312256,0.030752533240588242,0.024890997494093313
2022-10-04,143.42384338378906,146.10000610351562,146.22000122070312,144.25999450683594,145.02999877929688,87830100,151.66549835205078,159.3643997192383,159.546600189209,0.02562309044204225,0.025737549629439156
2022-10-05,143.71829223632812,146.39999389648438,147.3800048828125,143.00999450683594,144.07000732421875,79471000,151.18749771118163,159.26039947509764,159.42290016174317,0.0020533044519943644,0.025614799036392674
2022-10-06,142.76611328125,145.42999267578125,147.5399932861328,145.22000122070312,145.80999755859375,68402200,150.73599700927736,159.03319946289062,159.30130012512208,-0.0066256916744750205,0.025581862719101303
2022-10-07,137.5238800048828,140.08999633789062,143.10000610351562,139.4499969482422,142.5399932861328,85925600,149.8719970703125,158.68799926757814,159.1368000793457,-0.03671867294799025,0.02613117205086704
2022-10-10,137.84788513183594,140.4199981689453,141.88999938964844,138.57000732421875,140.4199981689453,74899000,148.72149734497071,158.2461993408203,158.96070007324218,0.0023556416566585803,0.024100306385715555
2022-10-11,136.43421936035156,138.97999572753906,141.35000610351562,138.22000122070312,139.89999389648438,77033700,147.97849731445314,157.79559936523438,158.7742000579834,-0.01025496695758199,0.020882180617298227
2022-10-12,135.80596923828125,138.33999633789062,140.36000061035156,138.16000366210938,139.1300048828125,70433700,147.12999725341797,157.36219940185546,158.56425003051757,-0.004604974883602009,0.02060601453940318
2022-10-13,140.37078857421875,142.99000549316406,143.58999633789062,134.3699951171875,134.99000549316406,113224000,146.6609977722168,156.8993994140625,158.38275009155274,0.0336129050048255,0.022107226250117077
2022-10-14,135.8452606201172,138.3800048828125,144.52000427246094,138.19000244140625,144.30999755859375,88598000,146.0449981689453,156.35079956054688,158.17775009155272,-0.03224001981433555,0.023007382061482503
2022-10-17,139.80145263671875,142.41000366210938,142.89999389648438,140.27000427246094,141.07000732421875,85250900,145.44149856567384,155.89199951171875,157.99880012512207,0.02912269574429982,0.02329214034744566
2022-10-18,141.1168670654297,143.75,146.6999969482422,140.61000061035156,145.49000549316406,99136600,144.78399887084962,155.469599609375,157.82970008850097,0.009409425626236034,0.023057793697987255
2022-10-19,141.22488403320312,143.86000061035156,144.9499969482422,141.5,141.69000244140625,61758300,144.29099884033204,155.04839965820312,157.63895011901855,0.0007652216372282528,0.022759949627181825
2022-10-20,140.7634735107422,143.38999938964844,145.88999938964844,142.64999389648438,143.02000427246094,64522000,143.82349853515626,154.53139953613282,157.4574001312256,-0.003267073673773546,0.022746740737320158
2022-10-21,144.5724334716797,147.27000427246094,147.85000610351562,142.64999389648438,142.8699951171875,86548600,143.66549911499024,154.10699951171875,157.31915016174315,0.027059103837980825,0.023497534534518336
2022-10-24,146.7124481201172,149.4499969482422,150.22999572753906,146.0,147.19000244140625,75981900,143.5994987487793,153.65399932861328,157.20640014648438,0.014802693097965003,0.023749445981371346
2022-10-25,149.5495147705078,152.33999633789062,152.49000549316406,149.36000061035156,150.08999633789062,74732300,143.62849884033204,153.23699920654298,157.1072501373291,0.019337567404898115,0.024109070800279228
2022-10-26,146.6143035888672,149.35000610351562,151.99000549316406,148.0399932861328,150.9600067138672,88194300,143.60399932861327,152.76339935302735,156.99305015563965,-0.019627086164182295,0.024358036328326737
2022-10-27,142.14764404296875,144.8000030517578,149.0500030517578,144.1300048828125,148.07000732421875,109180200,143.71999969482422,152.16839935302735,156.84165016174316,-0.03046536903791064,0.022672207553809814
2022-10-28,152.88723754882812,155.74000549316406,157.5,147.82000732421875,148.1999969482422,164762400,144.5970001220703,151.80019958496095,156.7427001953125,0.07555250145606562,0.026943028659425886
2022-10-31,150.5312042236328,153.33999633789062,154.24000549316406,151.9199981689453,153.16000366210938,97943200,145.14150009155273,151.43659942626954,156.64845016479492,-0.015410357458724877,0.02671727134139161
2022-11-01,147.89048767089844,150.64999389648438,155.4499969482422,149.1300048828125,155.0800018310547,80379300,145.36899948120117,151.09819915771484,156.53635009765625,-0.0175427318745901,0.026623967938442655
2022-11-02,142.3734130859375,145.02999877929688,152.1699981689453,145.0,148.9499969482422,93604600,145.3004997253418,150.65419921875,156.41250007629395,-0.03730498071609045,0.028026990246280244
2022-11-03,136.33612060546875,138.8800048828125,142.8000030517578,138.75,142.05999755859375,97918500,144.97300033569337,150.08119934082032,156.27575012207032,-0.04240497792352105,0.02956499714360377
2022-11-04,136.07061767578125,138.3800048828125,142.6699981689453,134.3800048828125,142.08999633789062,140814800,144.88750076293945,149.4481994628906,156.1451001739502,-0.003600230288167805,0.028416837683435614
2022-11-07,136.60157775878906,138.9199981689453,139.14999389648438,135.6699981689453,137.11000061035156,83374600,144.81250076293946,148.95419952392578,156.02765014648438,0.003902249364639898,0.028426362114579294
2022-11-08,137.17190551757812,139.5,141.42999267578125,137.49000549316406,140.41000366210938,89908500,144.8385009765625,148.51659942626952,155.91705017089845,0.004175078021159573,0.028339591434771043
2022-11-09,132.619140625,134.8699951171875,138.5500030517578,134.58999633789062,138.5,74917800,144.66500091552734,148.0357992553711,155.79250015258788,-0.03318999915994625,0.029317904974242012
2022-11-10,144.4188995361328,146.8699951171875,146.8699951171875,139.5,141.24000549316406,118854000,144.8590003967285,147.82879913330078,155.7284001159668,0.08897457132383879,0.03483835041102691
2022-11-11,147.20167541503906,149.6999969482422,150.00999450683594,144.3699951171875,145.82000732421875,93979700,145.425,147.66359893798827,155.68080009460448,0.019268754171310798,0.03407710206278019
2022-11-14,145.80535888671875,148.27999877929688,150.27999877929688,147.42999267578125,148.97000122070312,73374100,145.71849975585937,147.51299896240235,155.5705500793457,-0.009485625904429806,0.033698984165026036
2022-11-15,147.53599548339844,150.0399932861328,153.58999633789062,148.55999755859375,152.22000122070312,89868300,146.03299942016602,147.42319885253906,155.4468500518799,0.011869399253607638,0.0337298233347828
2022-11-16,146.30685424804688,148.7899932861328,149.8699951171875,147.2899932861328,149.1300048828125,64218300,146.27949905395508,147.2797985839844,155.31775001525878,-0.00833111207633952,0.03381807808677647
2022-11-17,148.20465087890625,150.72000122070312,151.47999572753906,146.14999389648438,146.42999267578125,80389400,146.6459991455078,147.20499847412108,155.19215003967284,0.01297135574741759,0.03387440218078783
2022-11-18,148.76515197753906,151.2899932861328,152.6999969482422,149.97000122070312,152.30999755859375,74829600,146.8469985961914,147.0833984375,155.0841000366211,0.003781794458686649,0.03340185034967513
2022-11-21,145.5398406982422,148.00999450683594,150.3699951171875,147.72000122070312,150.16000366210938,58724100,146.7749984741211,146.7749984741211,154.96220001220703,-0.02168020969565021,0.03365329006616393
2022-11-22,147.6736602783203,150.17999267578125,150.4199981689453,146.92999267578125,148.1300048828125,51804100,146.66699829101563,146.7017984008789,154.8547999572754,0.014661159715434469,0.03352816496887823
2022-11-23,148.5487823486328,151.07000732421875,151.8300018310547,149.33999633789062,149.4499969482422,58301400,146.75299835205078,146.6169985961914,154.7359999847412,0.0059263196953200925,0.03323425514756552
2022-11-25,145.63824462890625,148.11000061035156,148.8800048828125,147.1199951171875,148.30999755859375,35195900,146.91849822998046,146.5317987060547,154.59514999389648,-0.01959360938875554,0.03277683967888313
2022-11-28,141.81312561035156,144.22000122070312,146.63999938964844,143.3800048828125,145.13999938964844,69246000,146.3424980163574,146.4021987915039,154.45565002441407,-0.02626425881856731,0.028290510270157932
2022-11-29,138.8140106201172,141.1699981689453,144.80999755859375,140.35000610351562,144.2899932861328,83763800,145.73399810791017,146.13599884033204,154.31830001831054,-0.021148266717113118,0.028446699552761915
2022-11-30,145.55953979492188,148.02999877929688,148.72000122070312,140.5500030517578,141.39999389648438,111380900,145.60299835205078,145.95859893798828,154.21404998779298,0.04859389884061516,0.03052705660755646
2022-12-01,145.8348846435547,148.30999755859375,149.1300048828125,146.61000061035156,148.2100067138672,71250400,145.76699829101562,145.8503988647461,154.09165000915527,0.0018915002472865705,0.02926828878441925
2022-12-02,145.3432159423828,147.80999755859375,148.0,145.64999389648438,145.9600067138672,65447400,146.2134979248047,145.7517987060547,153.96794998168946,-0.0033713168918532155,0.027429030617804648
2022-12-05,144.1829071044922,146.6300048828125,150.9199981689453,145.77000427246094,147.77000427246094,68826400,146.6259979248047,145.67579895019531,153.85669998168945,-0.00798317228381984,0.027505872964910232
2022-12-06,140.5249786376953,142.91000366210938,147.3000030517578,141.9199981689453,147.07000732421875,64727200,146.82549819946288,145.5185989379883,153.7347499847412,-0.025369986338581674,0.02823830053477468
2022-12-07,138.58786010742188,140.94000244140625,143.3699951171875,140.0,142.19000244140625,69721100,146.8974983215332,145.3021990966797,153.61784996032713,-0.013784907775671984,0.02844311546886194
2022-12-08,140.26931762695312,142.64999389648438,143.52000427246094,141.10000610351562,142.36000061035156,62128300,147.28649826049804,145.15839904785156,153.53074989318847,0.012132761639400691,0.027370498915407375
2022-12-09,139.78753662109375,142.16000366210938,145.57000732421875,140.89999389648438,142.33999633789062,76097000,147.05099868774414,145.15199920654297,153.4278498840332,-0.0034349124103753015,0.018474468971282715
2022-12-12,142.07861328125,144.49000549316406,144.5,141.05999755859375,142.6999969482422,70462700,146.79049911499024,145.2777993774414,153.32604988098146,0.01638999557563814,0.018314931347745086
2022-12-13,143.04226684570312,145.47000122070312,149.97000122070312,144.24000549316406,149.5,93886200,146.64999923706054,145.33819946289063,153.22779991149903,0.006782446468835079,0.018308065740742806
2022-12-14,140.8199920654297,143.2100067138672,146.66000366210938,141.16000366210938,145.35000610351562,82291200,146.30849990844726,145.28039947509765,153.12784996032715,-0.015535811424151502,0.018335620902663326
2022-12-15,134.22195434570312,136.5,141.8000030517578,136.02999877929688,141.11000061035156,98931900,145.69400024414062,145.08239959716798,152.97754997253418,-0.04685431463789913,0.02086593976317016
2022-12-16,132.26516723632812,134.50999450683594,137.64999389648438,133.72999572753906,136.69000244140625,160156900,144.88349990844728,144.86399963378906,152.81894996643067,-0.014578794821714758,0.020587539858852064
2022-12-19,130.16087341308594,132.3699951171875,135.1999969482422,131.32000732421875,135.11000061035156,79592600,143.9375,144.709599609375,152.66494995117188,-0.01590959391154889,0.020592554720574707
2022-12-20,130.09205627441406,132.3000030517578,133.25,129.88999938964844,131.38999938964844,77432800,143.1520004272461,144.54719970703124,152.5299499511719,-0.0005287608069164396,0.02031077329299025
2022-12-21,133.189453125,135.4499969482422,136.80999755859375,132.75,132.97999572753906,85928000,142.41550064086914,144.4765997314453,152.41999992370606,0.023809477126406797,0.020881322455287375
2022-12-22,130.02320861816406,132.22999572753906,134.55999755859375,130.3000030517578,134.35000610351562,77852100,141.47350006103517,144.35439971923827,152.26639991760254,-0.02377261936693542,0.02112239924096533
2022-12-23,129.65940856933594,131.86000061035156,132.4199981689453,129.63999938964844,130.9199981689453,63814900,140.66100006103517,144.13179962158202,152.133099899292,-0.0027981178941416385,0.020904101356811776
2022-12-27,127.8599624633789,130.02999877929688,131.41000366210938,128.72000122070312,131.3800048828125,69007800,139.95149993896484,143.9647994995117,152.0095999145508,-0.01387836965405731,0.020437540775125457
2022-12-28,123.93653869628906,126.04000091552734,131.02999877929688,125.87000274658203,129.6699981689453,85438400,139.19500007629395,143.63739944458007,151.88669994354248,-0.03068521034551308,0.020940021134741645
2022-12-29,127.44693756103516,129.61000061035156,130.47999572753906,127.7300033569336,127.98999786376953,75703700,138.27400016784668,143.3545994567871,151.75929996490478,0.02832433885189234,0.01853993823875137
2022-12-30,127.7616195678711,129.92999267578125,129.9499969482422,127.43000030517578,128.41000366210938,77034200,137.35499992370606,143.0759992980957,151.61099994659423,0.00246888406699175,0.018554067587506547
2023-01-03,122.98272705078125,125.06999969482422,130.89999389648438,124.16999816894531,130.27999877929688,112117500,136.21800003051757,142.70959930419923,151.43324996948243,-0.03740470449409117,0.019779113364750214
2023-01-04,124.25117492675781,126.36000061035156,128.66000366210938,125.08000183105469,126.88999938964844,89113600,135.20449981689453,142.29139923095704,151.2451499938965,0.010314231379827232,0.020204874811469174
2023-01-05,122.93355560302734,125.0199966430664,127.7699966430664,124.76000213623047,127.12999725341797,80962700,134.30999946594238,141.80279922485352,151.04334995269775,-0.010604653061194957,0.01977173480626421
2023-01-06,127.45677947998047,129.6199951171875,130.2899932861328,124.88999938964844,126.01000213623047,87754700,133.74399909973144,141.34839920043945,150.8473498916626,0.036794101724815675,0.02190724831207834
2023-01-09,127.9779281616211,130.14999389648438,133.41000366210938,129.88999938964844,130.47000122070312,70790800,133.11899909973144,140.96439895629882,150.64704982757567,0.004088865910060413,0.02166901790977905
2023-01-10,128.54823303222656,130.72999572753906,131.25999450683594,128.1199951171875,130.25999450683594,63896200,132.54749870300293,140.68299880981445,150.43034976959228,0.004456410743407302,0.021758232455991948
2023-01-11,131.26223754882812,133.49000549316406,133.50999450683594,130.4600067138672,131.25,69458900,131.99749870300292,140.23799880981446,150.2241997909546,0.02111229140844828,0.022014754197414426
2023-01-12,131.18353271484375,133.41000366210938,134.25999450683594,131.44000244140625,133.8800048828125,71379600,131.39449882507324,139.83939895629882,150.01324977874756,-0.0005993095195339082,0.021890939639910987
2023-01-13,132.51097106933594,134.75999450683594,134.9199981689453,131.66000366210938,132.02999877929688,57809700,130.97199821472168,139.52159896850586,149.7922497177124,0.010119112567793076,0.021936496863497197
2023-01-17,133.6713104248047,135.94000244140625,137.2899932861328,134.1300048828125,134.8300018310547,63646600,130.943998336792,139.33979904174805,149.58309970855714,0.008756366745847899,0.01944199518492766
2023-01-18,132.95350646972656,135.2100067138672,138.61000061035156,135.02999877929688,136.82000732421875,69672800,130.97899894714357,139.26639907836915,149.3860997390747,-0.005369984658148752,0.019186567326787318
2023-01-19,133.01248168945312,135.27000427246094,136.25,133.77000427246094,134.0800018310547,58280400,131.12399940490724,139.20419906616212,149.19089977264403,0.00044373608175840573,0.018797896790298734
2023-01-20,135.569091796875,137.8699951171875,138.02000427246094,134.22000122070312,135.27999877929688,80223600,131.40249900817872,139.18319900512697,148.98804973602296,0.01922074933545259,0.019213548147591266
2023-01-23,138.75502014160156,141.11000061035156,143.32000732421875,137.89999389648438,138.1199951171875,81760300,131.68549919128418,139.215399017334,148.81829975128173,0.02350043960188808,0.019195404128202035
2023-01-24,140.15133666992188,142.52999877929688,143.16000366210938,140.3000030517578,140.30999755859375,66435100,132.20049934387208,139.36859909057617,148.67179973602296,0.010063058343160014,0.018251415261476705
2023-01-25,139.4925079345703,141.86000061035156,142.42999267578125,138.80999755859375,140.88999938964844,65799300,132.70049934387208,139.26839920043946,148.52039974212647,-0.00470075194473818,0.01829316450092404
2023-01-26,141.55751037597656,143.9600067138672,144.25,141.89999389648438,143.1699981689453,54105100,133.3969997406006,139.15359939575194,148.38974979400635,0.014803370185255682,0.017953699631710514
2023-01-27,143.4945831298828,145.92999267578125,147.22999572753906,143.0800018310547,143.16000366210938,70555800,134.3914993286133,139.10659927368164,148.29064975738527,0.013684258613779976,0.015903138572522194
2023-01-30,140.61351013183594,143.0,145.5500030517578,142.85000610351562,144.9600067138672,64015300,135.0609992980957,138.965799407959,148.1673497390747,-0.020078070464177533,0.016242378512661353
2023-01-31,141.8819580078125,144.2899932861328,144.33999633789062,142.27999877929688,142.6999969482422,65874500,135.77899932861328,138.875799407959,148.03679973602294,0.009020932070858745,0.016253578056169986
2023-02-01,143.00291442871094,145.42999267578125,146.61000061035156,141.32000732421875,143.97000122070312,77663600,136.79699897766113,138.76999923706055,147.9374997329712,0.007900751560697472,0.012757863566933857
2023-02-02,148.30296325683594,150.82000732421875,151.17999267578125,148.1699981689453,148.89999389648438,118339000,138.0199993133545,138.76059951782227,147.8662497329712,0.03706260688917107,0.014354398365640805
2023-02-03,151.9215545654297,154.5,157.3800048828125,147.8300018310547,148.02999877929688,154357300,139.49399948120117,138.89039962768555,147.80174976348877,0.024399897209064214,0.01396916706726265
2023-02-06,149.1977996826172,151.72999572753906,153.10000610351562,150.77999877929688,152.57000732421875,69858300,140.59949951171876,138.9213996887207,147.72424976348876,-0.01792883024246561,0.013955394211806926
2023-02-07,152.0690460205078,154.64999389648438,155.22999572753906,150.63999938964844,150.63999938964844,83322600,141.82449951171876,138.99299942016603,147.66539974212645,0.019244699473851767,0.014142202041243465
2023-02-08,149.38461303710938,151.9199981689453,154.5800018310547,151.1699981689453,153.8800048828125,64120100,142.88399963378907,139.0691993713379,147.61604976654053,-0.017652737376545935,0.015311694254687074
2023-02-09,148.3521270751953,150.8699951171875,154.3300018310547,150.4199981689453,153.77999877929688,56007100,143.75299911499025,139.20219924926758,147.5559997177124,-0.006911552556695955,0.015297157658294017
2023-02-10,148.71652221679688,151.00999450683594,151.33999633789062,149.22000122070312,149.4600067138672,57450700,144.63299865722655,139.3989991760254,147.52704967498778,0.0009279472007650558,0.015264950294082653
2023-02-13,151.51341247558594,153.85000610351562,154.25999450683594,150.9199981689453,150.9499969482422,62199000,145.58749923706054,139.51539932250978,147.51344966888428,0.01880677902118011,0.015500383646621067
2023-02-14,150.87326049804688,153.1999969482422,153.77000427246094,150.86000061035156,152.1199951171875,61707600,146.45049896240235,139.61319931030275,147.46124965667724,-0.004224953717818392,0.01568308800999587
2023-02-15,152.9709014892578,155.3300018310547,155.5,152.8800048828125,153.11000061035156,65573800,147.4564987182617,139.76359939575195,147.4496496963501,0.013903426404976438,0.01553193006176664
2023-02-16,151.37550354003906,153.7100067138672,156.3300018310547,153.35000610351562,153.50999450683594,68167900,148.37849884033204,139.90519943237305,147.42839969635008,-0.010429376798369527,0.015960607768057272
2023-02-17,150.233154296875,152.5500030517578,153.0,150.85000610351562,152.35000610351562,59144100,149.11249923706055,140.09799942016602,147.3937497329712,-0.007546702305912589,0.015962763336678957
2023-02-21,146.22496032714844,148.47999572753906,151.3000030517578,148.41000366210938,150.1999969482422,58867200,149.48099899291992,140.24879928588868,147.3060496902466,-0.026679824600448265,0.01685249286552111
2023-02-22,146.64842224121094,148.91000366210938,149.9499969482422,147.16000366210938,148.8699951171875,51011300,149.79999923706055,140.37399948120117,147.26674968719482,0.0028960664530148783,0.016763273104815346
2023-02-23,147.13099670410156,149.39999389648438,150.33999633789062,147.24000549316406,150.08999633789062,48394200,150.1769989013672,140.51879928588866,147.22734966278077,0.0032905125399556034,0.01668204019668791
2023-02-24,144.48184204101562,146.7100067138672,147.19000244140625,145.72000122070312,147.11000061035156,55469600,150.3144989013672,140.56319931030274,147.20059970855712,-0.018005269695533066,0.017041003360866513
2023-02-27,145.6734619140625,147.9199981689453,149.1699981689453,147.4499969482422,147.7100067138672,44998500,150.41399917602538,140.61219924926758,147.16764972686767,0.008247504598905886,0.01687195085268603
2023-02-28,145.17120361328125,147.41000366210938,149.0800018310547,146.8300018310547,147.0500030517578,50547000,150.63449935913087,140.6961991882324,147.17219974517823,-0.003447772533457294,0.01618398775686939
2023-03-01,143.1030731201172,145.30999755859375,147.22999572753906,145.00999450683594,146.8300018310547,55479000,150.6854995727539,140.8723991394043,147.18594974517822,-0.014246021649447993,0.016459679794654212
2023-03-02,143.6939697265625,145.91000366210938,146.7100067138672,143.89999389648438,144.3800048828125,52238100,150.70950012207032,141.10039932250976,147.179949760437,0.0041291453691869595,0.01639165428550749
2023-03-03,148.73622131347656,151.02999877929688,151.11000061035156,147.3300018310547,148.0399932861328,70732300,150.71999969482422,141.47359939575196,147.20739978790283,0.035090089703815774,0.01616310673939874
2023-03-06,151.4936981201172,153.8300018310547,156.3000030517578,153.4600067138672,153.7899932861328,87558000,150.68649978637694,141.90419937133788,147.2303497695923,0.01853938339660255,0.01574897619685954
2023-03-07,149.29757690429688,151.60000610351562,154.02999877929688,151.1300048828125,153.6999969482422,56182000,150.68000030517578,142.22719955444336,147.28424976348876,-0.014496494188358522,0.015562060345696625
2023-03-08,150.5482635498047,152.8699951171875,153.47000122070312,151.8300018310547,152.80999755859375,47204800,150.59100036621095,142.63999954223632,147.36184970855712,0.00837723590066819,0.015038285480681333
2023-03-09,148.3029022216797,150.58999633789062,154.5399932861328,150.22999572753906,153.55999755859375,53833600,150.5245002746582,143.0145994567871,147.42684970855714,-0.014914625839747453,0.014885325506466348
2023-03-10,146.24462890625,148.5,150.94000244140625,147.61000061035156,150.2100067138672,68572400,150.40600051879883,143.38399948120116,147.45379970550536,-0.0138787196275717,0.015126907795904827
2023-03-13,148.18475341796875,150.47000122070312,153.13999938964844,147.6999969482422,147.80999755859375,84457100,150.37900085449218,143.87259948730468,147.50434970855713,0.013266001486216261,0.015444320405828967
2023-03-14,150.27252197265625,152.58999633789062,153.39999389648438,150.10000610351562,151.27999877929688,73695900,150.31600036621094,144.33219940185546,147.5646996688843,0.01408915464869298,0.015174573146495658
2023-03-15,150.66644287109375,152.99000549316406,153.25,149.9199981689453,151.19000244140625,77167900,150.30550079345704,144.79339965820313,147.6107497024536,0.0026214638237991306,0.015158634825795941
2023-03-16,153.4830322265625,155.85000610351562,156.4600067138672,151.63999938964844,152.16000366210938,76161100,150.33150100708008,145.40899978637697,147.64179973602296,0.018694035607962345,0.01542473826727518
2023-03-17,152.6459197998047,155.0,156.74000549316406,154.27999877929688,156.0800018310547,98944600,150.39600067138673,145.98179977416993,147.6725997543335,-0.00545400109224925,0.015282395887338682
2023-03-20,155.0094451904297,157.39999389648438,157.82000732421875,154.14999389648438,155.07000732421875,73641400,150.63850021362305,146.62939971923828,147.7160496902466,0.015483831590221708,0.015507911320670038
2023-03-21,156.86094665527344,159.27999877929688,159.39999389648438,156.5399932861328,157.32000732421875,73938300,151.17850036621093,147.22259979248048,147.75639965057374,0.011944122971497162,0.01413447913802889
2023-03-22,155.4329376220703,157.8300018310547,162.13999938964844,157.80999755859375,159.3000030517578,75701800,151.6245002746582,147.77619995117186,147.81864963531496,-0.009103446505241086,0.014418263063947239
2023-03-23,156.51622009277344,158.92999267578125,161.5500030517578,157.67999267578125,158.8300018310547,67622100,152.10100021362305,148.34019989013672,147.8825996017456,0.006969466083539766,0.014445454979942967
2023-03-24,157.81622314453125,160.25,160.33999633789062,157.85000610351562,158.86000061035156,59196500,152.7779998779297,148.87539978027343,147.94029956817627,0.008305589788276002,0.013585581505258222
2023-03-27,155.87612915039062,158.27999877929688,160.77000427246094,157.8699951171875,159.94000244140625,52390300,153.29599990844727,149.3727996826172,147.9918995285034,-0.012293299349161457,0.014056485519863497
2023-03-28,155.2556610107422,157.64999389648438,158.49000549316406,155.97999572753906,157.97000122070312,45992200,153.80799942016603,149.83059967041015,148.06694950103758,-0.003980318976947728,0.014070804163682062
2023-03-29,158.3283233642578,160.77000427246094,161.0500030517578,159.35000610351562,159.3699951171875,51305700,154.58099975585938,150.32719970703124,148.18514949798583,0.019790742129842442,0.013873912156958147
2023-03-30,159.89413452148438,162.36000061035156,162.47000122070312,161.27000427246094,161.52999877929688,49501700,155.40349960327148,150.87019958496094,148.33754947662354,0.009889881791605992,0.013911156144886356
2023-03-31,162.3955535888672,164.89999389648438,165.0,161.91000366210938,162.44000244140625,68749800,156.09699935913085,151.4627993774414,148.49824947357178,0.015644205941022005,0.01231868145717743
2023-04-03,163.64625549316406,166.1699981689453,166.2899932861328,164.22000122070312,164.27000427246094,56976200,156.7139991760254,152.02879943847657,148.6519495010376,0.00770166355044366,0.01189863711191201
2023-04-04,163.11447143554688,165.6300048828125,166.83999633789062,165.11000061035156,166.60000610351562,46278300,157.41549911499024,152.51919952392578,148.8297995376587,-0.003249643690696802,0.011228716047153553
2023-04-05,161.27291870117188,163.75999450683594,165.0500030517578,161.8000030517578,164.74000549316406,51511700,157.95999908447266,152.94379943847656,148.9907995223999,-0.011290287513422759,0.011721250964144501
2023-04-06,162.1592254638672,164.66000366210938,164.9600067138672,162.0,162.42999267578125,45390100,158.6634994506836,153.39979949951172,149.1347495651245,0.005495903672834368,0.010891670273089548
2023-04-10,159.5691680908203,162.02999877929688,162.02999877929688,160.0800018310547,161.4199981689453,47716900,159.33999938964843,153.76119934082033,149.26814952850341,-0.01597233586979263,0.01108625632056996
2023-04-11,158.3578338623047,160.8000030517578,162.36000061035156,160.50999450683594,162.35000610351562,47644200,159.85649948120118,154.05859954833986,149.3807995223999,-0.007591160506113748,0.011191585727003536
2023-04-12,157.66847229003906,160.10000610351562,162.05999755859375,159.77999877929688,161.22000122070312,50133100,160.23199996948242,154.40059967041014,149.47299953460694,-0.004353214769634461,0.011021670158855223
2023-04-13,163.04556274414062,165.55999755859375,165.8000030517578,161.4199981689453,161.6300048828125,68445600,160.8604995727539,154.82599975585939,149.59249950408935,0.03410363052421039,0.013098084450017247
2023-04-14,162.7008514404297,165.2100067138672,166.32000732421875,163.82000732421875,164.58999633789062,49386500,161.3284996032715,155.22160003662108,149.73134952545166,-0.0021139819394035975,0.012692691787630609
2023-04-17,162.7205810546875,165.22999572753906,165.38999938964844,164.02999877929688,165.08999633789062,41516200,161.83999938964843,155.5097998046875,149.86134952545166,0.0001209915432451858,0.012557843225634675
2023-04-18,163.94171142578125,166.47000122070312,167.41000366210938,165.64999389648438,166.10000610351562,49923000,162.2934997558594,155.74919982910157,150.01009952545166,0.0075047238711354325,0.012273082780544939
2023-04-19,165.08412170410156,167.6300048828125,168.16000366210938,165.5399932861328,165.8000030517578,47720200,162.71100006103515,156.06720001220702,150.15359958648682,0.006968244450070493,0.012129177323731137
2023-04-20,164.11898803710938,166.64999389648438,167.8699951171875,165.55999755859375,166.08999633789062,52456400,163.15199966430663,156.30720001220703,150.27904956817628,-0.0058462742813449875,0.011984380308840442
2023-04-21,162.51376342773438,165.02000427246094,166.4499969482422,164.49000549316406,165.0500030517578,58337300,163.4565002441406,156.56920013427734,150.38954959869386,-0.00978091619394783,0.012259090869995916
2023-04-24,162.8190460205078,165.3300018310547,165.60000610351562,163.88999938964844,165.0,41949600,163.71050033569335,156.85840026855467,150.48444957733153,0.001878545331279513,0.012167692139665674
2023-04-25,161.2827606201172,163.77000427246094,166.30999755859375,163.72999572753906,165.19000244140625,48714100,163.98500061035156,157.1136004638672,150.56809963226317,-0.0094356592349637,0.01201134640809853
2023-04-26,161.27291870117188,163.75999450683594,165.27999877929688,162.8000030517578,163.05999755859375,45498800,164.29050064086914,157.3118002319336,150.6625496292114,-6.112087295517821e-05,0.01194430502170588
2023-04-27,165.8522491455078,168.41000366210938,168.55999755859375,165.19000244140625,165.19000244140625,64902300,164.67250061035156,157.61600036621093,150.7752996444702,0.02839526936524983,0.012747905410393202
2023-04-28,167.10296630859375,169.67999267578125,169.85000610351562,167.8800048828125,168.49000549316406,55275900,165.03850021362305,157.90300018310546,150.8962495803833,0.007541054486406518,0.012685945404909962
2023-05-01,167.01434326171875,169.58999633789062,170.4499969482422,168.63999938964844,169.27999877929688,52472900,165.27300033569335,158.22059997558594,151.00184955596924,-0.0005303886243240852,0.012299000549157314
2023-05-02,165.9802703857422,168.5399932861328,170.35000610351562,167.5399932861328,170.08999633789062,48425700,165.39150009155273,158.54039978027345,151.0936995315552,-0.006191420923589042,0.012321085643340949
2023-05-03,164.90684509277344,167.4499969482422,170.9199981689453,167.16000366210938,169.5,65136000,165.4824996948242,158.9197998046875,151.19559947967528,-0.006467285993302041,0.012397238136211805
2023-05-04,163.2720489501953,165.7899932861328,167.0399932861328,164.30999755859375,164.88999938964844,81235400,165.58399963378906,159.25739959716796,151.26954944610597,-0.009913429037699317,0.012331273214326961
2023-05-05,170.93389892578125,173.57000732421875,174.3000030517578,170.75999450683594,170.97999572753906,113453200,166.02949981689454,159.74079986572266,151.37219951629638,0.04692692172716728,0.016089024908202524
2023-05-08,170.8649444580078,173.5,173.85000610351562,172.11000061035156,172.47999572753906,55962800,166.60299987792968,160.27659973144532,151.4629494857788,-0.0004033376808469935,0.015500920285051725
2023-05-09,169.16127014160156,171.77000427246094,173.5399932861328,171.60000610351562,173.0500030517578,45326900,167.15149993896483,160.75359985351562,151.55134952545166,-0.009971156931060876,0.01559967249280625
2023-05-10,170.92405700683594,173.55999755859375,174.02999877929688,171.89999389648438,173.02000427246094,53724500,167.82449951171876,161.27659973144532,151.6543995285034,0.010420872338650744,0.015562038961180637
2023-05-11,171.11114501953125,173.75,174.58999633789062,172.1699981689453,173.85000610351562,49514700,168.23399963378907,161.84539978027342,151.76514949798585,0.0010947363682816125,0.013878189884871496
2023-05-12,170.1841583251953,172.57000732421875,174.05999755859375,171.0,173.6199951171875,45533100,168.60199966430665,162.37859985351562,151.84404956817627,-0.006791324752697836,0.01399903894802559
2023-05-15,169.69107055664062,172.07000732421875,173.2100067138672,171.47000122070312,173.16000366210938,37266700,168.94400024414062,162.79940002441407,151.91764957427978,-0.002897374855299284,0.014039670408845706
2023-05-16,169.69107055664062,172.07000732421875,173.13999938964844,171.8000030517578,171.99000549316406,42110300,169.2240005493164,163.16420013427734,151.9654496383667,0.0,0.013988431670748975
2023-05-17,170.30250549316406,172.69000244140625,172.92999267578125,170.4199981689453,171.7100067138672,57951600,169.47700042724608,163.58600006103515,152.02134967803954,0.0036031562201266354,0.013942484415059265
2023-05-18,172.62986755371094,175.0500030517578,175.24000549316406,172.5800018310547,173.0,65496700,169.89700088500976,164.02960021972658,152.09654972076416,0.013666110237923634,0.014077621774351689
2023-05-19,172.73834228515625,175.16000366210938,176.38999938964844,174.94000244140625,176.38999938964844,55809500,170.40400085449218,164.52100036621093,152.14169971466063,0.0006283953638037687,0.013786999950219472
2023-05-22,171.79161071777344,174.1999969482422,174.7100067138672,173.4499969482422,173.97999572753906,43570900,170.84750061035157,165.03500030517577,152.1836497116089,-0.005480741572254533,0.013918185314193091
2023-05-23,169.1881103515625,171.55999755859375,173.3800048828125,171.27999877929688,173.1300048828125,50747300,171.23700027465821,165.45680023193358,152.21469966888426,-0.015154991021227304,0.01423592367109381
2023-05-24,169.4642333984375,171.83999633789062,172.4199981689453,170.52000427246094,171.08999633789062,45143500,171.64100036621093,165.8418002319336,152.2495496749878,0.00163207497832496,0.01422541848629343
2023-05-25,170.59835815429688,172.99000549316406,173.89999389648438,171.69000244140625,172.41000366210938,56058300,171.87000045776367,166.24180023193358,152.28989971160888,0.0066923253013353445,0.012913844758839037
2023-05-26,173.00457763671875,175.42999267578125,175.77000427246094,173.11000061035156,173.32000732421875,54835000,172.15750045776366,166.6333999633789,152.32084964752198,0.014104787011603337,0.013158667291789961
2023-05-30,174.84877014160156,177.3000030517578,178.99000549316406,176.57000732421875,176.9600067138672,55964400,172.54300079345703,167.07940002441407,152.36489963531494,0.010659581907596527,0.013293875849209146
2023-05-31,174.79946899414062,177.25,179.35000610351562,176.75999450683594,177.3300018310547,99625300,172.9785011291504,167.47640014648437,152.39064960479737,-0.0002820251037627397,0.013160024865183414
2023-06-01,177.60018920898438,180.08999633789062,180.1199951171875,176.92999267578125,177.6999969482422,68901800,173.61050109863282,167.89260009765624,152.42514957427977,0.016022546335066945,0.013304227538050691
2023-06-02,178.44830322265625,180.9499969482422,181.77999877929688,179.25999450683594,181.02999877929688,61996900,174.36850128173828,168.355,152.46474956512452,0.004775393568990927,0.012911177387830713
2023-06-05,177.0972442626953,179.5800018310547,184.9499969482422,178.0399932861328,182.6300048828125,121946500,174.66900100708008,168.76800018310547,152.48989955902098,-0.0075711253953729685,0.008461456341720254
2023-06-06,176.73239135742188,179.2100067138672,180.1199951171875,177.42999267578125,179.97000122070312,64848400,174.95450134277343,169.1472003173828,152.51519962310792,-0.002060335858196427,0.00849157900675311
2023-06-07,175.36158752441406,177.82000732421875,181.2100067138672,177.32000732421875,178.44000244140625,61944600,175.25700149536132,169.53800048828126,152.5466996383667,-0.007756259904993845,0.008345160528686762
2023-06-08,178.07357788085938,180.57000732421875,180.83999633789062,177.4600067138672,177.89999389648438,50214900,175.60750198364258,169.99640075683592,152.6116996383667,0.01546507640721173,0.008689634546249743
2023-06-09,178.45819091796875,180.9600067138672,182.22999572753906,180.6300048828125,181.5,48900000,175.96800231933594,170.40020080566407,152.68034969329835,0.002159823746078704,0.008686945028438068
2023-06-12,181.24903869628906,183.7899932861328,183.88999938964844,180.97000122070312,181.27000427246094,54274900,176.52900161743165,170.82880065917968,152.76164966583252,0.015638740424785524,0.008927178079891965
2023-06-13,180.77565002441406,183.30999755859375,184.14999389648438,182.44000244140625,182.8000030517578,54929100,177.09100112915038,171.19700073242188,152.828049659729,-0.002611653218746124,0.008917142970218802
2023-06-14,181.40679931640625,183.9499969482422,184.38999938964844,182.02000427246094,183.3699951171875,57462900,177.68500061035155,171.55260070800782,152.92969966888427,0.003491350161869189,0.008885182965574575
2023-06-15,183.43832397460938,186.00999450683594,186.52000427246094,183.77999877929688,183.9600067138672,65433200,178.35100021362305,171.96020050048827,153.0528496170044,0.011198682211304156,0.009055860439890378
2023-06-16,182.36338806152344,184.9199981689453,186.99000549316406,184.27000427246094,186.72999572753906,101256200,178.84449996948243,172.38340057373046,153.18289958953858,-0.005859880490725833,0.008984038747964171
2023-06-20,182.4521484375,185.00999450683594,186.10000610351562,184.41000366210938,184.41000366210938,49799100,179.33699951171874,172.790400390625,153.32184955596924,0.0004866771511018442,0.008985884590859826
2023-06-21,181.41671752929688,183.9600067138672,185.41000366210938,182.58999633789062,184.89999389648438,49515700,179.825,173.2290005493164,153.45184955596923,-0.0056753030870986265,0.008995395752350263
2023-06-22,184.41465759277344,187.0,187.0500030517578,183.6699981689453,183.74000549316406,51245300,180.5970001220703,173.75300048828126,153.60779956817626,0.016525294494369236,0.008445763726269394
2023-06-23,184.09906005859375,186.67999267578125,187.55999755859375,185.00999450683594,185.5500030517578,53117000,181.33899993896483,174.28460021972657,153.76854953765869,-0.0017112691134693048,0.008535043866295163
2023-06-26,182.70858764648438,185.27000427246094,188.0500030517578,185.22999572753906,186.8300018310547,48088700,181.9529998779297,174.6788003540039,153.91509952545167,-0.007552970101992296,0.008901296633753835
2023-06-27,185.4600067138672,188.05999755859375,188.38999938964844,185.6699981689453,185.88999938964844,50730800,182.58450012207032,175.13580017089845,154.0830994796753,0.015059066345298966,0.008963629103428811
2023-06-28,186.633544921875,189.25,189.89999389648438,187.60000610351562,187.92999267578125,51216800,183.18199996948243,175.61620025634767,154.24249950408935,0.006327780797909854,0.008833425384704241
2023-06-29,186.96884155273438,189.58999633789062,190.07000732421875,188.94000244140625,189.0800018310547,46347300,183.79899978637695,176.07860015869142,154.3732995223999,0.0017965460390521049,0.008801189078700873
2023-06-30,191.28826904296875,193.97000122070312,194.47999572753906,191.25999450683594,191.6300048828125,85213200,184.49300003051758,176.60540008544922,154.57394954681396,0.023102510509079632,0.00945350587502665
2023-07-03,189.79917907714844,192.4600067138672,193.8800048828125,191.75999450683594,193.77999877929688,31458200,185.06850051879883,177.12160034179686,154.75969959259032,-0.007784680606965799,0.009793668460153455
2023-07-05,188.68478393554688,191.3300018310547,192.97999572753906,190.6199951171875,191.57000732421875,46920300,185.65600051879883,177.64780029296875,154.95449962615967,-0.005871375056598072,0.009702841516995502
2023-07-06,189.15814208984375,191.80999755859375,192.02000427246094,189.1999969482422,189.83999633789062,45094300,186.28600006103517,178.17740020751953,155.16004962921141,0.002508732153585047,0.00962549349520023
2023-07-07,188.04379272460938,190.67999267578125,192.6699981689453,190.24000549316406,191.41000366210938,46815000,186.9289993286133,178.71559997558595,155.34104961395263,-0.0058912720775532446,0.00951970073511288
2023-07-10,186.0023956298828,188.61000061035156,189.99000549316406,187.0399932861328,189.25999450683594,59922200,187.33099899291992,179.21260009765626,155.49959964752196,-0.010855843008916843,0.009603364508904269
2023-07-11,185.47972106933594,188.0800018310547,189.3000030517578,186.60000610351562,189.16000366210938,46638100,187.6869987487793,179.60600006103516,155.67139965057373,-0.002810024800285138,0.009669187036654274
2023-07-12,187.14634704589844,189.77000427246094,191.6999969482422,188.47000122070312,189.67999267578125,60750200,187.9859992980957,180.00780029296874,155.85654964447022,0.008985550962107736,0.009281034844147202
2023-07-13,187.9056854248047,190.5399932861328,191.19000244140625,189.77999877929688,190.5,41342300,188.34749908447264,180.42680023193358,156.05709964752197,0.004057485357729984,0.00923984429842223
2023-07-14,188.0536346435547,190.69000244140625,191.17999267578125,189.6300048828125,190.22999572753906,41616200,188.68449935913085,180.86980041503907,156.2566996383667,0.0007872843526774975,0.009236292259032617
2023-07-17,191.30801391601562,193.99000549316406,194.32000732421875,191.80999755859375,191.89999389648438,50520200,189.08349990844727,181.4006005859375,156.46784969329835,0.017305590274832694,0.009653452045992711
2023-07-18,191.05160522460938,193.72999572753906,194.3300018310547,192.4199981689453,193.35000610351562,48288200,189.52399978637695,181.95940063476561,156.6872996902466,-0.0013403255748356546,0.009507969349942582
2023-07-19,192.4026641845703,195.10000610351562,198.22999572753906,192.64999389648438,193.10000610351562,80507300,190.02850036621095,182.39000061035156,156.95039974212648,0.007071751438550322,0.009553139404091691
2023-07-20,190.4599151611328,193.1300048828125,196.47000122070312,192.5,195.08999633789062,59581200,190.48700027465821,182.7826007080078,157.22504978179933,-0.010097391896840224,0.00980507935032349
2023-07-21,189.28634643554688,191.94000244140625,194.97000122070312,191.22999572753906,194.10000610351562,71951700,190.7340003967285,183.18600067138672,157.47249980926514,-0.006161665258219817,0.009398637745080837
2023-07-24,190.08514404296875,192.75,194.91000366210938,192.25,193.41000366210938,45377800,191.03750076293946,183.56980072021486,157.70574977874756,0.004220055998181094,0.009390657338040006
2023-07-25,190.943115234375,193.6199951171875,194.44000244140625,192.9199981689453,193.3300018310547,37283200,191.4550003051758,183.9672006225586,157.9418497848511,0.004513593344682265,0.009153379175208297
2023-07-26,191.8109588623047,194.5,195.63999938964844,193.32000732421875,193.6699981689453,47471900,191.7770004272461,184.4058004760742,158.18719982147218,0.00454501035536059,0.008667816180526878
2023-07-27,190.54869079589844,193.22000122070312,197.1999969482422,192.5500030517578,196.02000427246094,47460200,191.97550048828126,184.8288003540039,158.45284984588622,-0.006580970587644619,0.008786486057275712
2023-07-28,193.12258911132812,195.8300018310547,196.6300048828125,194.13999938964844,194.6699981689453,48291400,192.28750076293946,185.30400024414064,158.72989986419677,0.013507921508448373,0.009216811990669328
2023-07-31,193.7340087890625,196.4499969482422,196.49000549316406,195.25999450683594,196.05999755859375,38824100,192.4115005493164,185.77920013427735,159.0172498703003,0.003165986372825502,0.007734679694140711
2023-08-01,192.90562438964844,195.61000061035156,196.72999572753906,195.27999877929688,196.24000549316406,35175100,192.56900024414062,186.19040008544923,159.3035998916626,-0.004275878599845129,0.007571026318711758
2023-08-02,189.91751098632812,192.5800018310547,195.17999267578125,191.85000610351562,195.0399932861328,50389300,192.63150024414062,186.53880004882814,159.55154987335206,-0.015489999334607263,0.00829100208079673
2023-08-03,188.52700805664062,191.1699981689453,192.3699951171875,190.69000244140625,191.57000732421875,61235200,192.5995002746582,186.8782000732422,159.81549983978272,-0.007321651514710981,0.00844673299397141
2023-08-04,179.47389221191406,181.99000549316406,187.3800048828125,181.9199981689453,185.52000427246094,115956800,192.16500091552734,187.08680023193358,160.01339984893798,-0.04802004898105661,0.013624375498531205
2023-08-07,176.37733459472656,178.85000610351562,183.1300048828125,177.35000610351562,182.1300048828125,97576100,191.67700119018554,187.22700042724608,160.18889987945556,-0.017253691383433578,0.013909451947022262
2023-08-08,177.314208984375,179.8000030517578,180.27000427246094,177.5800018310547,179.69000244140625,67823000,191.26300125122071,187.36320037841796,160.3685998916626,0.005311696482092065,0.014019873527943613
2023-08-09,175.72645568847656,178.19000244140625,180.92999267578125,177.00999450683594,180.8699951171875,60378500,190.68400115966796,187.41840057373048,160.5425999069214,-0.00895439701348677,0.013842464076324347
2023-08-10,175.50949096679688,177.97000122070312,180.75,177.60000610351562,179.47999572753906,54686900,190.05550155639648,187.43180053710938,160.69609989166258,-0.0012346440186814522,0.013749710343103152
2023-08-11,175.5687255859375,177.7899932861328,178.6199951171875,176.5500030517578,177.32000732421875,52036700,189.4105010986328,187.44260040283203,160.83779987335205,-0.0010114509936260951,0.013727328995063836
2023-08-14,177.21791076660156,179.4600067138672,179.69000244140625,177.30999755859375,177.97000122070312,43675600,188.68400115966796,187.43000061035156,160.97339992523194,0.009393180104611876,0.013203041545745078
2023-08-15,175.2329864501953,177.4499969482422,179.47999572753906,177.0500030517578,178.8800048828125,43622600,187.87000122070313,187.36000061035156,161.11389987945557,-0.01120032146677552,0.013290136548397363
2023-08-16,174.36399841308594,176.57000732421875,178.5399932861328,176.5,177.1300048828125,46964900,186.9435012817383,187.29980072021485,161.27274990081787,-0.004959085033290345,0.013018125753140767
2023-08-17,171.8261260986328,174.0,177.50999450683594,173.47999572753906,177.13999938964844,66062900,185.98700103759765,187.1956005859375,161.36404987335206,-0.014555174817995509,0.0131493830083027
2023-08-18,172.30999755859375,174.49000549316406,175.10000610351562,171.9600067138672,172.3000030517578,61172200,185.11450119018554,187.1290005493164,161.4697999191284,0.0028161235239314575,0.013264617793166684
2023-08-21,173.6431121826172,175.83999633789062,176.1300048828125,173.74000549316406,175.07000732421875,46311900,184.26900100708008,187.03440032958986,161.59574993133546,0.007736780344014926,0.013411155290044923
2023-08-22,175.0157470703125,177.22999572753906,177.67999267578125,176.25,177.05999755859375,42038900,183.44950103759766,186.9598001098633,161.75674991607667,0.007904910251348207,0.01355173211448078
2023-08-23,178.8571014404297,181.1199951171875,181.5500030517578,178.3300018310547,178.52000427246094,52722800,182.78050079345704,186.90640014648437,161.96794986724854,0.021948877071738204,0.014664299548213576
2023-08-24,174.1763916015625,176.3800048828125,181.10000610351562,176.00999450683594,180.6699981689453,54945800,181.9385009765625,186.76780029296876,162.15794986724853,-0.02617044148719283,0.015513795783433069
2023-08-25,176.3784942626953,178.61000061035156,179.14999389648438,175.82000732421875,177.3800048828125,51449600,181.07750091552734,186.66100036621094,162.35639987945558,0.01264313224744873,0.01546227915100475
2023-08-28,177.9387664794922,180.19000244140625,180.58999633789062,178.5500030517578,180.08999633789062,43820700,180.26450119018554,186.54460052490234,162.5598498916626,0.008846099466185864,0.01566092709568062
2023-08-29,181.81964111328125,184.1199951171875,184.89999389648438,179.5,179.6999969482422,53003900,179.69000091552735,186.52860046386718,162.8060998916626,0.02181027039532446,0.01670507391721157
2023-08-30,185.30555725097656,187.64999389648438,187.85000610351562,184.74000549316406,184.94000244140625,60813900,179.44350051879883,186.58140045166016,163.00999988555907,0.019172272827023162,0.017121702792071283
2023-08-31,185.5227813720703,187.8699951171875,189.1199951171875,187.47999572753906,187.83999633789062,60794500,179.27850036621095,186.65960021972657,163.20084987640382,0.001172401960345848,0.017065941946809108
2023-09-01,187.0929412841797,189.4600067138672,189.9199981689453,188.27999877929688,189.49000549316406,45766500,179.6520004272461,186.7088003540039,163.40674991607665,0.008463361036912254,0.013022958106216391
2023-09-05,187.32997131347656,189.6999969482422,189.97999572753906,187.61000061035156,188.27999877929688,45280000,180.19449996948242,186.76920043945313,163.6050499343872,0.0012667065653462206,0.01220774667895875
2023-09-06,180.6248016357422,182.91000366210938,188.85000610351562,181.47000122070312,188.39999389648438,81755800,180.35,186.7220004272461,163.7756499862671,-0.03579332311737149,0.014953075321886417
2023-09-07,175.34161376953125,177.55999755859375,178.2100067138672,173.5399932861328,175.17999267578125,112488800,180.31849975585936,186.5120004272461,163.90984996795655,-0.029249390390909014,0.016290465080471182
2023-09-08,175.95387268066406,178.17999267578125,180.24000549316406,177.7899932861328,178.35000610351562,65551300,180.3289993286133,186.2906002807617,164.04429996490478,0.0034917499758519988,0.016306649168849517
2023-09-11,177.119140625,179.36000061035156,180.3000030517578,177.33999633789062,180.07000732421875,58953100,180.40749969482422,186.08600036621092,164.20104999542235,0.006622561359722834,0.016366374004230706
2023-09-12,174.0973663330078,176.3000030517578,180.1300048828125,174.82000732421875,179.49000549316406,90370200,180.24949951171874,185.73260040283202,164.33165004730225,-0.017060646455066664,0.016681541509185056
2023-09-13,172.0335235595703,174.2100067138672,177.3000030517578,173.97999572753906,176.50999450683594,84267900,180.0875,185.36760040283204,164.4473500442505,-0.011854771989295187,0.016703737285816558
2023-09-14,173.5443878173828,175.74000549316406,176.10000610351562,173.5800018310547,174.0,60895800,180.04599990844727,185.0558004760742,164.58550006866454,0.008782496529087691,0.01680541859481266
2023-09-15,172.82347106933594,175.00999450683594,176.5,173.82000732421875,176.47999572753906,109259500,180.09649963378905,184.71980041503906,164.73945003509522,-0.004153926047057777,0.016492580425928414
2023-09-18,175.74649047851562,177.97000122070312,179.3800048828125,176.1699981689453,176.47999572753906,67257600,180.270499420166,184.4656005859375,164.923450050354,0.016913358132535583,0.016896680662693925
2023-09-19,176.83274841308594,179.07000732421875,179.6300048828125,177.1300048828125,177.52000427246094,51826900,180.43199996948243,184.27480072021484,165.0786500930786,0.006180851244426799,0.016868192283546843
2023-09-20,173.29751586914062,175.49000549316406,179.6999969482422,175.39999389648438,179.25999450683594,58436200,180.34500045776366,184.02300079345704,165.21455013275147,-0.01999219123598317,0.017415777636470533
2023-09-21,171.7569580078125,173.92999267578125,176.3000030517578,173.86000061035156,174.5500030517578,63149100,179.98550033569336,183.70620056152345,165.3451501083374,-0.008889468166570769,0.016687737343727117
2023-09-22,172.60623168945312,174.7899932861328,177.0800018310547,174.0500030517578,174.6699981689453,56725400,179.90599975585937,183.39120056152345,165.485950050354,0.0049445216268977354,0.01572776851115845
2023-09-25,173.88009643554688,176.0800018310547,176.97000122070312,174.14999389648438,174.1999969482422,46172700,179.77949981689454,183.0990005493164,165.65180004119873,0.00738033408360006,0.015542148823234488
2023-09-26,169.8115997314453,171.9600067138672,175.1999969482422,171.66000366210938,174.82000732421875,64588900,179.36800003051758,182.65840057373046,165.80690006256103,-0.023398427273646605,0.016170693416965108
2023-09-27,168.3007049560547,170.42999267578125,173.0399932861328,169.0500030517578,172.6199951171875,66921800,178.68349990844726,182.19240051269531,165.94580005645753,-0.008897499292564004,0.015198619966674876
2023-09-28,168.55743408203125,170.69000244140625,172.02999877929688,167.6199951171875,169.33999633789062,56294400,177.83550033569335,181.70420043945313,166.088450050354,0.0015256103784480057,0.014282805909353305
2023-09-29,169.07093811035156,171.2100067138672,173.07000732421875,170.33999633789062,172.02000427246094,51861100,177.00250091552735,181.26580047607422,166.22205005645753,0.003046483478957418,0.014328931152194092
2023-10-02,171.5792236328125,173.75,174.3000030517578,170.92999267578125,171.22000122070312,52164500,176.21700057983398,180.9020004272461,166.363450050354,0.014835542237771948,0.014699193108348147
2023-10-03,170.24609375,172.39999389648438,173.6300048828125,170.82000732421875,172.25999450683594,49594600,175.35200042724608,180.49500030517578,166.50939998626708,-0.007769819300809333,0.014660660738803852
2023-10-04,171.4903106689453,173.66000366210938,174.2100067138672,170.97000122070312,171.08999633789062,53020300,174.8895004272461,180.09580047607423,166.69520000457763,0.00730864159068112,0.01290741542718013
2023-10-05,172.7247314453125,174.91000366210938,175.4499969482422,172.67999267578125,173.7899932861328,48527900,174.7570007324219,179.70400054931642,166.897200050354,0.007197972898999483,0.01142107745583964
2023-10-06,175.2725067138672,177.49000549316406,177.99000549316406,173.17999267578125,173.8000030517578,57266700,174.722501373291,179.38940063476562,167.1228001022339,0.014750453244736894,0.011905210670859666
2023-10-09,176.75376892089844,178.99000549316406,179.0500030517578,175.8000030517578,176.80999755859375,42390800,174.70400161743163,179.05260070800782,167.3562501144409,0.008451180086631815,0.011966633382099594
2023-10-10,176.16123962402344,178.38999938964844,179.72000122070312,177.9499969482422,178.10000610351562,43698000,174.80850143432616,178.69140075683595,167.57095012664794,-0.00335217657467779,0.011314964329141083
2023-10-11,177.5536346435547,179.8000030517578,179.85000610351562,177.60000610351562,178.1999969482422,47551100,175.0880012512207,178.37520080566406,167.80880016326904,0.007904051050695804,0.011024501915280859
2023-10-12,178.45223999023438,180.7100067138672,182.33999633789062,179.0399932861328,180.07000732421875,56743100,175.33650131225585,178.1378009033203,168.05305019378662,0.005061199369654101,0.010928567683377634
2023-10-13,176.61550903320312,178.85000610351562,181.92999267578125,178.13999938964844,181.4199981689453,51427100,175.52850189208985,177.8914010620117,168.2971502304077,-0.01029273721015711,0.011177681106761232
2023-10-16,176.48712158203125,178.72000122070312,179.0800018310547,176.50999450683594,176.75,52517000,175.56600189208984,177.8260009765625,168.5605502319336,-0.0007268933652552212,0.010546110252411667
2023-10-17,174.9367218017578,177.14999389648438,178.4199981689453,174.8000030517578,176.64999389648438,57549400,175.47000122070312,177.79200073242188,168.79825019836426,-0.0087847320585005,0.010634704515696999
2023-10-18,173.6431121826172,175.83999633789062,177.5800018310547,175.11000061035156,175.5800018310547,54764400,175.48750076293945,177.71280059814453,169.0278002166748,-0.007394849583563845,0.009755214924469787
2023-10-19,173.26783752441406,175.4600067138672,177.83999633789062,175.19000244140625,176.0399932861328,59302900,175.56400146484376,177.65820068359375,169.27975025177003,-0.002160996541954341,0.009540917276364868
2023-10-20,170.7200927734375,172.8800048828125,175.4199981689453,172.63999938964844,175.30999755859375,64244000,175.46850204467773,177.55640075683593,169.5123502731323,-0.014704215959948308,0.010054934642550119
2023-10-23,170.8385772705078,173.0,174.00999450683594,169.92999267578125,170.91000366210938,55980100,175.314501953125,177.46060089111327,169.752250289917,0.0006940948276166203,0.009888881183180624
2023-10-24,171.2731170654297,173.44000244140625,173.6699981689453,171.4499969482422,173.0500030517578,43816600,175.38850173950195,177.34020080566407,169.97135032653807,0.0025433667133309967,0.008356164421553052
2023-10-25,168.96234130859375,171.10000610351562,173.05999755859375,170.64999389648438,171.8800048828125,57157000,175.42200241088867,177.21320098876953,170.17610038757323,-0.013491676112499795,0.00868371517032907
2023-10-26,164.80494689941406,166.88999938964844,171.3800048828125,165.6699981689453,170.3699951171875,70625300,175.23200225830078,177.01960083007813,170.35690040588378,-0.02460553222493822,0.010295170883638424
2023-10-27,166.1182861328125,168.22000122070312,168.9600067138672,166.8300018310547,166.91000366210938,58499100,175.08250198364257,176.90400085449218,170.5305503845215,0.007969332110484562,0.010456469455926607
2023-10-30,168.16246032714844,170.2899932861328,171.1699981689453,168.8699951171875,169.02000427246094,51131000,174.9095016479492,176.82000061035157,170.7149503326416,0.012305267212035398,0.010270631050964155
2023-10-31,168.63648986816406,170.77000427246094,170.89999389648438,167.89999389648438,169.35000610351562,44846000,174.82800216674804,176.71860076904298,170.8950003814697,0.0028187856318813154,0.010173296070709001
2023-11-01,171.79647827148438,173.97000122070312,174.22999572753906,170.1199951171875,171.0,56934900,174.84350204467773,176.65340087890624,171.0851503753662,0.018738635990994235,0.010923989578267432
2023-11-02,175.35150146484375,177.57000732421875,177.77999877929688,175.4600067138672,175.52000427246094,77334800,174.97650222778321,176.58240112304688,171.29695037841796,0.020693257908003027,0.011766791033128648
2023-11-03,174.4429931640625,176.64999389648438,176.82000732421875,173.35000610351562,174.24000549316406,79829200,174.93450164794922,176.5878009033203,171.5038503265381,-0.005181130764130404,0.011362019406200954
2023-11-06,176.99075317382812,179.22999572753906,179.42999267578125,176.2100067138672,176.3800048828125,63841300,174.94650115966797,176.60020080566406,171.71065032958984,0.014605162299448304,0.01168663780186325
2023-11-07,179.5484161376953,181.82000732421875,182.44000244140625,178.97000122070312,179.17999267578125,70530000,175.11800155639648,176.63280090332032,171.91420036315918,0.014450770844278482,0.012078724676192533
2023-11-08,180.6050262451172,182.88999938964844,183.4499969482422,181.58999633789062,182.35000610351562,49340300,175.27250137329102,176.60820098876954,172.11600036621093,0.005884897273828127,0.012026500857523536
2023-11-09,180.13101196289062,182.41000366210938,184.1199951171875,181.80999755859375,182.9600067138672,53763500,175.3575012207031,176.50340118408204,172.31875038146973,-0.0026245050529877245,0.012010028987454386
2023-11-10,184.31365966796875,186.39999389648438,186.57000732421875,183.52999877929688,183.97000122070312,66133400,175.73500061035156,176.47400115966798,172.5309503173828,0.02187374680264753,0.0126216740195662
2023-11-13,182.73159790039062,184.8000030517578,186.02999877929688,184.2100067138672,185.82000732421875,43627500,176.03900070190429,176.38080108642578,172.7253003692627,-0.008583642151914983,0.012836211526620603
2023-11-14,185.342041015625,187.44000244140625,188.11000061035156,186.3000030517578,187.6999969482422,60108400,176.5535011291504,176.33560119628908,172.94750038146972,0.01428571074703422,0.012876014398091615
2023-11-15,185.90565490722656,188.00999450683594,189.5,187.77999877929688,187.85000610351562,53790500,177.16200103759766,176.43760101318358,173.16610038757324,0.003040930740533243,0.012646015163630406
2023-11-16,187.58663940429688,189.7100067138672,190.9600067138672,188.64999389648438,189.57000732421875,54412900,177.87450103759767,176.68060119628908,173.38750045776368,0.009042137421952035,0.012633554127317086
2023-11-17,187.5668487548828,189.69000244140625,190.3800048828125,188.57000732421875,190.25,50922700,178.71500091552736,176.91080139160155,173.58185043334962,-0.0001054465855937492,0.011897003151567387
2023-11-20,189.30715942382812,191.4499969482422,191.91000366210938,189.8800048828125,189.88999938964844,46505100,179.63750076293945,177.1526013183594,173.76660041809083,0.009278267089376957,0.011899048675458428
2023-11-21,188.5062255859375,190.63999938964844,191.52000427246094,189.74000549316406,191.41000366210938,38134500,180.49750061035155,177.43940124511718,173.96115043640137,-0.004230856994020926,0.012072215797794479
2023-11-22,189.16873168945312,191.30999755859375,192.92999267578125,190.8300018310547,191.49000549316406,39617700,181.50800018310548,177.78140106201172,174.14445045471192,0.0035144679557825853,0.011288925943926921
2023-11-24,187.84371948242188,189.97000122070312,190.89999389648438,189.25,190.8699951171875,24048300,182.6620002746582,178.0660009765625,174.3347004699707,-0.0070043194552873445,0.009319763648571608
2023-11-27,187.66574096679688,189.7899932861328,190.6699981689453,188.89999389648438,189.9199981689453,40552600,183.7404998779297,178.36160095214845,174.52930046081542,-0.0009475597905649336,0.009459947333094177
2023-11-28,188.26890563964844,190.39999389648438,191.0800018310547,189.39999389648438,189.77999877929688,38415400,184.74599990844726,178.61020080566405,174.72625045776368,0.003214082048213829,0.009363647398853366
2023-11-29,187.25045776367188,189.3699951171875,192.08999633789062,188.97000122070312,190.89999389648438,43014200,185.6759994506836,178.81620056152343,174.90385040283203,-0.0054096576277038455,0.009669812375383745
2023-11-30,187.82395935058594,189.9499969482422,190.32000732421875,188.19000244140625,189.83999633789062,48794400,186.47499923706056,179.105400390625,175.08760040283204,0.0030627968844576525,0.009137617762731899
2023-12-01,189.09951782226562,191.24000549316406,191.55999755859375,189.22999572753906,190.3300018310547,45704800,187.15849914550782,179.45160064697265,175.2671504211426,0.006791305952341675,0.008329416219827381
2023-12-04,187.3097686767578,189.42999267578125,190.0500030517578,187.4499969482422,189.97999572753906,43389500,187.79749908447266,179.7444006347656,175.44575035095215,-0.00946461391650355,0.00862105585817608
2023-12-05,191.25509643554688,193.4199981689453,194.39999389648438,190.17999267578125,190.2100067138672,66628400,188.50699920654296,180.09120056152344,175.65010032653808,0.02106321938149014,0.009161564838582513
2023-12-06,190.1674346923828,192.32000732421875,194.75999450683594,192.11000061035156,194.4499969482422,41089700,189.03199920654296,180.49840057373046,175.8693003845215,-0.0056870585003612195,0.009041771333598162
2023-12-07,192.09559631347656,194.27000427246094,195.0,193.58999633789062,193.6300048828125,47477700,189.6009994506836,180.97520080566406,176.09610038757324,0.010139334827264257,0.009166128526753184
2023-12-08,193.51947021484375,195.7100067138672,195.99000549316406,193.6699981689453,194.1999969482422,53406400,190.2659996032715,181.4756008911133,176.32765045166016,0.00741237663940475,0.009112987978869034
2023-12-11,191.01779174804688,193.17999267578125,193.49000549316406,191.4199981689453,193.11000061035156,60943700,190.60499954223633,181.91500061035157,176.56000038146973,-0.012927361664163084,0.008748127449200895
2023-12-12,192.5306854248047,194.7100067138672,194.72000122070312,191.72000122070312,193.0800018310547,52696900,191.1004997253418,182.3342007446289,176.79395042419435,0.007920147510585007,0.008489260711465853
2023-12-13,195.74427795410156,197.9600067138672,198.0,194.85000610351562,195.08999633789062,70404200,191.62649993896486,182.84540100097655,177.04670043945313,0.016691489332522957,0.00867777130320925
2023-12-14,195.89260864257812,198.11000061035156,199.6199951171875,196.16000366210938,198.02000427246094,66831600,192.13150024414062,183.33440093994142,177.3107004547119,0.000757697976345284,0.008689026463191913
2023-12-15,195.35867309570312,197.57000732421875,198.39999389648438,197.0,197.52999877929688,128538400,192.5245002746582,183.7876010131836,177.56900047302247,-0.002725724519050843,0.00863203725263399
2023-12-18,193.69747924804688,195.88999938964844,196.6300048828125,194.38999938964844,196.08999633789062,55751900,192.83450012207032,184.1556008911133,177.79330047607422,-0.008503355126233125,0.008941971075473181
2023-12-19,194.7357177734375,196.94000244140625,196.9499969482422,195.88999938964844,196.16000366210938,40714100,193.1090003967285,184.51460083007814,178.00885047912598,0.005360166700849378,0.008807902296689183
2023-12-20,192.64932250976562,194.8300018310547,197.67999267578125,194.8300018310547,196.89999389648438,52242800,193.31850051879883,184.84340087890624,178.22500045776368,-0.010713925988598105,0.009141024919599372
2023-12-21,192.50100708007812,194.67999267578125,197.0800018310547,193.5,196.10000610351562,46482500,193.48700027465821,185.1410006713867,178.43405044555664,-0.0007699489496669765,0.00913233266718972
2023-12-22,191.43309020996094,193.60000610351562,195.41000366210938,192.97000122070312,195.17999267578125,37149600,193.66850051879882,185.3988006591797,178.64910049438475,-0.005547496470601487,0.009071466491698989
2023-12-26,190.88925170898438,193.0500030517578,193.88999938964844,192.8300018310547,193.61000061035156,28919300,193.83150100708008,185.68280059814452,178.87185050964356,-0.0028409247645567737,0.009102530783242293
2023-12-27,190.98814392089844,193.14999389648438,193.5,191.08999633789062,192.49000549316406,48087700,193.96900100708007,185.97140045166014,179.08525047302246,0.0005179530854488856,0.009086267695945142
2023-12-28,191.41331481933594,193.5800018310547,194.66000366210938,193.1699981689453,194.13999938964844,34049900,194.17950134277345,186.30000061035156,179.29020050048828,0.002226290179438317,0.008973267560774899
2023-12-29,190.3750762939453,192.52999877929688,194.39999389648438,191.72999572753906,193.89999389648438,42672100,194.30850143432616,186.63380065917968,179.48790046691894,-0.005424129774904141,0.009077526911486241
2024-01-02,183.56222534179688,185.63999938964844,188.44000244140625,183.88999938964844,187.14999389648438,82488700,194.02850112915038,186.83740051269533,179.63685043334962,-0.03578662771169838,0.012075044182767941
2024-01-03,182.187744140625,184.25,185.8800048828125,183.42999267578125,184.22000122070312,58414500,193.76950149536134,187.06480041503906,179.7831004333496,-0.007487607165581278,0.012013616149404568
2024-01-04,179.87391662597656,181.91000366210938,183.08999633789062,180.8800048828125,182.14999389648438,71983600,193.19400177001953,187.24300048828124,179.90565048217775,-0.012700115809447077,0.011035742075543213
2024-01-05,179.15211486816406,181.17999267578125,182.75999450683594,180.1699981689453,181.99000549316406,62379700,192.63700103759766,187.39780029296875,180.01515045166016,-0.004013033761925966,0.011020662805546613
2024-01-08,183.48309326171875,185.55999755859375,185.60000610351562,181.5,182.08999633789062,59144500,192.2015007019043,187.68700012207032,180.15380043029785,0.024174881663950876,0.012271924501693052
2024-01-09,183.06777954101562,185.13999938964844,185.14999389648438,182.72999572753906,183.9199981689453,42841800,191.67300033569336,188.05200012207033,180.2848504638672,-0.002263409002323802,0.012061161527270398
2024-01-10,184.10606384277344,186.19000244140625,186.39999389648438,183.9199981689453,184.35000610351562,46792900,191.3235008239746,188.41140014648437,180.41455047607423,0.005671400319862574,0.011947800516808788
2024-01-11,183.5127410888672,185.58999633789062,187.0500030517578,183.6199951171875,186.5399932861328,49128400,190.86750030517578,188.71740020751952,180.5511004638672,-0.0032225473744458277,0.011729829398752669
2024-01-12,183.8390655517578,185.9199981689453,186.74000549316406,185.19000244140625,186.05999755859375,40477800,190.2654998779297,189.0204000854492,180.6924504852295,0.0017781229460982484,0.010901785923050477
2024-01-16,181.57467651367188,183.6300048828125,184.25999450683594,180.92999267578125,182.16000366210938,65603000,189.54150009155273,189.2136001586914,180.80675048828124,-0.012317089655153213,0.01105082232689912
2024-01-17,180.6352996826172,182.67999267578125,182.92999267578125,180.3000030517578,181.27000427246094,47317400,188.79699935913087,189.31579986572265,180.9083504486084,-0.005173512943255187,0.011052676592580557
2024-01-18,186.5187225341797,188.6300048828125,189.13999938964844,185.8300018310547,186.08999633789062,78005800,188.43399963378906,189.5554000854492,181.02700050354005,0.032570683411353496,0.013652980317228728
2024-01-19,189.41590881347656,191.55999755859375,191.9499969482422,188.82000732421875,189.3300018310547,68903000,188.16499938964844,189.80200012207033,181.1539505004883,0.015533014896551123,0.014115360856804034
2024-01-22,191.71983337402344,193.88999938964844,195.3300018310547,192.25999450683594,192.3000030517578,60133900,188.1179992675781,190.0433999633789,181.29525047302246,0.01216330058858972,0.014237847950150267
2024-01-23,192.99539184570312,195.17999267578125,195.75,193.8300018310547,195.02000427246094,42355600,188.14299926757812,190.28919982910156,181.4523504638672,0.006653222395139657,0.01431724774704764
2024-01-24,192.32302856445312,194.5,196.3800048828125,194.33999633789062,195.4199981689453,53631300,188.18799896240233,190.53099975585937,181.60155044555665,-0.0034839261261312426,0.014280842938512887
2024-01-25,191.9967041015625,194.1699981689453,196.27000427246094,193.11000061035156,195.22000122070312,54822100,188.2439987182617,190.6863998413086,181.7622504425049,-0.0016966675118492702,0.014269763633989168
2024-01-26,190.26629638671875,192.4199981689453,194.75999450683594,191.94000244140625,194.27000427246094,44594000,188.20749893188477,190.83879974365234,181.92035041809083,-0.009012720896651283,0.014423434837856668
2024-01-29,189.58399963378906,191.72999572753906,192.1999969482422,189.5800018310547,192.00999450683594,47145600,188.114998626709,190.924599609375,182.07850036621093,-0.003585918553020817,0.01443284822453283
2024-01-30,185.935302734375,188.0399932861328,191.8000030517578,187.47000122070312,190.94000244140625,55859400,187.89049835205077,190.92519958496095,182.19090034484864,-0.01924582758897042,0.015006538821781129
2024-01-31,182.33604431152344,184.39999389648438,187.10000610351562,184.35000610351562,187.0399932861328,55467800,187.82849807739257,190.81899932861327,182.2868502807617,-0.01935758093816564,0.013366290174226072
2024-02-01,184.7685546875,186.86000061035156,186.9499969482422,183.82000732421875,183.99000549316406,64885400,187.95899810791016,190.76239929199218,182.39500030517578,0.013340600842146166,0.01358241750569739
2024-02-02,183.76983642578125,185.85000610351562,187.3300018310547,179.25,179.86000061035156,102551700,188.15599822998047,190.65039947509766,182.49190032958984,-0.0054050867148502935,0.01329599237071944
2024-02-05,185.57936096191406,187.67999267578125,189.25,185.83999633789062,188.14999389648438,69668800,188.48099822998046,190.5911993408203,182.5921502685547,0.009846577950857638,0.013373391500697317
2024-02-06,187.1812286376953,189.3000030517578,189.30999755859375,186.77000427246094,186.86000061035156,43490800,188.66799850463866,190.5509994506836,182.70540031433106,0.0086317691773099,0.012425708814632497
2024-02-07,187.2899932861328,189.41000366210938,191.0500030517578,188.61000061035156,190.63999938964844,53439000,188.88149871826172,190.53979949951173,182.8273503112793,0.0005810914346444651,0.012401787787462048
2024-02-08,186.21221923828125,188.32000732421875,189.5399932861328,187.35000610351562,189.38999938964844,40962000,188.98799896240234,190.51039978027345,182.94230033874513,-0.005754692554861496,0.012448707961021791
2024-02-09,186.97454833984375,188.85000610351562,189.99000549316406,188.0,188.64999389648438,45155200,189.1509994506836,190.47940002441408,183.0677003479004,0.0028143519471321987,0.012423231101298381
2024-02-12,185.29141235351562,187.14999389648438,188.6699981689453,186.7899932861328,188.4199981689453,41781900,189.21249923706054,190.435,183.18465034484862,-0.009001917670574011,0.012617472204958149
2024-02-13,183.20237731933594,185.0399932861328,186.2100067138672,183.50999450683594,185.77000427246094,56529500,189.28299865722656,190.3367999267578,183.26780029296876,-0.011274382469489308,0.012564179605508402
2024-02-14,182.32119750976562,184.14999389648438,185.52999877929688,182.44000244140625,185.32000732421875,54630500,189.35649871826172,190.19499969482422,183.34015029907226,-0.004809767736384418,0.012555860527978403
2024-02-15,182.03411865234375,183.86000061035156,184.49000549316406,181.35000610351562,183.5500030517578,65434500,189.11799850463868,190.08359985351564,183.41150032043458,-0.0015747667431138535,0.010029265099757515
2024-02-16,180.49948120117188,182.30999755859375,184.85000610351562,181.6699981689453,183.4199981689453,49752500,188.65549850463867,189.86139984130858,183.48035034179688,-0.008430343993322875,0.009327878215787724
2024-02-20,179.75692749023438,181.55999755859375,182.42999267578125,180.0,181.7899932861328,53665600,188.03899841308595,189.6461996459961,183.55090034484863,-0.004113872031395016,0.00867481606965057
2024-02-21,180.50941467285156,182.32000732421875,182.88999938964844,180.66000366210938,181.94000244140625,41371400,187.3959991455078,189.40719970703125,183.63355041503905,0.004185997884141424,0.008543208369569243
2024-02-22,182.53904724121094,184.3699951171875,184.9600067138672,182.4600067138672,183.47999572753906,52292200,186.88949890136718,189.18039947509766,183.68755035400392,0.011243899246467626,0.009146099166799378
2024-02-23,180.7073974609375,182.52000427246094,185.0399932861328,182.22999572753906,185.00999450683594,45119700,186.30699920654297,188.96719970703126,183.7326503753662,-0.010034121026855192,0.009290146608477979
2024-02-26,179.36090087890625,181.16000366210938,182.75999450683594,180.64999389648438,182.24000549316406,40867400,185.74399948120117,188.6961996459961,183.77960037231446,-0.007451241390074692,0.009243825452490998
2024-02-27,180.8163299560547,182.6300048828125,183.9199981689453,179.55999755859375,181.10000610351562,54318900,185.28899993896485,188.389599609375,183.82495040893554,0.008114380608232441,0.009567355623079319
2024-02-28,179.6183319091797,181.4199981689453,183.1199951171875,180.1300048828125,182.50999450683594,48953900,184.95800018310547,188.0557995605469,183.8633003997803,-0.006625454095802064,0.008780586945523222
2024-02-29,178.95498657226562,180.75,182.57000732421875,179.52999877929688,181.27000427246094,136682600,184.77550048828124,187.7193994140625,183.9042003631592,-0.003693077806788292,0.007767923379050147
2024-03-01,177.8758087158203,179.66000366210938,180.52999877929688,177.3800048828125,179.5500030517578,73563100,184.41550064086914,187.39479949951172,183.94215034484864,-0.00603040850838521,0.007065502547227079
2024-03-04,173.361083984375,175.10000610351562,176.89999389648438,173.7899932861328,176.14999389648438,81510100,183.87800064086915,186.95799957275392,183.9573003387451,-0.025381261636673647,0.008784186052532283
2024-03-05,168.43052673339844,170.1199951171875,172.0399932861328,169.6199951171875,170.75999450683594,95132400,183.00000076293946,186.46379943847657,183.944450302124,-0.028440952671264008,0.009946555999089009
2024-03-06,167.44046020507812,169.1199951171875,171.24000549316406,168.67999267578125,171.05999755859375,68587700,181.99100036621093,185.9525994873047,183.91480026245117,-0.005878203789690617,0.009426872910440197
2024-03-07,167.32167053222656,169.0,170.72999572753906,168.49000549316406,169.14999389648438,71765100,180.97050018310546,185.46059936523437,183.88400024414062,-0.0007095264939214196,0.009386826562141435
2024-03-08,169.03448486328125,170.72999572753906,173.6999969482422,168.94000244140625,169.0,76267000,180.09099960327148,185.01419921875,183.8666502380371,0.010236661109698675,0.010035409223888426
2024-03-11,171.03443908691406,172.75,174.3800048828125,172.0500030517578,172.94000244140625,60139500,179.2859992980957,184.60619934082033,183.87260025024415,0.01183157220764297,0.010585030965206256
2024-03-12,171.50965881347656,173.22999572753906,174.02999877929688,171.00999450683594,173.14999389648438,59825400,178.58999938964843,184.19919921875,183.87955024719238,0.002778557033511264,0.010642609279199076
2024-03-13,169.43051147460938,171.1300048828125,173.19000244140625,170.75999450683594,172.77000427246094,52488700,177.8944999694824,183.77119934082032,183.87025024414064,-0.012122559005482425,0.010675587896481294
2024-03-14,171.2819366455078,173.0,174.30999755859375,172.0500030517578,172.91000366210938,72913500,177.3370002746582,183.51839935302735,183.85810028076173,0.010927336316434166,0.011169297078127857
2024-03-15,170.9057159423828,172.6199951171875,172.6199951171875,170.2899932861328,171.1699981689453,121752700,176.775,183.2857992553711,183.83470024108885,-0.002196560016257232,0.011165814969187495
2024-03-18,171.99481201171875,173.72000122070312,177.7100067138672,173.52000427246094,175.57000732421875,75604200,176.34550018310546,183.12199920654297,183.81705024719238,0.006372414173507979,0.011283147565464283
2024-03-19,174.33135986328125,176.0800018310547,176.61000061035156,173.02999877929688,174.33999633789062,55215200,176.0715003967285,183.01999938964843,183.79700027465822,0.013585082856137465,0.011818825073428836
2024-03-20,176.8956298828125,178.6699981689453,178.6699981689453,175.08999633789062,175.72000122070312,53423100,175.88899993896484,182.88219940185547,183.7856002807617,0.014709202129471022,0.012307740079525573
2024-03-21,169.66810607910156,171.3699951171875,177.49000549316406,170.83999633789062,177.0500030517578,106181300,175.23899993896484,182.60679931640624,183.7445502471924,-0.04085746418856029,0.014845775583005455
2024-03-22,170.56912231445312,172.27999877929688,173.0500030517578,170.05999755859375,171.75999450683594,71160100,174.72699966430665,182.32859924316406,183.70990020751952,0.005310169154682409,0.0148891062619689
2024-03-25,169.1533203125,170.85000610351562,171.94000244140625,169.4499969482422,170.57000732421875,54288300,174.21149978637695,182.03379943847656,183.675050201416,-0.0083003986876804,0.014904342624752492
2024-03-26,168.02462768554688,169.7100067138672,171.4199981689453,169.5800018310547,170.0,57388400,173.56549987792968,181.709599609375,183.62075019836425,-0.006672515943357493,0.014698802978409526
2024-03-27,171.58885192871094,173.30999755859375,173.60000610351562,170.11000061035156,170.41000366210938,60273300,173.1599998474121,181.50319946289062,183.5825001525879,0.021212602099510702,0.015678445956131513
2024-03-28,169.7770233154297,171.47999572753906,172.22999572753906,170.50999450683594,171.75,65672700,172.69649963378907,181.27919952392577,183.52095016479493,-0.010559124440792766,0.015788429448740492
2024-04-01,168.34146118164062,170.02999877929688,171.25,169.47999572753906,171.19000244140625,46240500,172.21499938964843,180.90719940185548,183.45455017089844,-0.008455779008450959,0.015826167574540303
2024-04-02,167.16326904296875,168.83999633789062,169.33999633789062,168.22999572753906,169.0800018310547,49329500,171.9019989013672,180.4527993774414,183.37900016784667,-0.006998779332762939,0.01494458945366253
2024-04-03,167.96519470214844,169.64999389648438,170.67999267578125,168.5800018310547,168.7899932861328,47691700,171.87849884033204,179.96799926757814,183.29720016479493,0.004797427008780275,0.013603659645890644
2024-04-04,167.14346313476562,168.82000732421875,171.9199981689453,168.82000732421875,170.2899932861328,53704400,171.8634994506836,179.44079956054688,183.21670021057128,-0.00489234660846527,0.013583198460620286
2024-04-05,167.89590454101562,169.5800018310547,170.38999938964844,168.9499969482422,169.58999633789062,42104800,171.89249954223632,178.94239959716796,183.13955024719237,0.004501803541427263,0.01361881310465515
2024-04-08,166.77713012695312,168.4499969482422,169.1999969482422,168.24000549316406,169.02999877929688,37425500,171.77849960327148,178.42799957275392,183.06200019836425,-0.0066635503633162285,0.013490937699811415
2024-04-09,167.9850311279297,169.6699981689453,170.0800018310547,168.35000610351562,168.6999969482422,42373800,171.62449951171874,177.9729995727539,182.975350189209,0.007242512572309456,0.013306412320063648
2024-04-10,166.11378479003906,167.77999877929688,169.08999633789062,167.11000061035156,168.8000030517578,49709300,171.35199966430665,177.49399963378906,182.88085021972657,-0.01113926687125033,0.013471545458585596
2024-04-11,173.30166625976562,175.0399932861328,175.4600067138672,168.16000366210938,168.33999633789062,91070300,171.54749908447266,177.23399963378907,182.82970016479493,0.04327091762818491,0.016523427353159117
2024-04-12,174.7967071533203,176.5500030517578,178.36000061035156,174.2100067138672,174.25999450683594,101670900,171.72499923706056,177.07699981689453,182.77215019226074,0.00862665575607413,0.016460468583634168
2024-04-15,170.97503662109375,172.69000244140625,176.6300048828125,172.5,175.36000061035156,73531800,171.72849960327147,176.79359985351562,182.6893502044678,-0.021863497839872292,0.01723958916535443
2024-04-16,167.69790649414062,169.3800048828125,173.75999450683594,168.27000427246094,171.75,73711200,171.51149978637696,176.46419982910157,182.5883002471924,-0.019167279586534414,0.017695178753764706
2024-04-17,166.33160400390625,168.0,170.64999389648438,168.0,169.61000061035156,50901200,171.1074996948242,176.07059997558594,182.45845024108885,-0.008147389556206863,0.017409896004452113
2024-04-18,165.38111877441406,167.0399932861328,168.63999938964844,166.5500030517578,168.02999877929688,43122900,170.5259994506836,175.62539978027343,182.3313501739502,-0.0057143256777808515,0.016958873294712566
2024-04-19,163.36138916015625,165.0,166.39999389648438,164.0800018310547,166.2100067138672,68149400,170.2074996948242,175.13719970703124,182.19970016479493,-0.012212603975853775,0.014668127916882477
2024-04-22,164.19305419921875,165.83999633789062,167.25999450683594,164.77000427246094,165.52000427246094,48116400,169.8854995727539,174.68759948730468,182.0698501586914,0.005090886896306879,0.01466262131046636
2024-04-23,165.24252319335938,166.89999389648438,167.0500030517578,164.9199981689453,165.35000610351562,49537800,169.68799896240233,174.24859924316405,181.95095016479493,0.006391688265803275,0.014687942127608605
2024-04-24,167.34149169921875,169.02000427246094,169.3000030517578,166.2100067138672,166.5399932861328,48251800,169.65349884033202,173.88599945068358,181.85300018310548,0.012702279529689164,0.014935655911306547
2024-04-25,168.20285034179688,169.88999938964844,170.61000061035156,168.14999389648438,169.52999877929688,50558300,169.48249893188478,173.58299957275392,181.76205017089845,0.005147290824730311,0.014139979809246713
2024-04-26,167.6186981201172,169.3000030517578,171.33999633789062,169.17999267578125,169.8800048828125,44838400,169.3734992980957,173.28599975585936,181.6597001647949,-0.003472813820767917,0.013973059700950887
2024-04-29,171.77694702148438,173.5,176.02999877929688,173.10000610351562,173.3699951171875,68169400,169.54699935913087,173.07879974365235,181.57450019836426,0.024808014604454476,0.014929200144685953
2024-04-30,168.6384735107422,170.3300018310547,174.99000549316406,170.0,173.3300018310547,65934800,169.62149963378906,172.83919982910157,181.4727001953125,-0.01827088281812861,0.015455154031633328
2024-05-01,167.6186981201172,169.3000030517578,172.7100067138672,169.11000061035156,169.5800018310547,50383100,169.60400009155273,172.59399993896486,181.34925018310548,-0.006047077838456816,0.015488557901307197
2024-05-02,171.3116455078125,173.02999877929688,173.4199981689453,170.88999938964844,172.50999450683594,94214900,169.81449966430665,172.4081997680664,181.24575019836425,0.02203187040935095,0.01619408824013201
2024-05-03,181.55885314941406,183.3800048828125,187.0,182.66000366210938,186.64999389648438,163224100,170.50449981689454,172.3883999633789,181.18715019226073,0.05981625253732603,0.020821886756327977
2024-05-06,179.9054718017578,181.7100067138672,184.1999969482422,180.4199981689453,182.35000610351562,78569700,171.1675003051758,172.37220001220703,181.13005020141603,-0.009106762593950823,0.020895528949326912
2024-05-07,180.5885772705078,182.39999389648438,184.89999389648438,181.32000732421875,183.4499969482422,77305800,171.80400009155272,172.39699981689452,181.0823501586914,0.0037971886914498487,0.020881581586003263
2024-05-08,180.92523193359375,182.74000549316406,183.07000732421875,181.4499969482422,182.85000610351562,45057100,172.5520004272461,172.39919982910158,181.03230018615722,0.0018640987283840005,0.02059148586737641
2024-05-09,182.73704528808594,184.57000732421875,184.66000366210938,182.11000061035156,182.55999755859375,48983000,173.02850112915038,172.46220001220703,180.98705024719237,0.01001423758369735,0.01853387244784463
2024-05-10,181.4779510498047,183.0500030517578,185.08999633789062,182.1300048828125,184.89999389648438,50759500,173.3535011291504,172.5082000732422,180.92980026245118,-0.008235380680192916,0.018638786337212887
2024-05-13,184.68019104003906,186.27999877929688,187.10000610351562,184.6199951171875,185.44000244140625,72044800,174.03300094604492,172.64059997558593,180.89510025024413,0.017645428427694565,0.018064528389338665
2024-05-14,185.82032775878906,187.42999267578125,188.3000030517578,186.2899932861328,187.50999450683594,52393600,174.93550033569335,172.88719970703124,180.85310020446778,0.006173469529849429,0.017227287840071433
2024-05-15,188.09068298339844,189.72000122070312,190.64999389648438,187.3699951171875,187.91000366210938,70400000,176.02150039672853,173.27919982910157,180.81945022583008,0.012217940748059153,0.016996299641813997
2024-05-16,188.2096405029297,189.83999633789062,191.10000610351562,189.66000366210938,190.47000122070312,52845200,177.1615005493164,173.69359985351562,180.79060020446778,0.000632485327932919,0.016819842743322846
2024-05-17,188.2393798828125,189.8699951171875,190.80999755859375,189.17999267578125,189.50999450683594,41282900,178.40500030517578,174.11099975585938,180.77705017089843,0.00015802138577525326,0.01631341211055649
2024-05-20,189.3993377685547,191.0399932861328,191.9199981689453,189.00999450683594,189.3300018310547,44361300,179.66500015258788,174.51719970703124,180.77640014648438,0.006162101432736655,0.01630799146387618
2024-05-21,190.69808959960938,192.35000610351562,192.72999572753906,190.9199981689453,191.08999633789062,42309400,180.93750076293946,174.90919982910157,180.82820014953614,0.006857270013722827,0.01630707690959902
2024-05-22,189.26052856445312,190.89999389648438,192.82000732421875,190.27000427246094,192.27000427246094,34648500,182.03150024414063,175.26259979248047,180.88845008850097,-0.0075384047882530725,0.01657640559418643
2024-05-23,185.27505493164062,186.8800048828125,191.0,186.6300048828125,190.97999572753906,51005900,182.88100051879883,175.57759979248047,180.92385009765624,-0.021058088749084547,0.017666562348046363
2024-05-24,188.34841918945312,189.97999572753906,190.5800018310547,188.0399932861328,188.82000732421875,36327000,183.91500015258788,175.91719970703124,180.98280006408692,0.016588135507972,0.01773418765227197
2024-05-28,188.3583526611328,189.99000549316406,193.0,189.10000610351562,191.50999450683594,52280100,184.7395004272461,176.2645999145508,181.04290008544922,5.268852431883353e-05,0.017202854515394973
2024-05-29,188.65576171875,190.2899932861328,192.25,189.50999450683594,189.61000061035156,53068000,185.7375,176.59599975585937,181.10540008544922,0.0015789661787211084,0.016360561642484377
2024-05-30,189.6471710205078,191.2899932861328,192.17999267578125,190.6300048828125,190.75999450683594,49889100,186.83699951171874,176.90019958496094,181.16455001831054,0.005255137081729533,0.016127706953609378
2024-05-31,190.59893798828125,192.25,192.57000732421875,189.91000366210938,191.44000244140625,75158300,187.7979995727539,177.17179962158204,181.23855003356934,0.005018593484036549,0.01569407068545967
2024-06-03,192.3636474609375,194.02999877929688,194.99000549316406,192.52000427246094,192.89999389648438,50080500,188.33049926757812,177.62499969482423,181.32584999084472,0.009258771283728873,0.00919150871558928
2024-06-04,192.680908203125,194.35000610351562,195.32000732421875,193.02999877929688,194.63999938964844,47471400,188.96249923706054,178.0663998413086,181.4276000213623,0.0016492672588364066,0.008758528185179222
2024-06-05,194.18785095214844,195.8699951171875,196.89999389648438,194.8699951171875,195.39999389648438,54156800,189.6359992980957,178.56679962158202,181.53449996948243,0.007820884826019947,0.008814057169867958
2024-06-06,192.8097686767578,194.47999572753906,196.5,194.1699981689453,195.69000244140625,41181800,190.22299880981444,179.06219940185548,181.62769996643067,-0.007096540686677422,0.009129351318042763
2024-06-07,195.19911193847656,196.88999938964844,196.94000244140625,194.13999938964844,194.64999389648438,53103900,190.83899841308593,179.53379943847656,181.7259999847412,0.012392038847459208,0.0092381760268128
2024-06-10,191.46145629882812,193.1199951171875,197.3000030517578,192.14999389648438,196.89999389648438,97010200,191.3424980163574,179.96659942626954,181.7859999847412,-0.019147769232301326,0.010223573150754553
2024-06-11,205.37095642089844,207.14999389648438,207.16000366210938,193.6300048828125,193.64999389648438,172373300,192.3859977722168,180.7089993286133,181.93984992980958,0.07264912559045644,0.01849713933320509
2024-06-12,211.24014282226562,213.07000732421875,220.1999969482422,206.89999389648438,207.3699951171875,198134300,193.66799850463866,181.59359954833985,182.1121499633789,0.02857839054869915,0.019206140529781007
2024-06-13,212.40008544921875,214.24000549316406,216.75,211.60000610351562,214.74000549316406,97862700,194.8939987182617,182.48539978027344,182.2823999786377,0.005491144359726752,0.019161455523172454
2024-06-14,210.66513061523438,212.49000549316406,215.1699981689453,211.3000030517578,213.85000610351562,70122700,196.0264991760254,183.35879974365236,182.42425003051758,-0.008168409051202308,0.019397223645597123
2024-06-17,214.8092498779297,216.6699981689453,218.9499969482422,212.72000122070312,213.3699951171875,93728300,197.3664993286133,184.30059967041015,182.5693500518799,0.019671478976528656,0.019587002157501546
2024-06-18,212.44964599609375,214.2899932861328,218.6300048828125,213.0,217.58999633789062,79943300,198.52899932861328,185.21739959716797,182.70145004272462,-0.010984469021671939,0.01998758554409617
2024-06-20,207.8792266845703,209.67999267578125,214.24000549316406,208.85000610351562,213.92999267578125,86172500,199.39549865722657,186.0175994873047,182.80254997253417,-0.021512906597537684,0.020904971465852084
2024-06-21,205.70806884765625,207.49000549316406,211.88999938964844,207.11000061035156,210.38999938964844,241805100,200.22499923706056,186.81179962158203,182.8915000152588,-0.010444426073609514,0.021003099984791253
2024-06-24,206.35247802734375,208.13999938964844,212.6999969482422,206.58999633789062,207.72000122070312,80727000,201.28799896240236,187.47379974365234,183.0176499938965,0.00313265159417897,0.020139896532402328
2024-06-25,207.27452087402344,209.07000732421875,211.3800048828125,208.61000061035156,209.14999389648438,55549700,202.24249954223632,188.12419982910157,183.1752000427246,0.004468184574312861,0.019973175611636494
2024-06-26,211.41859436035156,213.25,214.86000061035156,210.63999938964844,211.5,66213200,203.40549926757814,188.93539978027343,183.3505500793457,0.01999326794540668,0.020210393867273614
2024-06-27,212.2613067626953,214.10000610351562,215.74000549316406,212.35000610351562,214.69000244140625,49772700,204.59599990844725,189.8297998046875,183.52425010681154,0.003985960626099017,0.020189962311079165
2024-06-28,208.81117248535156,210.6199951171875,216.07000732421875,210.3000030517578,215.77000427246094,82542700,205.5625,190.68219970703126,183.69585006713868,-0.016254137725925877,0.020800987499404164
2024-07-01,214.8885498046875,216.75,217.50999450683594,211.9199981689453,212.08999633789062,60402900,206.7875,191.67639984130858,183.90855003356933,0.029104572333703782,0.02148654037543129
2024-07-02,218.37828063964844,220.27000427246094,220.3800048828125,215.10000610351562,216.14999389648438,58046200,208.0995002746582,192.7817999267578,184.1312000274658,0.016239927439266166,0.021594778015180664
2024-07-03,219.64730834960938,221.5500030517578,221.5500030517578,219.02999877929688,220.0,37369800,209.45950012207032,193.89600006103515,184.36390007019043,0.0058110444203451905,0.021564811346854344
2024-07-05,224.39617919921875,226.33999633789062,226.4499969482422,221.64999389648438,221.64999389648438,60412400,210.98300018310547,195.0848001098633,184.60575004577638,0.021620371113304726,0.021818911582597703
2024-07-08,225.8634796142578,227.82000732421875,227.85000610351562,223.25,227.08999633789062,59085900,212.65000076293944,196.26080017089845,184.84950004577638,0.006538884025246272,0.021550971648188758
2024-07-09,226.716064453125,228.67999267578125,229.39999389648438,226.3699951171875,227.92999267578125,48076100,214.2395004272461,197.4366000366211,185.11544998168947,0.00377484559702701,0.02154801199882071
2024-07-10,230.9791717529297,232.97999572753906,233.0800018310547,229.25,229.3000030517578,62627700,216.23250045776368,198.71019989013672,185.41069999694824,0.018803582252402418,0.02071156866938535
2024-07-11,225.61563110351562,227.57000732421875,232.38999938964844,225.77000427246094,231.38999938964844,64710600,217.25350112915038,199.7916000366211,185.67460006713867,-0.023220827978926883,0.01589051235555612
2024-07-12,228.56008911132812,230.5399932861328,232.63999938964844,228.67999267578125,228.9199981689453,53046500,218.1270004272461,200.99579986572266,185.94690002441405,0.013050867277438316,0.015024972041991217
2024-07-15,232.38694763183594,234.39999389648438,237.22999572753906,233.08999633789062,236.47999572753906,62631300,219.1349998474121,202.29779968261718,186.25909996032715,0.01674330147811176,0.015289907295479943
2024-07-16,232.80335998535156,234.82000732421875,236.27000427246094,232.3300018310547,235.0,43234300,220.25149993896486,203.53359985351562,186.58105003356934,0.0017918662059346335,0.015011196997470415
2024-07-17,226.91436767578125,228.8800048828125,231.4600067138672,226.63999938964844,229.4499969482422,57345900,220.86200027465821,204.44359985351562,186.87200004577636,-0.025295980990260425,0.016048087047566575
2024-07-18,222.25473022460938,224.17999267578125,230.44000244140625,222.27000427246094,230.27999877929688,66034600,221.35650024414062,205.2929995727539,187.13684997558593,-0.020534830945314275,0.016614054243052904
2024-07-19,222.3836212158203,224.30999755859375,226.8000030517578,223.27999877929688,224.82000732421875,49151500,222.08800048828124,206.1311996459961,187.3896499633789,0.0005799129586043783,0.015647499153777285
2024-07-22,222.03665161132812,223.9600067138672,227.77999877929688,223.08999633789062,227.00999450683594,48201800,222.9115005493164,206.95559967041015,187.64745002746582,-0.0015602998017738567,0.015354327656479613
2024-07-23,223.07760620117188,225.00999450683594,226.94000244140625,222.67999267578125,224.3699951171875,39960300,223.75500030517577,207.7643994140625,187.90419998168946,0.004688282557118395,0.015353969945674263
2024-07-24,216.66314697265625,218.5399932861328,224.8000030517578,217.1300048828125,224.0,61777600,224.22849960327147,208.47419921875,188.12234992980956,-0.02875428371474653,0.017010326718566206
2024-07-25,215.6221923828125,217.49000549316406,220.85000610351562,214.6199951171875,218.92999267578125,51391200,224.44049987792968,209.09839935302733,188.32234992980958,-0.004804556718339459,0.01655468278808259
2024-07-26,216.08816528320312,217.9600067138672,219.49000549316406,216.00999450683594,218.6999969482422,41601300,224.63349990844728,209.70899963378906,188.51719993591308,0.002161024455525684,0.016543053409339262
2024-07-29,216.36575317382812,218.24000549316406,219.3000030517578,215.75,216.9600067138672,36311800,225.0145004272461,210.27939971923828,188.71644996643067,0.0012846337432190769,0.01603602345409202
2024-07-30,216.9209442138672,218.8000030517578,220.3300018310547,216.1199951171875,219.19000244140625,41643800,225.11700057983398,210.8585998535156,188.91144996643067,0.0025659711533103646,0.014709692626425984
2024-07-31,220.1727752685547,222.0800018310547,223.82000732421875,220.6300048828125,221.44000244140625,50036300,225.20750045776367,211.50279998779297,189.1182999420166,0.014990853444005525,0.01464217578738701
2024-08-01,216.48471069335938,218.36000061035156,224.47999572753906,217.02000427246094,224.3699951171875,62501000,225.04800033569336,212.04920013427736,189.31584991455077,-0.016750725819666967,0.01507512945626471
2024-08-02,217.97183227539062,219.86000061035156,225.60000610351562,217.7100067138672,219.14999389648438,105568600,224.7240005493164,212.59940002441405,189.52154991149902,0.006869389978967133,0.014269245245135197
2024-08-05,207.47279357910156,209.27000427246094,213.5,196.0,199.08999633789062,119548600,223.7965003967285,212.9668002319336,189.68214996337892,-0.0481669985831521,0.01754415305237673
2024-08-06,205.45030212402344,207.22999572753906,209.99000549316406,201.07000732421875,205.3000030517578,69660500,222.7240005493164,213.37380004882812,189.83909996032716,-0.009748212850733573,0.017485612753415564
2024-08-07,208.01806640625,209.82000732421875,213.63999938964844,206.38999938964844,206.89999389648438,63516400,221.56600112915038,213.77060028076173,190.0108999633789,0.01249824663455068,0.017090680335311536
2024-08-08,211.47808837890625,213.30999755859375,214.1999969482422,208.8300018310547,213.11000061035156,47161100,220.85300064086914,214.2370001220703,190.2130499267578,0.016633257613904107,0.01718742430610185
2024-08-09,214.3829345703125,216.24000549316406,216.77999877929688,211.97000122070312,212.10000610351562,42201600,220.13800125122071,214.75600036621094,190.42924995422362,0.013735914716165532,0.017221927605394604
2024-08-12,215.9114532470703,217.52999877929688,219.50999450683594,215.60000610351562,216.07000732421875,38028100,219.29450149536132,215.2808004760742,190.64969993591308,0.005965562584919537,0.016731501475368685
2024-08-13,219.62364196777344,221.27000427246094,221.88999938964844,219.00999450683594,219.00999450683594,44155300,218.61700134277345,215.86120056152345,190.9005499267578,0.017193056195245138,0.017335860770082995
2024-08-14,220.07028198242188,221.72000122070312,223.02999877929688,219.6999969482422,220.57000732421875,41960600,218.25900115966797,216.41500061035157,191.17469993591308,0.002033700635211577,0.016529540500609067
2024-08-15,223.04794311523438,224.72000122070312,225.35000610351562,222.75999450683594,224.60000610351562,46414000,218.28600158691407,217.0224005126953,191.45719993591308,0.01353057903429189,0.01621218186196199
2024-08-16,224.3680877685547,226.0500030517578,226.8300018310547,223.64999389648438,223.9199981689453,44340200,218.37300186157228,217.62600067138672,191.7359999847412,0.0059184844421056315,0.016261820037027454
2024-08-19,224.20924377441406,225.88999938964844,225.99000549316406,223.0399932861328,225.72000122070312,40687800,218.46950149536133,218.25420074462892,192.01159996032715,-0.0007078241979617816,0.01625721296703007
2024-08-20,224.8246307373047,226.50999450683594,227.1699981689453,225.4499969482422,225.77000427246094,30299000,218.54450149536132,218.84660064697266,192.2742999267578,0.0027446771387078517,0.016237013179546053
2024-08-21,224.71548461914062,226.39999389648438,227.97999572753906,225.0500030517578,226.52000427246094,34765500,218.9375015258789,219.5122006225586,192.51844985961915,-0.00048563247988708813,0.014719582112288089
2024-08-22,222.85939025878906,224.52999877929688,228.33999633789062,223.89999389648438,227.7899932861328,43695300,219.28950119018555,219.85980072021485,192.7578498840332,-0.008259695969967673,0.014821998590794546
2024-08-23,225.1521759033203,226.83999633789062,228.22000122070312,224.3300018310547,225.66000366210938,38677300,219.7335006713867,220.13520050048828,192.99589988708496,0.010288146667049025,0.01494617945732661
2024-08-26,225.4896697998047,227.17999267578125,227.27999877929688,223.88999938964844,226.75999450683594,30602200,220.18050003051758,220.3940002441406,193.22269981384278,0.0014988376978466444,0.014945636134294752
2024-08-27,226.33334350585938,228.02999877929688,228.85000610351562,224.88999938964844,226.0,35934600,220.64199981689453,220.70480010986327,193.44839981079102,0.0037415535298863656,0.014949804358971157
2024-08-28,224.80479431152344,226.49000549316406,229.86000061035156,225.67999267578125,227.9199981689453,38052200,220.8625,220.90120025634766,193.6687998199463,-0.006753467940081581,0.01475825799908266
2024-08-29,228.08026123046875,229.7899932861328,232.9199981689453,228.8800048828125,230.10000610351562,51906300,221.43399963378906,221.21120025634767,193.88574981689453,0.014570125448949867,0.014423584759483904
2024-08-30,227.296142578125,229.0,230.39999389648438,227.47999572753906,230.19000244140625,52990800,221.8909996032715,221.59760040283203,194.10674980163574,-0.0034378924636161434,0.01444919610250408
2024-09-03,221.1124725341797,222.77000427246094,229.0,221.1699981689453,228.5500030517578,50190600,222.56599960327148,221.90320037841798,194.28339981079102,-0.027205221517637823,0.010942914314696767
2024-09-04,219.20675659179688,220.85000610351562,221.77999877929688,217.47999572753906,221.66000366210938,43840200,223.24700012207032,222.15740051269532,194.4475998687744,-0.00861874638471094,0.010875347855271616
2024-09-05,220.7253875732422,222.3800048828125,225.47999572753906,221.52000427246094,221.6300048828125,36615400,223.875,222.4236004638672,194.61094985961915,0.006927773316790065,0.010695720404570069
2024-09-06,219.177001953125,220.82000732421875,225.24000549316406,219.77000427246094,223.9499969482422,48423000,224.25050048828126,222.57500061035157,194.7665998840332,-0.007015008203708928,0.01040854589599315
2024-09-09,219.2663116455078,220.91000366210938,221.27000427246094,216.7100067138672,220.82000732421875,67180000,224.4840003967285,222.71120056152344,194.91389991760255,0.00040755518026269755,0.010022508106379618
2024-09-10,218.47227478027344,220.11000061035156,221.47999572753906,216.72999572753906,218.9199981689453,51591000,224.61300048828124,222.90100067138673,195.06124992370604,-0.0036213980285901837,0.010007649118867005
2024-09-11,221.00331115722656,222.66000366210938,223.08999633789062,217.88999938964844,221.4600067138672,44587100,224.68250045776367,223.0192007446289,195.21799995422364,0.011585130365211915,0.009589191508028299
2024-09-12,221.1124725341797,222.77000427246094,223.5500030517578,219.82000732421875,222.5,37455600,224.73500061035156,223.06920074462892,195.38199996948242,0.0004940295003250661,0.009581199964869074
2024-09-13,220.844482421875,222.5,224.0399932861328,221.91000366210938,223.5800018310547,36766600,224.6240005493164,223.08820068359375,195.54555000305174,-0.001212031545013148,0.009061115603775868
2024-09-16,214.71047973632812,216.32000732421875,217.22000122070312,213.9199981689453,216.5399932861328,59357400,224.13750076293945,222.8878009033203,195.67515007019043,-0.027775247981039364,0.010782165963439174
2024-09-17,215.17697143554688,216.7899932861328,216.89999389648438,214.5,215.75,45519300,223.68250045776367,222.6672006225586,195.81225006103514,0.0021726421320320544,0.010821493587018888
2024-09-18,219.04794311523438,220.69000244140625,222.7100067138672,217.5399932861328,217.5500030517578,59894900,223.3915008544922,222.5074008178711,195.965950088501,0.017989802463465043,0.011676289450428725
2024-09-19,227.16708374023438,228.8699951171875,229.82000732421875,224.6300048828125,224.99000549316406,66781300,223.51500091552734,222.42520080566408,196.1541000366211,0.03706553348719566,0.01448461366011019
2024-09-20,226.5020751953125,228.1999969482422,233.08999633789062,227.6199951171875,229.97000122070312,318679900,223.6985008239746,222.43780059814452,196.3479500579834,-0.002927418111763669,0.014360681389872074
2024-09-23,224.7849578857422,226.47000122070312,229.4499969482422,225.80999755859375,227.33999633789062,54146000,223.68000106811525,222.35640075683594,196.5132000732422,-0.007581050616453089,0.014302174864788603
2024-09-24,225.67825317382812,227.3699951171875,229.35000610351562,225.72999572753906,228.64999389648438,43556100,223.68950119018555,222.21580078125,196.68845001220703,0.0039740093241191765,0.014326376496292367
2024-09-25,224.68569946289062,226.3699951171875,227.2899932861328,224.02000427246094,224.92999267578125,42308700,223.60650100708008,222.04680053710936,196.84894996643067,-0.004398117700115112,0.014334263490357657
2024-09-26,225.8271484375,227.52000427246094,228.5,225.41000366210938,227.3000030517578,36636700,223.65800094604492,222.01960052490233,197.00799995422364,0.005080219022305155,0.014296650780283375
2024-09-27,226.09510803222656,227.7899932861328,229.52000427246094,227.3000030517578,228.4600067138672,34026000,223.55800094604493,222.09180053710938,197.18104995727538,0.0011866605511687833,0.013902516572086925
2024-09-30,231.26637268066406,233.0,233.0,229.64999389648438,230.0399932861328,54541900,223.75800094604492,222.2656005859375,197.37249992370604,0.02287197360475246,0.014809658820784463
2024-10-01,224.5269012451172,226.2100067138672,229.64999389648438,223.74000549316406,229.52000427246094,63285000,223.93000106811525,222.3106005859375,197.51374992370606,-0.029141602086406926,0.015008545107045192
2024-10-02,225.0926513671875,226.77999877929688,227.3699951171875,223.02000427246094,225.88999938964844,32880600,224.22650070190429,222.34600067138672,197.65709991455077,0.002519747352073054,0.014843538518621116
2024-10-03,223.9908905029297,225.6699981689453,226.80999755859375,223.32000732421875,225.13999938964844,34044200,224.39100036621093,222.48860076904296,197.79759986877443,-0.004894614235498862,0.014848485048181252
2024-10-04,225.11248779296875,226.8000030517578,228.0,224.1300048828125,227.89999389648438,37245100,224.69000015258788,222.67480072021485,197.95214988708497,0.005007333238716605,0.014756861739442635
2024-10-07,220.04051208496094,221.69000244140625,225.69000244140625,221.3300018310547,224.5,39505400,224.72900009155273,222.74940063476564,198.07589988708497,-0.022530866585506182,0.01570244630893971
2024-10-08,224.09014892578125,225.77000427246094,225.97999572753906,223.25,224.3000030517578,31855700,225.0120002746582,222.90000061035155,198.230599899292,0.01840408582309916,0.016178595305691212
2024-10-09,227.83212280273438,229.5399932861328,229.75,224.8300018310547,225.22999572753906,33591100,225.3559997558594,223.11480041503907,198.40489990234374,0.016698360908574017,0.016387164134276547
2024-10-10,227.33584594726562,229.0399932861328,229.5,227.1699981689453,227.77999877929688,28183500,225.66949920654298,223.25400024414063,198.58209983825682,-0.0021782696463562568,0.016407968317763623
2024-10-11,225.85690307617188,227.5500030517578,229.41000366210938,227.33999633789062,229.3000030517578,31759200,225.92199935913087,223.43780029296875,198.75459983825684,-0.006505371454991304,0.01649674965643113
2024-10-14,229.57901000976562,231.3000030517578,231.72999572753906,228.60000610351562,228.6999969482422,39882100,226.6709991455078,223.66660034179688,198.9453498840332,0.01647989430765695,0.015324736948357965
2024-10-15,232.1100311279297,233.85000610351562,237.49000549316406,232.3699951171875,233.61000061035156,64751400,227.52399978637695,224.15820037841797,199.1466999053955,0.011024656368842312,0.015413033164109288
2024-10-16,230.05540466308594,231.77999877929688,232.1199951171875,229.83999633789062,231.60000610351562,34082200,228.0784996032715,224.64920043945312,199.3429499053955,-0.008851859184055066,0.015290387395015625
2024-10-17,230.42269897460938,232.14999389648438,233.85000610351562,230.52000427246094,233.42999267578125,32993800,228.24249954223632,225.09580017089843,199.5754998779297,0.001596320300009113,0.012957182488343728
2024-10-18,233.25146484375,235.0,236.17999267578125,234.00999450683594,236.17999267578125,46431500,228.5824996948242,225.52960021972658,199.8292498779297,0.01227657195109133,0.013171730539243769
2024-10-21,234.72047424316406,236.47999572753906,236.85000610351562,234.4499969482422,234.4499969482422,36254500,229.082999420166,225.93440002441406,200.10209983825683,0.006297854159740712,0.013030080994716411
2024-10-22,234.1051025390625,235.86000061035156,236.22000122070312,232.60000610351562,233.88999938964844,38846600,229.50749969482422,226.30100006103515,200.37549987792968,-0.002621765597043635,0.013067454810445418
2024-10-23,229.0430145263672,230.75999450683594,235.13999938964844,227.75999450683594,234.0800018310547,52287000,229.72699966430665,226.49079986572266,200.6014998626709,-0.021623022514703605,0.014037157169578884
2024-10-24,228.85446166992188,230.57000732421875,230.82000732421875,228.41000366210938,229.97999572753906,31109500,229.87949981689454,226.66779998779296,200.82864990234376,-0.0008233107433687215,0.014010099263248798
2024-10-25,229.6881866455078,231.41000366210938,233.22000122070312,229.57000732421875,229.74000549316406,38802300,230.06050033569335,226.8016000366211,201.05474990844726,0.0036431292501519774,0.014024799845658934
2024-10-28,231.6633758544922,233.39999389648438,234.72999572753906,232.5500030517578,233.32000732421875,36087100,230.08050003051758,226.94859985351562,201.29379989624024,0.008599413175243154,0.013184984734868562
2024-10-29,231.93136596679688,233.6699981689453,234.3300018310547,232.32000732421875,233.10000610351562,35417200,230.4534996032715,227.10419982910156,201.53254989624023,0.0011568306749001334,0.011236705207946734
2024-10-30,228.387939453125,230.10000610351562,233.47000122070312,229.5500030517578,232.61000061035156,47070900,230.61949996948243,227.17600006103515,201.76489990234376,-0.015277922255336196,0.011854755043833813
2024-10-31,224.2291259765625,225.91000366210938,229.8300018310547,225.3699951171875,229.33999633789062,64370100,230.63150024414062,227.16620025634765,201.9810499572754,-0.01820948426885871,0.012544811303230992
2024-11-01,221.25144958496094,222.91000366210938,225.35000610351562,220.27000427246094,220.97000122070312,65276700,230.4370002746582,227.1338003540039,202.1524499511719,-0.013279624414008095,0.012833578683757887
2024-11-04,220.35812377929688,222.00999450683594,222.7899932861328,219.7100067138672,220.99000549316406,44944500,230.4529998779297,227.03720031738283,202.30469993591308,-0.004037544930633463,0.011809798270789214
2024-11-05,221.78741455078125,223.4499969482422,223.9499969482422,221.13999938964844,221.8000030517578,28111300,230.33699951171874,226.96260040283204,202.45249992370606,0.006486205472888695,0.011120190393642617
2024-11-06,221.06285095214844,222.72000122070312,226.07000732421875,221.19000244140625,222.61000061035156,54561100,229.99599990844726,226.85640045166016,202.59019996643067,-0.0032669310248778505,0.010369882676926529
2024-11-07,225.78741455078125,227.47999572753906,227.8800048828125,224.57000732421875,224.6300048828125,42137700,229.9180000305176,226.87620025634766,202.75509994506837,0.02137210165565251,0.011553105831180514
2024-11-08,225.51913452148438,226.9600067138672,228.66000366210938,226.41000366210938,227.1699981689453,38328800,229.88850021362305,226.81960052490234,202.91904998779296,-0.0022858669924307184,0.011471643815226551
2024-11-11,222.8064727783203,224.22999572753906,225.6999969482422,221.5,225.0,42005600,229.5349998474121,226.7242004394531,203.07809997558593,-0.01202859933719469,0.011071548760794298
2024-11-12,222.8064727783203,224.22999572753906,225.58999633789062,223.36000061035156,224.5500030517578,40398300,229.0539993286133,226.75340026855469,203.24059997558595,0.0,0.01068317099454119
2024-11-13,223.69082641601562,225.1199951171875,226.64999389648438,222.75999450683594,224.00999450683594,48566200,228.72099914550782,226.83880004882812,203.42599998474122,0.003969136184303723,0.010637722035881488
2024-11-14,226.77114868164062,228.22000122070312,228.8699951171875,225.0,225.02000427246094,44923900,228.52449951171874,226.95559997558593,203.6451000213623,0.013770460957508002,0.01115414657988993
2024-11-15,223.5715789794922,225.0,226.9199981689453,224.27000427246094,226.39999389648438,47923700,228.02449951171874,227.03919982910156,203.83580001831055,-0.014109198157391867,0.01108703057035865
2024-11-18,226.5724334716797,228.02000427246094,229.74000549316406,225.1699981689453,225.25,44633700,227.60149993896485,227.1813998413086,204.0466500091553,0.013422241210937491,0.011479024110512631
2024-11-19,226.83074951171875,228.27999877929688,230.16000366210938,226.66000366210938,226.97999572753906,36211800,227.2224998474121,227.3447998046875,204.24965003967284,0.0011402267431117608,0.01149492286409672
2024-11-20,227.54620361328125,229.0,229.92999267578125,225.88999938964844,228.05999755859375,35169600,227.1345001220703,227.4715997314453,204.44815002441408,0.0031540267415159917,0.010513110097519953
2024-11-21,227.06927490234375,228.52000427246094,230.16000366210938,225.7100067138672,228.8800048828125,42108300,227.03199996948243,227.58659973144532,204.64370002746583,-0.002096051211960992,0.010520101518020136
2024-11-22,228.41065979003906,229.8699951171875,230.72000122070312,228.05999755859375,228.05999755859375,38168300,226.95499954223632,227.73399963378907,204.85144996643066,0.005907539031537068,0.010577862209984424
2024-11-25,231.39161682128906,232.8699951171875,233.25,229.74000549316406,231.4600067138672,90152800,226.9284996032715,228.06499938964845,205.07154991149903,0.013050855108212911,0.010818636375698683
2024-11-26,233.56773376464844,235.05999755859375,235.57000732421875,233.3300018310547,233.3300018310547,45986200,226.9979995727539,228.43039947509766,205.31109992980956,0.009404399395912533,0.01102264739301056
2024-11-27,233.43853759765625,234.92999267578125,235.69000244140625,233.80999755859375,234.47000122070312,33498400,227.2394989013672,228.71519927978517,205.5605499267578,-0.000553071063399857,0.010397601664873328
2024-11-29,235.82330322265625,237.3300018310547,237.80999755859375,233.97000122070312,234.80999755859375,28481400,227.81049880981445,228.8843994140625,205.82644996643066,0.01021584825308186,0.009526894243893922
2024-12-02,238.06895446777344,239.58999633789062,240.7899932861328,237.16000366210938,237.27000427246094,48137100,228.6444984436035,229.11219940185546,206.10509994506836,0.009522582435425697,0.00888006984305144
2024-12-03,241.1095428466797,242.64999389648438,242.75999450683594,238.89999389648438,239.80999755859375,38861000,229.67649841308594,229.43579925537108,206.4067999267578,0.01277180852859261,0.008909409609018914
2024-12-04,241.46725463867188,243.00999450683594,244.11000061035156,241.25,242.8699951171875,44383900,230.6544982910156,229.74859924316405,206.71404991149902,0.0014836209330593153,0.008920703499347376
2024-12-05,241.49703979492188,243.0399932861328,244.5399932861328,242.1300048828125,243.99000549316406,40033900,231.6704978942871,230.08199920654297,207.01764984130858,0.00012344668933361724,0.008801919741764423
2024-12-06,241.29832458496094,242.83999633789062,244.6300048828125,242.0800018310547,242.91000366210938,36870600,232.4384979248047,230.38839904785155,207.30999984741212,-0.0008228972752098995,0.007904430010827993
2024-12-09,245.18350219726562,246.75,247.24000549316406,241.75,241.8300018310547,44649200,233.42799758911133,230.76759918212892,207.6311498260498,0.01610115187396466,0.00828063446517588
2024-12-10,246.19703674316406,247.77000427246094,248.2100067138672,245.33999633789062,246.88999938964844,36914800,234.60499801635743,231.06299926757814,207.96419982910157,0.004133755916761572,0.007347373740763096
2024-12-11,244.9251708984375,246.49000549316406,250.8000030517578,246.25999450683594,247.9600067138672,45205800,235.71799850463867,231.46859924316405,208.28349983215332,-0.005166076430661581,0.007619274545017176
2024-12-12,246.38583374023438,247.9600067138672,248.74000549316406,245.67999267578125,246.88999938964844,32777500,236.85999908447266,231.89219940185546,208.61619987487794,0.005963735599591624,0.007621277346410497
2024-12-13,246.55474853515625,248.1300048828125,249.2899932861328,246.24000549316406,247.82000732421875,33155300,237.85549926757812,232.34139953613283,208.953099899292,0.0006855870476785153,0.007374736365463185
2024-12-16,249.44625854492188,251.0399932861328,251.3800048828125,247.64999389648438,247.99000549316406,51694800,239.15749893188476,232.82619934082032,209.30999984741212,0.011727676403724852,0.006158213268057452
2024-12-17,251.8707733154297,253.47999572753906,253.8300018310547,249.77999877929688,250.0800018310547,51356400,240.43049850463868,233.46199920654297,209.70189979553223,0.009719576588042456,0.0059602576443631506
2024-12-18,246.47525024414062,248.0500030517578,254.27999877929688,247.74000549316406,252.16000366210938,56774100,241.41899871826172,233.9075991821289,210.0915498352051,-0.021421779893107784,0.00842090653558829
2024-12-19,248.2041778564453,249.7899932861328,252.0,247.08999633789062,247.5,60882300,242.45849838256837,234.3125991821289,210.49489982604982,0.007014675319362729,0.008440008636798568
2024-12-20,252.87435913085938,254.49000549316406,255.0,245.69000244140625,248.0399932861328,147495300,243.75699844360352,234.82159942626953,210.9223498535156,0.018815854651340613,0.008878366672875091
2024-12-23,253.64942932128906,255.27000427246094,255.64999389648438,253.4499969482422,254.77000427246094,40858800,245.0269989013672,235.3759994506836,211.34504989624023,0.0030649485734630666,0.008893126156487668
2024-12-24,256.560791015625,258.20001220703125,258.2099914550781,255.2899932861328,255.49000549316406,23234700,246.2934997558594,235.91399963378908,211.77229995727538,0.011478073747524853,0.008827616597690359
2024-12-26,257.3755798339844,259.0199890136719,260.1000061035156,257.6300048828125,258.19000244140625,27237100,247.4914993286133,236.41739929199218,212.20124992370606,0.003175742710589624,0.008781721682189016
2024-12-27,253.96737670898438,255.58999633789062,258.70001220703125,253.05999755859375,257.8299865722656,42355300,248.52449951171874,236.89359924316406,212.62354988098144,-0.013242192962953925,0.009615366109085418
2024-12-30,250.59889221191406,252.1999969482422,253.5,250.75,252.22999572753906,35557500,249.26799926757812,237.2945993041992,213.01954986572267,-0.013263427513676485,0.010262413232888425
2024-12-31,248.83021545410156,250.4199981689453,253.27999877929688,249.42999267578125,252.44000244140625,39480700,249.80949935913085,237.60299926757813,213.40854988098144,-0.007057885808230857,0.010384681174847317
2025-01-02,242.30194091796875,243.85000610351562,249.10000610351562,241.82000732421875,248.92999267578125,55740700,249.86949996948243,237.75039947509765,213.75919990539552,-0.026235892155055618,0.011864944561689737
2025-01-03,241.81503295898438,243.36000061035156,244.17999267578125,241.88999938964844,243.36000061035156,40244100,249.8870002746582,237.90039947509766,214.09559989929198,-0.0020094545044057055,0.011872526496952801
2025-01-06,243.4446258544922,245.0,247.3300018310547,243.1999969482422,244.30999755859375,45045600,249.98500061035156,238.18519958496094,214.42724990844727,0.006738984983297502,0.011963868983618096
2025-01-07,240.67233276367188,242.2100067138672,245.5500030517578,241.35000610351562,242.97999572753906,40856000,249.9535011291504,238.4179995727539,214.78144996643067,-0.011387727698501271,0.01225368379956125
2025-01-08,241.1592254638672,242.6999969482422,243.7100067138672,240.0500030517578,241.9199981689453,37628900,249.7510009765625,238.64379943847655,215.1335499572754,0.0020229974847978394,0.011666864068650468
2025-01-10,235.3463592529297,236.85000610351562,240.16000366210938,233.0,240.00999450683594,61710900,249.20500106811522,238.71279968261717,215.4635499572754,-0.024103794471716178,0.012705559541286224
2025-01-13,232.9119110107422,234.39999389648438,234.6699981689453,229.72000122070312,233.52999877929688,49630700,248.60050048828126,238.72739959716796,215.78699989318847,-0.010344150913639716,0.012821962342222082
2025-01-14,231.7990264892578,233.27999877929688,236.1199951171875,232.47000122070312,234.75,39435300,247.86650009155272,238.7909994506836,216.086849899292,-0.004778136289893098,0.012675875168946854
2025-01-15,236.35987854003906,237.8699951171875,238.9600067138672,234.42999267578125,234.63999938964844,39832000,247.35349960327147,239.03019927978517,216.41879989624024,0.019675910330543056,0.013638801750135682
2025-01-16,226.81088256835938,228.25999450683594,238.00999450683594,228.02999877929688,237.35000610351562,71759100,246.21449966430663,239.1371990966797,216.70994987487794,-0.040400222002010655,0.015698551994791074
2025-01-17,228.5199737548828,229.97999572753906,232.2899932861328,228.47999572753906,232.1199951171875,68488300,245.03949966430665,239.29659912109375,217.01564987182618,0.007535272330218223,0.015600783832965764
2025-01-21,221.22654724121094,222.63999938964844,224.4199981689453,219.3800048828125,224.0,98070400,243.76899948120118,239.28039916992188,217.28059989929199,-0.031915803436166845,0.016349992101346893
2025-01-22,222.4090118408203,223.8300018310547,224.1199951171875,219.7899932861328,219.7899932861328,64126500,242.47099990844725,239.30259918212892,217.55564987182618,0.00534496247156202,0.01628815853505458
2025-01-23,222.2401123046875,223.66000366210938,227.02999877929688,222.3000030517578,224.74000549316406,60234800,240.92949981689452,239.2261993408203,217.82604988098146,-0.0007594967946863429,0.015319278885336652
2025-01-24,221.3656768798828,222.77999877929688,225.6300048828125,221.41000366210938,224.77999877929688,54697900,239.30499954223632,239.14259918212892,218.0976998901367,-0.003934565270516388,0.015172770422915812
2025-01-27,228.40074157714844,229.86000061035156,232.14999389648438,223.97999572753906,224.02000427246094,94863400,237.88799896240235,239.25519927978516,218.39864990234375,0.03178024001189028,0.017017992353558293
2025-01-28,236.74740600585938,238.25999450683594,240.19000244140625,230.80999755859375,230.85000610351562,75707600,236.84999923706056,239.5357992553711,218.75104988098144,0.036543956643956044,0.01939875595667437
2025-01-29,237.84039306640625,239.36000061035156,239.86000061035156,234.00999450683594,234.1199951171875,45486100,236.0384994506836,239.8205993652344,219.07264991760255,0.004616830894303092,0.019361428079699698
2025-01-30,236.08164978027344,237.58999633789062,240.7899932861328,237.2100067138672,238.6699981689453,55658300,235.30799942016603,240.00799926757813,219.3778498840332,-0.0073947370820001135,0.019243345017265573
2025-01-31,234.50173950195312,236.0,247.19000244140625,233.44000244140625,247.19000244140625,100959800,234.58699951171874,240.22799926757813,219.69439987182616,-0.006692185539787565,0.01923926268536873
2025-02-03,226.56246948242188,228.00999450683594,231.8300018310547,225.6999969482422,229.99000549316406,73063300,233.79499893188478,240.2277990722656,219.98754981994628,-0.033855955479508704,0.019795526190178634
2025-02-04,231.32208251953125,232.8000030517578,233.1300048828125,226.64999389648438,227.25,45067300,233.2669990539551,240.31819915771484,220.31154983520508,0.021007888515072404,0.020522050959545013
2025-02-05,230.99417114257812,232.47000122070312,232.6699981689453,228.27000427246094,228.52999877929688,39620300,232.64049911499023,240.3875991821289,220.63869987487794,-0.0014175336199687694,0.02041972141221055
2025-02-06,231.73941040039062,233.22000122070312,233.8000030517578,230.42999267578125,231.2899932861328,29925300,232.19099884033204,240.48159912109375,220.97979988098143,0.00322622272147699,0.020343366881517083
2025-02-07,226.18490600585938,227.6300048828125,234.0,227.25999450683594,232.60000610351562,39707200,231.43749923706054,240.43679931640625,221.28874992370606,-0.023968769010513147,0.020915705007942292
2025-02-10,226.45346069335938,227.64999389648438,230.58999633789062,227.1999969482422,229.57000732421875,33115600,230.97749862670898,240.33239929199217,221.59249992370604,8.781361526644105e-05,0.02032158424626386
2025-02-11,231.39735412597656,232.6199951171875,235.22999572753906,228.1300048828125,228.1999969482422,53718400,230.88849868774415,240.28359924316408,221.91049987792968,0.021831765227118938,0.020874199447332455
2025-02-12,235.625,236.8699951171875,236.9600067138672,230.67999267578125,231.1999969482422,45243300,231.06799850463867,240.32239929199218,222.2453998565674,0.018270140526221557,0.02123962028283718
2025-02-13,240.26051330566406,241.52999877929688,242.33999633789062,235.57000732421875,236.91000366210938,53614100,231.25099868774413,240.40639923095702,222.60654983520507,0.01967325435120615,0.021239497237793357
2025-02-14,243.31439208984375,244.60000610351562,245.5500030517578,240.99000549316406,241.25,40896200,232.06799926757813,240.50659942626953,222.96204986572266,0.012710666748373622,0.01899524479622987
2025-02-18,243.18507385253906,244.47000122070312,245.17999267578125,241.83999633789062,244.14999389648438,48822500,232.79249954223633,240.5429995727539,223.3327498626709,-0.0005314999164697243,0.018993701222354106
2025-02-19,243.5829620361328,244.8699951171875,246.00999450683594,243.16000366210938,244.66000366210938,32204200,233.90399932861328,240.58019958496095,223.71059982299803,0.001636167605379324,0.01711478473674101
2025-02-20,244.5379180908203,245.8300018310547,246.77999877929688,244.2899932861328,244.94000244140625,32316900,235.00399932861328,240.6359997558594,224.07459983825683,0.003920475080696484,0.017115837920396997
2025-02-21,244.25938415527344,245.5500030517578,248.69000244140625,245.22000122070312,245.9499969482422,53197400,236.0984992980957,240.6901998901367,224.38544982910156,-0.001138993520771736,0.017122578466059614
2025-02-24,245.80125427246094,247.10000610351562,248.86000061035156,244.4199981689453,244.92999267578125,51326400,237.31449966430665,240.69720001220702,224.71239982604982,0.00631237235794746,0.01699974532000097
2025-02-25,245.74156188964844,247.0399932861328,250.0,244.91000366210938,248.0,48013300,238.1734992980957,240.68259979248046,225.03559982299805,-0.0002428685386501872,0.01584640287463926
2025-02-26,239.09666442871094,240.36000061035156,244.97999572753906,239.1300048828125,244.3300018310547,44433600,238.27849960327148,240.55999969482423,225.323699798584,-0.027040126527384523,0.015284886985567082
2025-02-27,236.05274963378906,237.3000030517578,242.4600067138672,237.05999755859375,239.41000366210938,41153600,238.1754997253418,240.34679962158202,225.58734977722168,-0.012730893454915293,0.015532211744432247
2025-02-28,240.56887817382812,241.83999633789062,242.08999633789062,230.1999969482422,236.9499969482422,56833400,238.38799972534179,240.2209994506836,225.88129974365233,0.019131872009047424,0.016020899415009407
2025-03-03,236.77891540527344,238.02999877929688,244.02999877929688,236.11000061035156,241.7899932861328,47184000,238.48949966430663,239.9607995605469,226.14004974365236,-0.01575420780800274,0.016374426307131512
2025-03-04,234.68994140625,235.92999267578125,240.07000732421875,234.67999267578125,237.7100067138672,53798100,238.8854995727539,239.60979949951172,226.38254974365233,-0.00882244302938795,0.014449064937884736
2025-03-05,234.50094604492188,235.74000549316406,236.5500030517578,229.22999572753906,235.4199981689453,47227600,239.03249969482422,239.36359954833983,226.61264976501465,-0.0008052693108767661,0.013728839567946901
2025-03-06,234.09312438964844,235.3300018310547,237.86000061035156,233.16000366210938,234.44000244140625,45170400,239.1754997253418,239.07439971923827,226.84009979248046,-0.0017392197020257294,0.013731660594845693
2025-03-07,237.81346130371094,239.07000732421875,241.3699951171875,234.75999450683594,235.11000061035156,46273600,239.46800003051757,238.76599975585938,227.08609985351563,0.015892599600832114,0.014140255083822178
2025-03-10,226.28436279296875,227.47999572753906,236.16000366210938,224.22000122070312,235.5399932861328,72071200,239.46049957275392,238.21019958496095,227.26829986572267,-0.04847957184759566,0.017183443337173688
2025-03-11,219.67926025390625,220.83999633789062,225.83999633789062,217.4499969482422,223.80999755859375,76137400,239.11999969482423,237.4629992675781,227.41074981689454,-0.029189377151217277,0.018390052355046625
2025-03-12,215.8395538330078,216.97999572753906,221.75,214.91000366210938,220.13999938964844,62547500,238.3379997253418,236.62219940185548,227.5411498260498,-0.017478720677234882,0.01787498707452024
2025-03-13,208.57791137695312,209.67999267578125,216.83999633789062,208.4199981689453,215.9499969482422,61368300,236.97849960327147,235.7039993286133,227.65514976501464,-0.03364366852013578,0.01833804978071157
2025-03-14,212.36788940429688,213.49000549316406,213.9499969482422,209.5800018310547,211.25,60107600,235.57649993896484,234.92979949951172,227.77269981384276,0.01817060735629683,0.018230453448803294
2025-03-17,212.87521362304688,214.0,215.22000122070312,209.97000122070312,213.30999755859375,48073400,234.04649963378907,234.2013995361328,227.89274978637695,0.00238884488132296,0.017814511411769613
2025-03-18,211.57211303710938,212.69000244140625,215.14999389648438,211.49000549316406,214.16000366210938,42432400,232.4574996948242,233.57819946289064,228.00474983215332,-0.006121483918662407,0.017759588890169507
2025-03-19,214.1086883544922,215.24000549316406,218.75999450683594,213.75,214.22000122070312,54385400,230.97600021362305,233.01579956054687,228.12449989318847,0.011989294383784266,0.018164295167734653
2025-03-20,212.97471618652344,214.10000610351562,217.49000549316406,212.22000122070312,213.99000549316406,48862900,229.3895004272461,232.39779968261718,228.23374992370606,-0.0052964103352275416,0.01800842349960929
2025-03-21,217.12277221679688,218.27000427246094,218.83999633789062,211.27999877929688,211.55999755859375,94127800,228.02550048828124,231.91899963378907,228.35494995117188,0.019476870855058115,0.018912608212893447
2025-03-24,219.56982421875,220.72999572753906,221.47999572753906,218.5800018310547,221.0,44299500,226.7069999694824,231.479599609375,228.486849899292,0.011270405492856295,0.019109804156701393
2025-03-25,222.573974609375,223.75,224.10000610351562,220.0800018310547,220.77000427246094,34493600,225.5425003051758,231.21759948730468,228.62624992370604,0.013681893403326706,0.01955795834053503
2025-03-26,220.36563110351562,221.52999877929688,225.02000427246094,220.47000122070312,223.50999450683594,34466100,224.60100021362305,230.96019958496095,228.76149993896485,-0.009921793165153625,0.01889468913198777
2025-03-27,222.6734619140625,223.85000610351562,224.99000549316406,220.55999755859375,221.38999938964844,37094800,223.92850036621093,230.77159973144532,228.89629997253417,0.010472655337889991,0.019035700156661117
2025-03-28,216.7547149658203,217.89999389648438,223.80999755859375,217.67999267578125,221.6699981689453,39818600,222.73150024414062,230.37219970703126,229.02019996643065,-0.026580353115021937,0.01901579341325505
2025-03-31,220.9624786376953,222.1300048828125,225.6199951171875,216.22999572753906,217.00999450683594,65299300,221.9365005493164,230.24959991455077,229.0951000213623,0.019412625538381745,0.019588686926630797
2025-04-01,222.0169219970703,223.19000244140625,223.67999267578125,218.89999389648438,219.80999755859375,36412700,221.29950103759765,230.11380004882812,229.14569999694825,0.0047719692760685994,0.019621570247882962
2025-04-02,222.71324157714844,223.88999938964844,225.19000244140625,221.02000427246094,221.32000732421875,35905900,220.70700073242188,230.13880004882813,229.19394996643067,0.003136327526256366,0.019660158450182923
2025-04-03,202.1220245361328,203.19000244140625,207.49000549316406,201.25,205.5399932861328,103419000,219.10000076293946,229.72600006103517,229.14744995117186,-0.09245610346452682,0.028138790446618937
2025-04-04,187.38987731933594,188.3800048828125,199.8800048828125,187.33999633789062,193.88999938964844,125910900,216.56550064086915,229.0204000854492,229.0059999847412,-0.07288743235713335,0.031187306689105042
2025-04-07,180.50625610351562,181.4600067138672,194.14999389648438,174.6199951171875,177.1999969482422,160466300,214.26450119018554,228.19400024414062,228.84185005187987,-0.036734249865053914,0.03055581964087791
2025-04-08,171.51376342773438,172.4199981689453,190.33999633789062,169.2100067138672,186.6999969482422,120859500,211.84350128173827,227.0452001953125,228.65555007934572,-0.049818186985832624,0.031542310219989135
2025-04-09,197.80487060546875,198.85000610351562,200.61000061035156,171.88999938964844,171.9499969482422,184395900,210.9370018005371,226.25700042724608,228.61235008239746,0.15328852926139658,0.048487752950120415
2025-04-10,189.41915893554688,190.4199981689453,194.77999877929688,183.0,189.07000732421875,121880000,209.9740020751953,225.27820037841798,228.52375007629394,-0.04239380274487847,0.04881461482792783
2025-04-11,197.10853576660156,198.14999389648438,199.5399932861328,186.05999755859375,186.10000610351562,87435900,209.20700149536134,224.48940032958984,228.46915000915527,0.0405944533235465,0.0495948508434975
2025-04-14,201.45556640625,202.52000427246094,212.94000244140625,201.16000366210938,211.44000244140625,101352900,208.63300170898438,223.81980041503905,228.4155000305176,0.022054052538903912,0.04989272394783139
2025-04-15,201.07754516601562,202.13999938964844,203.50999450683594,199.8000030517578,201.86000061035156,51343900,208.1055015563965,223.3024005126953,228.35569999694823,-0.0018763819612667154,0.04988151828700356
2025-04-16,193.24891662597656,194.27000427246094,200.6999969482422,192.3699951171875,198.36000061035156,59732400,207.05700149536133,222.53180053710938,228.2739500427246,-0.038933388448355366,0.05045890269071207
2025-04-17,195.94467163085938,196.97999572753906,198.8300018310547,194.4199981689453,197.1999969482422,52164700,206.2010009765625,221.82200042724608,228.1751000213623,0.013949613401343264,0.0506148904612822
2025-04-21,192.14474487304688,193.16000366210938,193.8000030517578,189.80999755859375,193.27000427246094,46742500,204.94550094604492,221.0208004760742,228.03955001831054,-0.019392791899099593,0.050453428441307076
2025-04-22,198.690185546875,199.74000549316406,201.58999633789062,195.97000122070312,196.1199951171875,52976400,203.89600143432617,220.46300048828124,227.93050003051758,0.03406503264808869,0.05109179430670647
2025-04-23,203.52462768554688,204.60000610351562,208.0,202.8000030517578,206.0,52929200,202.93850173950196,220.00200073242186,227.8218000793457,0.024331633507028716,0.05133824779279387
2025-04-24,207.2748260498047,208.3699951171875,208.8300018310547,202.94000244140625,204.88999938964844,47311000,202.28050155639647,219.51700073242188,227.72455001831054,0.018426143212158408,0.05153518293219997
2025-04-25,208.18002319335938,209.27999877929688,209.75,206.1999969482422,206.3699951171875,38222300,201.55200119018554,218.96520080566407,227.6275500488281,0.0043672490446504675,0.05147653109197572
2025-04-28,209.03550720214844,210.13999938964844,211.5,207.4600067138672,210.0,38743100,201.16400146484375,218.3374008178711,227.51335006713867,0.0041093301575299,0.051165921437261924
2025-04-29,210.09988403320312,211.2100067138672,212.24000549316406,208.3699951171875,208.69000244140625,36827600,200.61800155639648,217.66960083007814,227.4315500640869,0.005091878401668248,0.050970960701689
2025-04-30,211.3831024169922,212.5,213.5800018310547,206.6699981689453,209.3000030517578,52286500,200.08350143432617,217.03020080566407,227.34135009765626,0.006107633374967891,0.05098023031254518
2025-05-01,212.19879150390625,213.32000732421875,214.55999755859375,208.89999389648438,209.0800018310547,57365700,199.55500183105468,216.39920104980467,227.23595016479493,0.0038588579963234615,0.05098375700872461
2025-05-02,204.2706756591797,205.35000610351562,206.99000549316406,202.16000366210938,206.08999633789062,101010600,199.66300201416016,215.5896011352539,227.0886001586914,-0.0373617145464924,0.0471376012891398
2025-05-05,197.84463500976562,198.88999938964844,204.10000610351562,198.2100067138672,203.10000610351562,69018500,200.18850173950196,214.65640106201172,226.9386501312256,-0.03145851727226512,0.044532994796006115
2025-05-06,197.4666290283203,198.50999450683594,200.64999389648438,197.02000427246094,198.2100067138672,51216500,201.0410011291504,213.68460083007812,226.81030014038086,-0.0019106284075551816,0.04354216771566685
2025-05-07,195.21852111816406,196.25,199.44000244140625,193.25,199.1699981689453,68536700,202.2325012207031,212.66880096435546,226.6700001525879,-0.011384789528862349,0.041791949975025264
2025-05-08,196.45199584960938,197.49000549316406,200.0500030517578,194.67999267578125,197.72000122070312,50478900,202.16450119018555,211.81140106201173,226.53765014648437,0.006318499328224592,0.023826351310890375
2025-05-09,197.4865264892578,198.52999877929688,200.5399932861328,197.5399932861328,199.0,36453900,202.57000122070312,211.0360009765625,226.40525016784667,0.0052660552797889615,0.021655169316499703
2025-05-12,209.95706176757812,210.7899932861328,211.27000427246094,206.75,210.97000122070312,63775800,203.20200119018554,210.41500091552734,226.36650016784668,0.06175386381009962,0.024012520126466142
2025-05-13,212.08859252929688,212.92999267578125,213.39999389648438,209.0,210.42999267578125,51909300,203.72250061035157,209.91300079345703,226.34370010375977,0.010152281691776288,0.023670125951975225
2025-05-14,211.490966796875,212.3300018310547,213.94000244140625,210.5800018310547,212.42999267578125,49325800,204.23200073242188,209.4410009765625,226.3155500793457,-0.0028177845553216674,0.02368079397901096
2025-05-15,210.6144561767578,211.4499969482422,212.9600067138672,209.5399932861328,210.9499969482422,45029500,205.09100036621095,208.95520080566405,226.2816000366211,-0.004144515024837148,0.02165026060455534
2025-05-16,210.42520141601562,211.25999450683594,212.57000732421875,209.77000427246094,212.36000061035156,54737900,205.80500030517578,208.4738006591797,226.2438999938965,-0.0008985691376138805,0.021562356376877437
2025-05-19,207.9550018310547,208.77999877929688,209.47999572753906,204.25999450683594,207.91000366210938,46140500,206.58600006103515,207.86800048828124,226.1773999786377,-0.011739069355408915,0.021195283937615546
2025-05-20,206.04258728027344,206.86000061035156,208.47000122070312,205.02999877929688,207.6699981689453,42496600,206.94199981689454,207.4556005859375,226.1198999786377,-0.009196274452396014,0.020159164921775784
2025-05-21,201.2914276123047,202.08999633789062,207.0399932861328,200.7100067138672,205.1699981689453,59211800,206.81649932861328,207.0806005859375,226.0310499572754,-0.02305909435553888,0.020174320877354972
2025-05-22,200.56430053710938,201.36000061035156,202.75,199.6999969482422,200.7100067138672,46742400,206.46599960327148,206.76820068359376,225.99149993896484,-0.003612230891026025,0.01968639303386383
2025-05-23,194.49839782714844,195.27000427246094,197.6999969482422,193.4600067138672,193.6699981689453,78432900,205.7654998779297,206.48000091552734,225.93169998168946,-0.03024432021966106,0.020639143842072927
2025-05-27,199.4188690185547,200.2100067138672,200.74000549316406,197.42999267578125,198.3000030517578,56288500,205.2690002441406,206.2144009399414,225.8836499786377,0.025298316860348224,0.021560523418547674
2025-05-28,199.62803649902344,200.4199981689453,202.72999572753906,199.89999389648438,200.58999633789062,45339700,204.72949981689453,205.94280090332032,225.81919998168945,0.0010488559414427723,0.0215074546947023
2025-05-29,199.15989685058594,199.9499969482422,203.80999755859375,198.50999450683594,203.5800018310547,51396800,204.10199966430665,205.68800079345704,225.73774993896484,-0.0023450814539321962,0.02141430012858295
2025-05-30,200.0563507080078,200.85000610351562,201.9600067138672,196.77999877929688,199.3699951171875,70819900,203.47849960327147,205.40020080566407,225.65434997558594,0.0045011711378339925,0.021425328587798016
2025-06-02,200.90298461914062,201.6999969482422,202.1300048828125,200.1199951171875,200.27999877929688,35423300,203.2959991455078,205.15220062255858,225.55649993896483,0.0042319682295079986,0.01985419456176811
2025-06-03,202.46676635742188,203.27000427246094,203.77000427246094,200.9600067138672,201.35000610351562,46381600,203.51499938964844,204.8522006225586,225.46424995422365,0.0077838738124602624,0.018552095266436357
2025-06-04,202.0185546875,202.82000732421875,206.24000549316406,202.10000610351562,202.91000366210938,43604000,203.7305000305176,204.49400085449219,225.3547499847412,-0.00221378923984783,0.01855493732282762
2025-06-05,199.83721923828125,200.6300048828125,204.75,200.14999389648438,203.5,55126100,203.9495002746582,204.03160095214844,225.22764999389648,-0.010797763348392997,0.01853437687279513
2025-06-06,203.11419677734375,203.9199981689453,205.6999969482422,202.0500030517578,203.0,46607700,204.27099990844727,203.67940093994142,225.11779998779298,0.0163983113495636,0.018813981693565747
2025-06-09,200.6539764404297,201.4499969482422,206.0,200.02000427246094,204.38999938964844,72862600,204.41699981689453,203.23140075683594,224.9925,-0.012112599268742419,0.019043850762058886
2025-06-10,201.86912536621094,202.6699981689453,204.35000610351562,200.57000732421875,200.60000610351562,54672600,204.01100006103516,202.92680084228516,224.8738500213623,0.0060560994747325125,0.01268838678205189
2025-06-11,197.9945068359375,198.77999877929688,204.5,198.41000366210938,203.5,60989900,203.30350036621093,202.45980072021484,224.7451000213623,-0.019193760422328232,0.012917787777833116
2025-06-12,198.41285705566406,199.1999969482422,199.67999267578125,197.36000061035156,199.0800018310547,43904600,202.64700012207032,201.98000061035157,224.60690002441407,0.002112879422097258,0.01297545769142615
2025-06-13,195.67372131347656,196.4499969482422,200.3699951171875,195.6999969482422,199.72999572753906,51447300,201.89700012207032,201.43120056152344,224.45325004577637,-0.013805221095031128,0.013194118504266935
2025-06-16,197.6359405517578,198.4199981689453,198.69000244140625,196.55999755859375,197.3000030517578,43020700,201.25500030517577,201.3358004760742,224.3052000427246,0.010028003315378786,0.013533257750039517
2025-06-17,194.86691284179688,195.63999938964844,198.38999938964844,195.2100067138672,197.1999969482422,38856200,200.59800033569337,201.48100036621094,224.15095001220703,-0.014010678383989505,0.013619341201205346
2025-06-18,195.80319213867188,196.5800018310547,197.57000732421875,195.07000732421875,195.94000244140625,45394700,200.08400039672853,201.7834002685547,223.98490005493164,0.004804755900321256,0.013652348525609979
2025-06-20,200.2057342529297,201.0,201.6999969482422,196.86000061035156,198.24000549316406,96813500,200.02950057983398,202.3550003051758,223.84490005493163,0.022484475164182616,0.013832116856300918
2025-06-23,200.7037811279297,201.5,202.3000030517578,198.9600067138672,201.6300048828125,55814300,200.0365005493164,202.40800018310546,223.73855003356934,0.0024875621890547706,0.013819682552153824
2025-06-24,199.50851440429688,200.3000030517578,203.44000244140625,200.1999969482422,202.58999633789062,54064000,200.28800048828126,202.6056002807617,223.63580001831053,-0.005955319842392948,0.011951291656524192
2025-06-25,200.76353454589844,201.55999755859375,203.6699981689453,200.6199951171875,201.4499969482422,39525700,200.3555000305176,202.6738003540039,223.53169998168946,0.0062905366332437485,0.010628363415031872
2025-06-26,200.2057342529297,201.0,202.63999938964844,199.4600067138672,201.42999267578125,50799100,200.3845001220703,202.6434002685547,223.43259994506835,-0.002778316954637594,0.0106503018439656
2025-06-27,200.28543090820312,201.0800018310547,203.22000122070312,200.0,201.88999938964844,73188600,200.44100036621094,202.6222003173828,223.33344993591308,0.00039801905997349785,0.0106334730249847
2025-06-30,204.35926818847656,205.1699981689453,207.38999938964844,199.25999450683594,202.00999450683594,91912800,200.65699996948243,202.8402001953125,223.25874992370606,0.020340144721736175,0.011513454909287658
2025-07-01,206.99879455566406,207.82000732421875,210.19000244140625,206.13999938964844,206.6699981689453,78788900,200.96300048828124,203.0570004272461,223.1845499420166,0.012916163079025322,0.011796962228719262
2025-07-02,211.6005401611328,212.44000244140625,213.33999633789062,208.13999938964844,208.91000366210938,67941800,201.4215003967285,203.44260040283203,223.13289993286133,0.022230752354752248,0.012612144531765306
2025-07-03,212.70616149902344,213.5500030517578,214.64999389648438,211.80999755859375,212.14999389648438,34955800,201.95800018310547,203.71880035400392,223.0881499481201,0.005225007520218483,0.012582172114820423
2025-07-07,209.120361328125,209.9499969482422,216.22999572753906,208.8000030517578,212.67999267578125,50229000,202.42399978637695,203.82580017089845,223.05629989624023,-0.016857907057220234,0.012989595078044997
2025-07-08,209.18014526367188,210.00999450683594,211.42999267578125,208.4499969482422,210.10000610351562,42848900,202.72849960327147,203.85860015869142,223.02239990234375,0.00028577070476720756,0.012565370609333692
2025-07-09,210.30567932128906,211.13999938964844,211.3300018310547,207.22000122070312,209.52999877929688,48749400,203.2129997253418,203.89580017089844,222.97464988708495,0.005380719548448543,0.012167002481976129
2025-07-10,211.57064819335938,212.41000366210938,213.47999572753906,210.02999877929688,210.50999450683594,44443600,203.7,203.94120025634766,222.89234992980957,0.0060149866256142825,0.012166359630737703
2025-07-11,210.32559204101562,211.16000366210938,212.1300048828125,209.86000061035156,210.57000732421875,39765800,204.31900024414062,203.9402001953125,222.80714996337892,-0.005884845244805148,0.011251543005951284
2025-07-14,207.79562377929688,208.6199951171875,210.91000366210938,207.5399932861328,209.92999267578125,38840100,204.79000015258788,203.86260009765624,222.71789993286131,-0.012028833590031152,0.011749224642142146
2025-07-15,208.28370666503906,209.11000061035156,211.88999938964844,208.9199981689453,209.22000122070312,42296300,205.42300033569336,203.77839996337892,222.62659996032716,0.0023487944810314243,0.011116343072376342
2025-07-16,209.32955932617188,210.16000366210938,212.39999389648438,208.63999938964844,210.3000030517578,47490500,206.01000061035157,203.87459991455077,222.54555000305174,0.005021295245053015,0.011010020365935617
2025-07-17,209.19009399414062,210.02000427246094,211.8000030517578,209.58999633789062,210.57000732421875,48068100,206.7290008544922,204.09720001220703,222.45805000305177,-0.0006661562010320532,0.010311162729050357
2025-07-18,210.3455047607422,211.17999267578125,211.7899932861328,209.6999969482422,210.8699951171875,48974600,207.45900039672853,204.35059997558594,222.375,0.005523228167424676,0.010316820401264477
2025-07-21,211.64036560058594,212.47999572753906,215.77999877929688,211.6300048828125,212.10000610351562,51377400,208.03300018310546,204.67519989013672,222.2723999786377,0.006155900638530998,0.009347513634115942
2025-07-22,213.55279541015625,214.39999389648438,214.9499969482422,212.22999572753906,213.13999938964844,46404100,208.6779998779297,205.01339965820313,222.21334991455078,0.00903613614246912,0.00944930726275885
2025-07-23,213.3037872314453,214.14999389648438,215.14999389648438,212.41000366210938,215.0,46989300,209.37049942016603,205.32579956054687,222.15019989013672,-0.0011660448093142595,0.009265314952090608
2025-07-24,212.91529846191406,213.75999450683594,215.69000244140625,213.52999877929688,213.89999389648438,46022600,209.98049926757812,205.38519958496093,222.09064987182617,-0.0018211505989440546,0.00930906825465303
2025-07-25,213.03485107421875,213.8800048828125,215.24000549316406,213.39999389648438,214.6999969482422,40268800,210.62449951171874,205.40419982910157,222.02604988098145,0.0005614258002459849,0.009229886452876644
2025-07-28,213.20419311523438,214.0500030517578,214.85000610351562,213.05999755859375,214.02999877929688,37858000,211.27299957275392,205.43859985351563,221.9878498840332,0.0007948296477664485,0.009224082604793304
2025-07-29,210.43516540527344,211.27000427246094,214.80999755859375,210.82000732421875,214.17999267578125,51411700,211.5779998779297,205.435,221.9153498840332,-0.012987613826964783,0.008965847451592988
2025-07-30,208.2239227294922,209.0500030517578,212.38999938964844,207.72000122070312,211.89999389648438,45512500,211.63949966430664,205.39080017089844,221.81289993286134,-0.010507886476113892,0.008926487476736522
2025-07-31,206.74978637695312,207.57000732421875,209.83999633789062,207.16000366210938,208.49000549316406,80698400,211.39599990844727,205.36660034179687,221.70555000305177,-0.007079625476841711,0.007421296799511278
2025-08-01,201.58030700683594,202.3800048828125,213.5800018310547,201.5,210.8699951171875,104434500,210.8375,205.2770004272461,221.57970001220704,-0.025003624118486445,0.008974101575100632
2025-08-04,202.5464630126953,203.35000610351562,207.8800048828125,201.67999267578125,204.50999450683594,75109300,210.50750045776368,205.3022006225586,221.4399500274658,0.004792969647692269,0.008460409729546389
2025-08-05,202.11814880371094,202.9199981689453,205.33999633789062,202.16000366210938,203.39999389648438,44155100,210.15300064086915,205.33340057373047,221.28529998779297,-0.002114619727876521,0.00844984468257703
2025-08-06,212.4073486328125,213.25,215.3800048828125,205.58999633789062,205.6300048828125,108483100,210.2585006713867,205.69300048828126,221.19264999389648,0.05090677076812433,0.014452496338828717
2025-08-07,219.16053771972656,220.02999877929688,220.85000610351562,216.5800018310547,218.8800048828125,90224800,210.6395004272461,206.08940032958984,221.13205001831054,0.03179366367782821,0.016025279671458764
2025-08-08,228.4437255859375,229.35000610351562,231.0,219.25,220.8300018310547,113854000,211.54900054931642,206.66800048828125,221.10380004882813,0.04235789381413979,0.01826820821407344
2025-08-11,226.53909301757812,227.17999267578125,229.55999755859375,224.75999450683594,227.9199981689453,61806100,212.47700042724608,207.21260040283204,221.05730003356933,-0.009461579986856261,0.018156140256124068
2025-08-12,229.0021209716797,229.64999389648438,230.8000030517578,227.07000732421875,228.00999450683594,55626200,213.50400009155274,207.7886001586914,221.02625,0.010872441677679756,0.01820483238097462
2025-08-13,232.6717529296875,233.3300018310547,235.0,230.42999267578125,231.07000732421875,69878500,214.6625,208.42120025634765,221.0391000366211,0.01602441991019199,0.018375725287558712
2025-08-14,232.123291015625,232.77999877929688,235.1199951171875,230.85000610351562,234.05999755859375,51916300,215.8004997253418,209.01140014648436,221.0501499938965,-0.0023571895917441354,0.018408969496894457
2025-08-15,230.9366455078125,231.58999633789062,234.27999877929688,229.33999633789062,234.0,56038700,216.82099990844728,209.5867999267578,221.05104995727538,-0.005112133549474374,0.018555692626169455
2025-08-18,230.23863220214844,230.88999938964844,233.1199951171875,230.11000061035156,231.6999969482422,37476200,217.74150009155272,210.19199981689454,221.0384999847412,-0.0030225698834628334,0.018633322764925155
2025-08-19,229.90956115722656,230.55999755859375,232.8699951171875,229.35000610351562,231.27999877929688,39402600,218.54950027465821,210.7247998046875,221.02294998168946,-0.001429259958971918,0.018641014375881552
2025-08-20,225.3723907470703,226.00999450683594,230.47000122070312,225.77000427246094,229.97999572753906,42263900,219.1425003051758,211.21599975585937,221.00249992370607,-0.019734572779050663,0.019350387285221638
2025-08-21,224.26553344726562,224.89999389648438,226.52000427246094,223.77999877929688,226.27000427246094,30621200,219.6995002746582,211.66059967041016,220.99744987487793,-0.004911289931109564,0.019402114420410697
2025-08-22,227.11746215820312,227.75999450683594,229.08999633789062,225.41000366210938,226.1699981689453,42477800,220.39349975585938,212.24019958496095,221.02169982910155,0.012716766064777785,0.01952098525752537
2025-08-25,226.51914978027344,227.16000366210938,229.3000030517578,226.22999572753906,226.47999572753906,30983100,221.04899978637695,212.7993997192383,221.04744987487794,-0.0026343118159346535,0.01955941701653408
2025-08-26,228.6630859375,229.30999755859375,229.49000549316406,224.69000244140625,226.8699951171875,54575100,221.95099945068358,213.45659973144532,221.0767498779297,0.009464667467088184,0.019225597443875475
2025-08-27,229.8397674560547,230.49000549316406,230.89999389648438,228.25999450683594,228.61000061035156,31259500,223.02299957275392,214.09799987792968,221.115599899292,0.00514590705653295,0.01890798445964664
2025-08-28,231.9039306640625,232.55999755859375,233.41000366210938,229.33999633789062,230.82000732421875,38074700,224.27249908447266,214.8363998413086,221.14099990844727,0.008980832210059075,0.018705202635979606
2025-08-29,231.485107421875,232.13999938964844,233.3800048828125,231.3699951171875,232.50999450683594,39418400,225.76049880981446,215.54759979248047,221.16689987182616,-0.00180597769760249,0.017361376500204764
2025-09-02,229.0719451904297,229.72000122070312,230.85000610351562,226.97000122070312,229.25,44075600,227.07899856567383,216.12199981689454,221.19434989929198,-0.010424735828844955,0.017792401583637
2025-09-03,237.79725646972656,238.47000122070312,238.85000610351562,234.36000061035156,237.2100067138672,66427800,228.85649871826172,216.86139984130858,221.2655499267578,0.038089848308826335,0.01902461693199913
2025-09-04,239.10354614257812,239.77999877929688,239.89999389648438,236.74000549316406,238.4499969482422,47549400,230.18299865722656,217.65099975585937,221.33884994506835,0.005493343195739575,0.016163233438180633
2025-09-05,239.0137939453125,239.69000244140625,241.32000732421875,238.49000549316406,240.0,54870400,231.16599884033204,218.41359985351562,221.39619995117187,-0.00037532879451496193,0.015021896676632089
2025-09-08,237.2089080810547,237.8800048828125,240.14999389648438,236.33999633789062,239.3000030517578,48999500,231.59249877929688,219.15119995117186,221.46059997558595,-0.007551410322323426,0.012278275107895541
2025-09-09,233.68887329101562,234.35000610351562,238.77999877929688,233.36000061035156,237.0,66313900,231.95099945068358,219.81660003662108,221.49224998474122,-0.014839409394815983,0.012594952510847808
2025-09-10,226.1501922607422,226.7899932861328,232.4199981689453,225.9499969482422,232.19000244140625,83440800,231.80799942016603,220.24899993896486,221.48479995727538,-0.03225949486019408,0.014480545401396547
2025-09-11,229.3810577392578,230.02999877929688,230.4499969482422,226.64999389648438,226.8800048828125,50208600,231.64299926757812,220.6931997680664,221.48994995117187,0.014286368839370622,0.014380858497366266
2025-09-12,233.40966796875,234.07000732421875,234.50999450683594,229.02000427246094,229.22000122070312,55824200,231.7074996948242,221.12579986572266,221.51769996643065,0.017562963814985233,0.014933000037387562
2025-09-15,236.0322265625,236.6999969482422,238.19000244140625,235.02999877929688,237.0,42699500,231.9629997253418,221.58879974365234,221.55184997558592,0.011235910376080627,0.015063294393531115
2025-09-16,237.4781494140625,238.14999389648438,241.22000122070312,236.32000732421875,237.17999267578125,63421100,232.32599945068358,222.1527996826172,221.5782499694824,0.0061258849469238985,0.015067242631076411
2025-09-17,238.3157958984375,238.99000549316406,240.10000610351562,237.72999572753906,238.97000122070312,46508000,232.74749984741212,222.73239990234376,221.59790000915527,0.0035272375318422533,0.015054567918938477
2025-09-18,237.2089080810547,237.8800048828125,241.1999969482422,236.64999389648438,239.97000122070312,44249600,233.34100036621095,223.26720001220704,221.61265007019043,-0.0046445482440198305,0.01427071086463767
2025-09-19,244.8074188232422,245.5,246.3000030517578,240.2100067138672,241.22999572753906,163741300,234.37100067138672,223.92899993896484,221.65350006103515,0.03203293660995743,0.015571015152670628
2025-09-22,255.35755920410156,256.0799865722656,256.6400146484375,248.1199951171875,248.3000030517578,105517400,235.7870002746582,224.82739959716798,221.73595001220704,0.04309566831880085,0.017744165906502428
2025-09-23,253.71221923828125,254.42999267578125,257.3399963378906,253.5800018310547,255.8800048828125,60275200,237.1504997253418,225.74359954833983,221.7948500061035,-0.006443275472520216,0.01786205073377733
2025-09-24,251.59820556640625,252.30999755859375,255.74000549316406,251.0399932861328,255.22000122070312,42303700,238.3004997253418,226.6075994873047,221.8413500213623,-0.008332331793480807,0.018113242856116693
2025-09-25,256.14532470703125,256.8699951171875,257.1700134277344,251.7100067138672,253.2100067138672,55202100,239.61949920654297,227.54179931640624,221.91050003051757,0.018072995928489766,0.018349888423639327
2025-09-26,254.73931884765625,255.4600067138672,257.6000061035156,253.77999877929688,254.10000610351562,46076300,240.76449966430664,228.45059936523438,221.97360008239747,-0.005489112898051984,0.018493910081630587
2025-09-29,253.71221923828125,254.42999267578125,255.0,253.00999450683594,254.55999755859375,40127700,241.87899932861328,229.31559936523436,222.01200004577638,-0.004031997224675621,0.018542822638890677
2025-09-30,253.9116668701172,254.6300048828125,255.9199981689453,253.11000061035156,254.86000061035156,37704300,243.12449951171874,230.15859954833985,222.04630004882813,0.0007861188255666729,0.018226495033561666
2025-10-01,254.72933959960938,255.4499969482422,258.7900085449219,254.92999267578125,255.0399932861328,48713900,243.9734992980957,230.979599609375,222.09110000610352,0.003220327729275496,0.016513866317119295
2025-10-02,256.40460205078125,257.1300048828125,258.17999267578125,254.14999389648438,256.5799865722656,42630200,244.84099960327148,231.83919982910157,222.13694999694823,0.00657666061710982,0.01652226890017732
2025-10-03,257.2920837402344,258.0199890136719,259.239990234375,253.9499969482422,254.6699981689453,49155600,245.75749893188475,232.72439971923828,222.18639991760253,0.0034612223931820285,0.016495595442682264
2025-10-06,255.96583557128906,256.69000244140625,259.07000732421875,255.0500030517578,257.989990234375,44664100,246.69799880981446,233.58059967041015,222.21464996337892,-0.005154587353288997,0.016417156405648017
2025-10-07,255.75645446777344,256.4800109863281,257.3999938964844,255.42999267578125,256.80999755859375,31955800,247.80449905395508,234.42919982910155,222.22965003967286,-0.0008180741481198517,0.015863057535191773
2025-10-08,257.3320007324219,258.05999755859375,258.5199890136719,256.1099853515625,256.5199890136719,36496900,249.3679992675781,235.3649996948242,222.27970001220703,0.006160271773966164,0.01327440770298495
2025-10-09,253.32330322265625,254.0399932861328,258.0,253.13999938964844,257.80999755859375,38322000,250.56849899291993,236.26479949951172,222.30095001220704,-0.015577789314472068,0.014018542506456696
2025-10-10,244.57806396484375,245.27000427246094,256.3800048828125,244.0,254.94000244140625,61999100,251.12849884033204,237.01879943847655,222.2548500061035,-0.034522080166306646,0.016237566330340264
2025-10-13,246.96133422851562,247.66000366210938,249.69000244140625,245.55999755859375,249.3800048828125,38142900,251.6764991760254,237.9243994140625,222.21680000305176,0.009744360696440912,0.016198536101927723
2025-10-14,247.07101440429688,247.77000427246094,248.85000610351562,244.6999969482422,246.60000610351562,35478000,252.15749969482422,238.8127993774414,222.1646499633789,0.0004441597703503941,0.016179370357188968
2025-10-15,248.63658142089844,249.33999633789062,251.82000732421875,247.47000122070312,249.49000549316406,33893600,252.67499923706055,239.74119934082032,222.11625,0.0063364896410271765,0.016204538569415252
2025-10-16,246.75192260742188,247.4499969482422,249.0399932861328,245.1300048828125,248.25,39777000,253.15349884033202,240.42519927978515,222.07555000305175,-0.007580008893106838,0.01628333588817356
2025-10-17,251.5782470703125,252.2899932861328,253.3800048828125,247.27000427246094,248.02000427246094,49147000,253.49299850463868,241.07039916992187,222.0759999847412,0.019559492412937862,0.0152847444716851
2025-10-20,261.50018310546875,262.239990234375,264.3800048828125,255.6300048828125,255.88999938964844,90483000,253.80099868774414,241.72819885253907,222.13509994506836,0.03943873008454002,0.01477398866582028
2025-10-21,262.0286560058594,262.7699890136719,265.2900085449219,261.8299865722656,261.8800048828125,46695900,254.21799850463867,242.43999877929687,222.22969985961913,0.002021044840732289,0.014661530524788628
2025-10-22,257.72088623046875,258.45001220703125,262.8500061035156,255.42999267578125,262.6499938964844,45015300,254.52499923706054,243.0159991455078,222.30514991760253,-0.016440145325788524,0.01506064154040039
2025-10-23,258.84765625,259.5799865722656,260.6199951171875,258.010009765625,259.94000244140625,32754900,254.66049880981444,243.54099884033204,222.37804985046387,0.004372119604812541,0.014561375479791654
2025-10-24,262.0785827636719,262.82000732421875,264.1300048828125,259.17999267578125,261.19000244140625,38253700,255.02849884033202,244.14179901123046,222.48109985351562,0.012481781799657865,0.01471783694446719
2025-10-27,268.0516662597656,268.80999755859375,269.1199951171875,264.6499938964844,264.8800048828125,44888200,255.74749908447265,244.88619903564452,222.6116498565674,0.02279122619072771,0.015391618367650333
2025-10-28,268.2411193847656,269.0,269.8900146484375,268.1499938964844,268.989990234375,41534800,256.465998840332,245.64839904785157,222.7723998260498,0.0007068280314419528,0.015392192243173024
2025-10-29,268.93914794921875,269.70001220703125,271.4100036621094,267.1099853515625,269.2799987792969,51086700,257.17849960327146,246.4311993408203,222.94889991760255,0.0026022758625696696,0.015392053497982271
2025-10-30,270.63433837890625,271.3999938964844,274.1400146484375,268.4800109863281,271.989990234375,69886500,257.8919990539551,247.33899932861328,223.13949989318849,0.006303231785351748,0.015388671757400081
2025-10-31,269.6072692871094,270.3699951171875,277.32000732421875,269.1600036621094,276.989990234375,86167100,258.50949935913087,248.24839935302734,223.30199989318848,-0.0037951319176879883,0.01545805670586266
2025-11-03,268.29095458984375,269.04998779296875,270.8500061035156,266.25,270.4200134277344,50194600,259.127498626709,249.07419921875,223.50594985961914,-0.0048822256465500535,0.01545111966575968
2025-11-04,269.2781982421875,270.0400085449219,271.489990234375,267.6199951171875,268.3299865722656,49274800,259.80549850463865,249.93179931640626,223.70624992370605,0.003679690752169673,0.015433506513277432
2025-11-05,269.3779296875,270.1400146484375,271.70001220703125,266.92999267578125,268.6099853515625,43683100,260.40949935913085,250.7483996582031,223.94375,0.00037033809935982376,0.015419326361312257
2025-11-06,269.0089416503906,269.7699890136719,273.3999938964844,267.8900146484375,267.8900146484375,51204000,261.1959991455078,251.53399932861328,224.17344993591308,-0.001369754996301431,0.014864646047689707
2025-11-07,267.7126159667969,268.4700012207031,272.2900085449219,266.7699890136719,269.79998779296875,48227400,262.3559989929199,252.25219940185548,224.39749992370605,-0.004818874767062664,0.01214081958130138
2025-11-10,268.93035888671875,269.42999267578125,273.7300109863281,267.4599914550781,268.9599914550781,41312400,263.4444984436035,252.99799926757814,224.63074989318847,0.003575786682732396,0.012081415262333098
2025-11-11,274.73956298828125,275.25,275.9100036621094,269.79998779296875,269.80999755859375,46208300,264.8184982299805,253.90859924316408,224.85769989013673,0.021601185771556786,0.012640293157820004
2025-11-12,272.9628601074219,273.4700012207031,275.7300109863281,271.70001220703125,275.0,48398000,266.0249984741211,254.60859924316406,225.03374992370607,-0.006466843884820661,0.012908937720623737
2025-11-13,272.44384765625,272.95001220703125,276.70001220703125,272.0899963378906,274.1099853515625,49602800,267.29999923706055,255.27199951171875,225.20169998168944,-0.0019014480979659965,0.012684958730830928
2025-11-14,271.9048156738281,272.4100036621094,275.9599914550781,269.6000061035156,271.04998779296875,47431300,268.3059997558594,255.9263995361328,225.37580001831054,-0.0019784155368063328,0.012291231653821668
2025-11-17,266.9639892578125,267.4599914550781,270.489990234375,265.7300109863281,268.82000732421875,45018300,268.5669998168945,256.51799926757815,225.53309997558594,-0.018171183658773127,0.010079375995812188
2025-11-18,266.9440612792969,267.44000244140625,270.7099914550781,265.32000732421875,269.989990234375,45677300,268.8005004882813,257.17979919433594,225.73025001525878,-7.473646268785217e-05,0.010079469295353935
2025-11-19,268.06195068359375,268.55999755859375,272.2099914550781,265.5,265.5299987792969,40424500,269.3059997558594,258.0151992797852,225.90904998779297,0.004187836924032684,0.009227999964686708
2025-11-20,265.7562561035156,266.25,275.42999267578125,265.9200134277344,270.8299865722656,45823600,269.6395004272461,258.7395993041992,226.07794998168944,-0.008601420835542606,0.009501498749917656
2025-11-21,270.98651123046875,271.489990234375,273.3299865722656,265.6700134277344,265.95001220703125,59030800,270.07299957275393,259.48799896240234,226.2692999267578,0.019680714495305063,0.010066477462052456
2025-11-24,275.4083251953125,275.9200134277344,277.0,270.8999938964844,270.8999938964844,65585800,270.4285003662109,260.2723992919922,226.51074996948242,0.0163174457722548,0.00943598007724005
2025-11-25,276.4563903808594,276.9700012207031,280.3800048828125,275.25,275.2699890136719,46914200,270.8270004272461,261.0487994384766,226.7573500061035,0.003805406428931457,0.009450320863559942
2025-11-26,277.0352783203125,277.54998779296875,279.5299987792969,276.6300048828125,276.9599914550781,33431400,271.219499206543,261.81999908447267,226.98199996948242,0.0020940411225383038,0.009447892909478109
2025-11-28,278.3328857421875,278.8500061035156,279.0,275.989990234375,277.260009765625,20135600,271.59199981689454,262.6393991088867,227.19190002441405,0.004683906927485104,0.00941123094261381
2025-12-01,282.57501220703125,283.1000061035156,283.4200134277344,276.1400146484375,278.010009765625,46587700,272.22850036621094,263.391399230957,227.39975006103515,0.015241168753721723,0.009812572057956137
2025-12-02,285.6592712402344,286.19000244140625,287.3999938964844,282.6300048828125,283.0,53669500,273.0855010986328,263.99359954833983,227.60770004272462,0.010914857899228636,0.009835655876463649
2025-12-03,283.623046875,284.1499938964844,288.6199951171875,283.29998779296875,286.20001220703125,43538700,273.79100036621094,264.5879995727539,227.80610000610352,-0.00712816145749029,0.010097766943692065
2025-12-04,280.179443359375,280.70001220703125,284.7300109863281,278.5899963378906,284.1000061035156,43989100,274.3190002441406,265.15579986572266,227.98525009155273,-0.012141410394363561,0.010617254849119328
2025-12-05,278.26300048828125,278.7799987792969,281.1400146484375,278.04998779296875,280.5400085449219,47265800,274.7695007324219,265.5939999389648,228.15000007629394,-0.00684009028940924,0.01077714642416059
2025-12-08,277.3746643066406,277.8900146484375,279.6700134277344,276.1499938964844,278.1300048828125,38211800,275.2405014038086,266.04260009765625,228.31170013427734,-0.00319242461710445,0.010731414608195933
2025-12-09,276.66595458984375,277.17999267578125,280.0299987792969,276.9200134277344,278.1600036621094,32193300,275.6280014038086,266.49760009765623,228.46210006713866,-0.002555046727945598,0.010764938617716555
2025-12-10,278.26300048828125,278.7799987792969,279.75,276.44000244140625,277.75,33038300,275.80450134277345,266.98059997558596,228.6208000946045,0.00577244442526248,0.009740399917979247
2025-12-11,277.514404296875,278.0299987792969,279.5899963378906,273.80999755859375,279.1000061035156,33248000,276.0325012207031,267.43220001220703,228.80915008544923,-0.0026902934331158868,0.009630497582922202
2025-12-12,277.7639465332031,278.2799987792969,279.2200012207031,276.82000732421875,277.8999938964844,39532900,276.2990005493164,267.8551998901367,229.01405006408692,0.0008991835452922814,0.00960839667173539
2025-12-15,273.6016540527344,274.1099853515625,280.1499938964844,272.8399963378906,280.1499938964844,50409100,276.3839996337891,268.1769998168945,229.17540000915528,-0.014984955605960026,0.010240746539244115
2025-12-16,274.1007385253906,274.6099853515625,275.5,271.7900085449219,272.82000732421875,37648600,276.74149932861326,268.5353994750977,229.3582999420166,0.0018240853187405648,0.009265949508093424
2025-12-17,271.33587646484375,271.8399963378906,276.1600036621094,271.6400146484375,275.010009765625,50138700,276.9614990234375,268.8425991821289,229.53784996032715,-0.010086993049891024,0.009611599542893527
2025-12-18,271.68524169921875,272.19000244140625,273.6300048828125,266.95001220703125,273.6099853515625,51630700,277.14299926757815,269.12519927978514,229.72009994506837,0.001287544541755281,0.00958057757365161
2025-12-19,273.1625061035156,273.6700134277344,274.6000061035156,269.8999938964844,272.1499938964844,144632000,277.51399993896484,269.5177996826172,229.91180000305175,0.005437418615868328,0.009374132807704874
2025-12-22,270.4674987792969,270.9700012207031,273.8800048828125,270.510009765625,272.8599853515625,36571800,277.4880004882813,270.031799621582,230.07129997253418,-0.009865941003960987,0.008644136373728895
2025-12-23,271.85491943359375,272.3599853515625,272.5,269.55999755859375,270.8399963378906,29642000,277.3099990844727,270.5257992553711,230.2956999206543,0.005129660569795913,0.007854417322194945
2025-12-24,273.3022155761719,273.80999755859375,275.42999267578125,272.20001220703125,272.3399963378906,17910600,277.15199890136716,271.0465991210938,230.5605499267578,0.005323881205087977,0.007906609836486896
2025-12-26,272.8929748535156,273.3999938964844,275.3699951171875,272.8599853515625,274.1600036621094,21521800,276.94449920654296,271.5277990722656,230.84264991760253,-0.0014974020881820538,0.007884297944269108
2025-12-29,273.2523498535156,273.760009765625,274.3599853515625,272.3500061035156,272.69000244140625,23715200,276.68999938964845,272.05399932861326,231.16305000305175,0.0013168100847762432,0.007798236502608521
2025-12-30,272.5735778808594,273.0799865722656,274.0799865722656,272.2799987792969,272.80999755859375,22139600,276.1889984130859,272.46979919433596,231.46099990844726,-0.0024840121606569676,0.0068132661283517365
2025-12-31,271.3558349609375,271.8599853515625,273.67999267578125,271.75,273.05999755859375,27293600,275.4724975585938,272.6621990966797,231.75029983520508,-0.004467559984957958,0.006139964702497421
